CustomerID,Gender,SeniorCitizen,tenure,PhoneService,InternetService,Contract,PaymentMethod,MonthlyCharges,TotalCharges,Churn
CUST-00001,Male,0,17,No,Fiber optic,Month-to-month,Credit card (automatic),108.81,1617.08,No
CUST-00002,Male,0,47,Yes,Fiber optic,Month-to-month,Mailed check,88.84,3884.2,Yes
CUST-00003,Male,1,53,No,Fiber optic,One year,Electronic check,25.14,1180.23,No
CUST-00004,Male,1,66,No,No,Month-to-month,Mailed check,69.31,4298.52,Yes
CUST-00005,Female,1,1,Yes,DSL,Two year,Electronic check,53.85,46.02,No
CUST-00006,Female,0,57,Yes,No,Two year,Mailed check,80.96,4075.76,No
CUST-00007,Female,0,58,No,DSL,Month-to-month,Mailed check,84.62,4552.3,No
CUST-00008,Male,0,32,No,DSL,One year,Mailed check,114.64,3545.37,Yes
CUST-00009,Male,0,44,Yes,No,Two year,Electronic check,63.18,2733.8,No
CUST-00010,Female,0,71,Yes,Fiber optic,One year,Credit card (automatic),22.94,1550.36,No
CUST-00011,Female,0,20,Yes,DSL,Two year,Electronic check,76.14,1521.73,No
CUST-00012,Female,1,54,Yes,DSL,Two year,Mailed check,32.82,1652.25,No
CUST-00013,Female,1,9,No,DSL,One year,Credit card (automatic),67.96,540.2,No
CUST-00014,Male,0,25,No,No,Two year,Credit card (automatic),81.12,1921.58,No
CUST-00015,Female,0,55,Yes,Fiber optic,Two year,Electronic check,55.97,2835.71,No
CUST-00016,Male,0,32,No,DSL,One year,Mailed check,67.56,2108.19,No
CUST-00017,Male,0,58,No,No,One year,Credit card (automatic),68.17,3654.93,No
CUST-00018,Male,1,10,No,Fiber optic,Month-to-month,Credit card (automatic),73.57,700.51,No
CUST-00019,Female,0,25,No,Fiber optic,Two year,Mailed check,95.86,2355.77,No
CUST-00020,Male,0,24,Yes,Fiber optic,One year,Electronic check,55.14,1293.04,No
CUST-00021,Male,1,43,Yes,No,Two year,Mailed check,98.95,3991.72,No
CUST-00022,Female,0,57,Yes,No,Month-to-month,Mailed check,92.08,4625.29,Yes
CUST-00023,Female,0,39,No,Fiber optic,Two year,Electronic check,41.39,1433.93,No
CUST-00024,Female,0,2,No,No,One year,Electronic check,72.4,139.95,Yes
CUST-00025,Male,0,27,No,Fiber optic,Two year,Mailed check,87.84,2099.5,No
CUST-00026,Female,0,24,No,Fiber optic,Two year,Bank transfer (automatic),55.9,1148.97,No
CUST-00027,Male,0,61,No,No,One year,Bank transfer (automatic),50.13,2772.64,No
CUST-00028,Female,1,44,Yes,No,Two year,Electronic check,59.43,2564.5,No
CUST-00029,Female,1,15,Yes,Fiber optic,Two year,Bank transfer (automatic),25.08,342.61,No
CUST-00030,Male,0,44,No,Fiber optic,Two year,Electronic check,39.37,1493.04,No
CUST-00031,Male,0,49,Yes,DSL,Two year,Bank transfer (automatic),80.08,3748.74,No
CUST-00032,Female,1,58,Yes,Fiber optic,Two year,Credit card (automatic),52.81,2756.25,No
CUST-00033,Male,0,35,Yes,No,Two year,Mailed check,97.48,2992.49,Yes
CUST-00034,Male,1,52,No,No,One year,Credit card (automatic),57.72,2573.82,No
CUST-00035,Male,0,37,No,Fiber optic,Two year,Electronic check,30.8,1077.96,No
CUST-00036,Male,1,18,Yes,DSL,One year,Electronic check,100.2,1638.66,No
CUST-00037,Male,0,3,Yes,DSL,Month-to-month,Mailed check,80.07,228.96,Yes
CUST-00038,Male,1,43,Yes,Fiber optic,One year,Bank transfer (automatic),103.14,4173.35,No
CUST-00039,Male,1,72,No,Fiber optic,One year,Credit card (automatic),68.51,4887.24,No
CUST-00040,Male,0,57,Yes,DSL,Two year,Mailed check,89.78,4846.76,No
CUST-00041,Female,0,59,Yes,No,One year,Credit card (automatic),68.33,3656.33,No
CUST-00042,Female,0,50,No,Fiber optic,Month-to-month,Bank transfer (automatic),67.94,3125.88,No
CUST-00043,Male,0,17,No,Fiber optic,Two year,Electronic check,23.01,367.98,No
CUST-00044,Male,0,49,No,Fiber optic,Month-to-month,Mailed check,104.05,4675.44,No
CUST-00045,Female,0,70,No,No,One year,Bank transfer (automatic),72.09,4926.08,No
CUST-00046,Male,0,11,Yes,No,One year,Mailed check,118.69,1167.92,No
CUST-00047,Female,0,7,No,DSL,Two year,Bank transfer (automatic),88.7,601.34,No
CUST-00048,Female,0,47,Yes,No,One year,Mailed check,50.02,2119.46,No
CUST-00049,Male,1,59,No,DSL,One year,Bank transfer (automatic),102.72,5299.69,No
CUST-00050,Female,0,16,Yes,DSL,Two year,Mailed check,113.16,1642.67,Yes
CUST-00051,Male,0,67,No,Fiber optic,One year,Credit card (automatic),114.96,7250.94,No
CUST-00052,Male,0,61,No,Fiber optic,One year,Electronic check,55.82,2948.57,No
CUST-00053,Male,1,39,No,DSL,One year,Credit card (automatic),97.32,3687.26,No
CUST-00054,Female,0,24,No,DSL,Two year,Credit card (automatic),60.63,1396.43,No
CUST-00055,Male,0,27,No,DSL,Month-to-month,Credit card (automatic),99.11,2322.49,Yes
CUST-00056,Female,1,39,No,DSL,One year,Credit card (automatic),22.72,786.78,No
CUST-00057,Female,0,51,No,DSL,One year,Mailed check,49.69,2520.42,No
CUST-00058,Male,0,60,Yes,No,Month-to-month,Electronic check,58.03,2984.81,No
CUST-00059,Male,0,33,Yes,Fiber optic,Two year,Mailed check,111.79,3226.2,Yes
CUST-00060,Female,1,42,Yes,DSL,Month-to-month,Credit card (automatic),22.59,896.55,No
CUST-00061,Female,0,28,No,DSL,Month-to-month,Mailed check,38.81,1051.74,Yes
CUST-00062,Female,1,42,No,DSL,One year,Credit card (automatic),71.4,2669.03,No
CUST-00063,Male,0,62,Yes,DSL,Two year,Mailed check,64.91,3974.43,No
CUST-00064,Female,0,40,No,Fiber optic,One year,Credit card (automatic),110.45,3768.5,No
CUST-00065,Female,0,54,No,Fiber optic,One year,Electronic check,106.88,5526.77,No
CUST-00066,Female,0,28,Yes,No,Month-to-month,Electronic check,27.78,696.97,No
CUST-00067,Female,0,18,No,No,One year,Bank transfer (automatic),41.2,700.95,No
CUST-00068,Female,1,8,Yes,Fiber optic,Month-to-month,Mailed check,42.04,324.18,Yes
CUST-00069,Male,0,7,No,No,One year,Bank transfer (automatic),27.61,181.73,No
CUST-00070,Male,0,28,No,DSL,Month-to-month,Bank transfer (automatic),53.97,1469.29,Yes
CUST-00071,Male,0,1,No,Fiber optic,Two year,Credit card (automatic),69.65,69.54,No
CUST-00072,Male,0,33,Yes,Fiber optic,Month-to-month,Mailed check,97.46,2957.21,Yes
CUST-00073,Female,1,34,No,DSL,Two year,Mailed check,25.18,772.1,No
CUST-00074,Male,0,52,No,No,Month-to-month,Electronic check,81.68,4031.94,No
CUST-00075,Male,0,57,No,Fiber optic,One year,Mailed check,35.55,1794.86,Yes
CUST-00076,Male,0,33,No,No,One year,Mailed check,47.15,1517.19,Yes
CUST-00077,Female,0,22,No,No,Month-to-month,Electronic check,97.96,2068.27,Yes
CUST-00078,Male,0,2,Yes,Fiber optic,One year,Mailed check,108.05,194.78,Yes
CUST-00079,Male,0,24,No,No,Two year,Mailed check,94.6,1984.01,No
CUST-00080,Female,0,49,No,Fiber optic,One year,Bank transfer (automatic),101.9,4909.3,No
CUST-00081,Male,0,70,Yes,DSL,Two year,Credit card (automatic),89.14,6084.71,No
CUST-00082,Female,1,11,Yes,No,Month-to-month,Bank transfer (automatic),117.11,1192.48,Yes
CUST-00083,Female,0,62,Yes,No,Month-to-month,Bank transfer (automatic),38.01,2310.34,No
CUST-00084,Female,1,47,Yes,Fiber optic,Month-to-month,Credit card (automatic),83.12,3665.51,No
CUST-00085,Female,0,54,Yes,DSL,One year,Bank transfer (automatic),35.74,1732.93,No
CUST-00086,Female,0,69,Yes,No,One year,Electronic check,100.72,6436.35,No
CUST-00087,Male,0,17,No,Fiber optic,Two year,Electronic check,23.46,359.42,No
CUST-00088,Female,0,60,No,Fiber optic,Two year,Electronic check,118.09,6243.82,Yes
CUST-00089,Female,0,22,No,DSL,One year,Mailed check,24.14,475.15,No
CUST-00090,Male,0,62,Yes,DSL,Two year,Electronic check,28.07,1620.63,No
CUST-00091,Male,1,51,No,DSL,Month-to-month,Mailed check,68.83,3078.46,No
CUST-00092,Male,1,51,Yes,Fiber optic,One year,Electronic check,61.51,2864.23,No
CUST-00093,Male,0,44,Yes,No,Month-to-month,Credit card (automatic),62.03,2375.26,No
CUST-00094,Male,0,1,Yes,Fiber optic,Month-to-month,Electronic check,27.52,24.99,Yes
CUST-00095,Female,1,8,No,DSL,Month-to-month,Electronic check,103.91,767.97,Yes
CUST-00096,Male,0,4,No,Fiber optic,Month-to-month,Credit card (automatic),100.28,349.88,No
CUST-00097,Female,0,17,No,DSL,Month-to-month,Mailed check,105.13,1599.74,No
CUST-00098,Male,1,7,No,No,Month-to-month,Credit card (automatic),99.07,595.84,Yes
CUST-00099,Female,0,10,Yes,No,Two year,Mailed check,45.56,424.39,Yes
CUST-00100,Male,0,61,Yes,Fiber optic,Two year,Bank transfer (automatic),82.07,4964.23,No
CUST-00101,Female,0,51,No,Fiber optic,Month-to-month,Bank transfer (automatic),47.14,2273.49,No
CUST-00102,Female,0,29,No,No,One year,Electronic check,100.56,2577.19,No
CUST-00103,Female,0,28,Yes,DSL,Month-to-month,Electronic check,94.23,2615.32,Yes
CUST-00104,Male,0,37,No,No,Month-to-month,Electronic check,51.58,1683.45,Yes
CUST-00105,Male,1,4,No,Fiber optic,Two year,Mailed check,98.75,386.03,Yes
CUST-00106,Female,0,58,Yes,Fiber optic,One year,Bank transfer (automatic),54.72,3084.47,No
CUST-00107,Male,0,44,Yes,Fiber optic,Month-to-month,Mailed check,28.07,1137.1,No
CUST-00108,Male,0,12,Yes,No,Two year,Mailed check,67.47,804.52,No
CUST-00109,Male,1,71,Yes,DSL,Month-to-month,Bank transfer (automatic),113.32,7856.14,No
CUST-00110,Male,1,65,No,No,Month-to-month,Bank transfer (automatic),22.07,1284.9,No
CUST-00111,Female,0,17,Yes,No,One year,Credit card (automatic),29.28,433.07,No
CUST-00112,Female,0,59,Yes,Fiber optic,Two year,Electronic check,119.92,6969.47,No
CUST-00113,Male,1,62,Yes,Fiber optic,Month-to-month,Credit card (automatic),40.2,2362.84,Yes
CUST-00114,Female,0,68,No,Fiber optic,Two year,Credit card (automatic),84.48,5119.13,No
CUST-00115,Female,0,40,Yes,Fiber optic,Month-to-month,Bank transfer (automatic),62.77,2348.58,Yes
CUST-00116,Female,1,59,Yes,No,Month-to-month,Bank transfer (automatic),64.43,3447.75,No
CUST-00117,Male,0,12,No,No,Two year,Bank transfer (automatic),58.8,695.07,Yes
CUST-00118,Male,1,34,Yes,Fiber optic,Month-to-month,Electronic check,87.64,2540.38,No
CUST-00119,Male,0,49,No,Fiber optic,Two year,Electronic check,92.84,4297.48,No
CUST-00120,Female,0,44,Yes,DSL,One year,Mailed check,91.77,3685.71,No
CUST-00121,Male,1,12,Yes,No,Two year,Bank transfer (automatic),59.35,704.09,No
CUST-00122,Male,0,42,Yes,Fiber optic,Two year,Electronic check,91.96,3705.42,No
CUST-00123,Female,0,34,No,Fiber optic,Month-to-month,Mailed check,113.11,3427.0,No
CUST-00124,Male,0,67,No,DSL,Two year,Electronic check,69.88,4411.96,No
CUST-00125,Female,0,13,Yes,DSL,One year,Bank transfer (automatic),90.38,1080.43,No
CUST-00126,Male,1,37,Yes,No,Two year,Credit card (automatic),69.98,2251.55,No
CUST-00127,Female,0,4,No,No,One year,Credit card (automatic),80.4,319.18,No
CUST-00128,Female,0,72,No,Fiber optic,Month-to-month,Electronic check,51.22,3281.15,No
CUST-00129,Male,1,14,No,Fiber optic,Month-to-month,Mailed check,106.16,1305.05,No
CUST-00130,Female,0,1,No,Fiber optic,Month-to-month,Bank transfer (automatic),45.61,39.48,Yes
CUST-00131,Female,0,17,No,No,One year,Mailed check,50.34,835.86,No
CUST-00132,Male,0,62,No,Fiber optic,Month-to-month,Electronic check,57.07,3252.46,No
CUST-00133,Male,0,4,No,Fiber optic,Two year,Credit card (automatic),91.17,355.6,Yes
CUST-00134,Female,0,68,Yes,DSL,Two year,Bank transfer (automatic),115.5,7246.92,No
CUST-00135,Male,0,16,No,No,Two year,Mailed check,37.88,554.78,No
CUST-00136,Male,1,17,Yes,No,One year,Mailed check,112.02,1722.18,No
CUST-00137,Female,0,32,No,DSL,Month-to-month,Bank transfer (automatic),50.92,1504.1,No
CUST-00138,Male,0,14,No,DSL,One year,Electronic check,84.47,1107.85,Yes
CUST-00139,Female,0,22,No,No,Two year,Electronic check,102.83,2094.78,No
CUST-00140,Female,1,13,Yes,Fiber optic,Two year,Electronic check,33.47,400.83,No
CUST-00141,Male,1,25,No,Fiber optic,One year,Bank transfer (automatic),102.76,2415.47,No
CUST-00142,Male,0,2,Yes,Fiber optic,One year,Bank transfer (automatic),111.21,189.12,No
CUST-00143,Male,1,50,No,Fiber optic,One year,Electronic check,52.58,2529.96,Yes
CUST-00144,Male,0,54,Yes,No,One year,Mailed check,84.0,4233.29,No
CUST-00145,Male,0,54,Yes,No,One year,Bank transfer (automatic),37.84,1863.77,No
CUST-00146,Male,1,1,Yes,No,Month-to-month,Electronic check,89.9,76.42,Yes
CUST-00147,Male,0,21,Yes,Fiber optic,One year,Credit card (automatic),98.6,1963.65,No
CUST-00148,Male,0,70,Yes,No,Month-to-month,Electronic check,26.25,1772.34,No
CUST-00149,Female,0,49,No,No,Two year,Credit card (automatic),114.48,5097.58,No
CUST-00150,Female,0,58,Yes,No,Month-to-month,Electronic check,20.26,1136.06,No
CUST-00151,Male,0,20,Yes,No,Two year,Bank transfer (automatic),86.22,1571.51,No
CUST-00152,Female,0,72,No,Fiber optic,One year,Mailed check,78.26,5546.53,No
CUST-00153,Male,0,7,No,No,Two year,Electronic check,80.94,547.14,No
CUST-00154,Male,0,59,No,No,Two year,Bank transfer (automatic),104.52,5379.05,No
CUST-00155,Female,0,56,Yes,DSL,Month-to-month,Electronic check,28.16,1482.31,No
CUST-00156,Male,0,53,Yes,Fiber optic,Two year,Mailed check,28.63,1453.56,No
CUST-00157,Male,0,21,No,Fiber optic,One year,Bank transfer (automatic),85.21,1571.22,No
CUST-00158,Male,0,10,No,No,Two year,Electronic check,76.24,718.48,No
CUST-00159,Male,1,35,Yes,No,One year,Credit card (automatic),78.69,2358.76,Yes
CUST-00160,Female,0,45,Yes,DSL,Two year,Credit card (automatic),93.5,4106.7,No
CUST-00161,Female,0,46,Yes,No,Two year,Electronic check,65.68,2577.45,No
CUST-00162,Male,0,58,No,No,Two year,Bank transfer (automatic),52.15,2637.63,No
CUST-00163,Male,0,65,Yes,Fiber optic,One year,Credit card (automatic),22.45,1390.86,No
CUST-00164,Male,0,17,No,Fiber optic,Two year,Electronic check,98.04,1511.72,No
CUST-00165,Male,1,1,No,DSL,Two year,Electronic check,33.54,33.09,No
CUST-00166,Female,1,55,Yes,Fiber optic,One year,Bank transfer (automatic),25.06,1365.64,No
CUST-00167,Male,0,63,No,Fiber optic,Two year,Credit card (automatic),48.88,2795.98,No
CUST-00168,Female,0,13,No,No,Month-to-month,Electronic check,105.87,1309.07,Yes
CUST-00169,Male,0,11,Yes,DSL,One year,Bank transfer (automatic),70.49,754.45,No
CUST-00170,Female,0,41,Yes,Fiber optic,Month-to-month,Electronic check,98.1,3758.86,No
CUST-00171,Female,0,65,No,DSL,Two year,Mailed check,104.9,6182.48,No
CUST-00172,Male,1,72,No,Fiber optic,One year,Credit card (automatic),52.38,3422.98,No
CUST-00173,Female,0,68,Yes,DSL,Two year,Credit card (automatic),36.78,2276.27,No
CUST-00174,Female,0,23,Yes,Fiber optic,Month-to-month,Electronic check,54.34,1111.31,No
CUST-00175,Female,0,18,No,DSL,One year,Bank transfer (automatic),78.5,1335.73,No
CUST-00176,Male,0,40,No,DSL,One year,Electronic check,57.19,2057.33,No
CUST-00177,Male,0,14,No,Fiber optic,One year,Bank transfer (automatic),105.28,1368.37,No
CUST-00178,Male,0,42,Yes,No,Two year,Bank transfer (automatic),76.38,2805.46,No
CUST-00179,Female,0,10,Yes,No,Month-to-month,Bank transfer (automatic),81.6,768.82,No
CUST-00180,Male,1,49,Yes,Fiber optic,Month-to-month,Electronic check,64.15,3041.4,No
CUST-00181,Female,0,67,No,No,Two year,Electronic check,53.18,3111.58,No
CUST-00182,Female,1,33,Yes,No,One year,Credit card (automatic),119.88,3484.58,No
CUST-00183,Female,1,11,No,Fiber optic,Two year,Credit card (automatic),59.1,624.48,No
CUST-00184,Female,0,68,Yes,No,Two year,Bank transfer (automatic),87.39,5532.19,No
CUST-00185,Male,0,5,No,DSL,Month-to-month,Credit card (automatic),84.02,358.83,Yes
CUST-00186,Female,0,63,No,No,One year,Bank transfer (automatic),49.92,2739.23,No
CUST-00187,Male,1,42,Yes,DSL,One year,Credit card (automatic),57.43,2365.38,No
CUST-00188,Male,0,67,No,DSL,Month-to-month,Credit card (automatic),44.18,2900.93,Yes
CUST-00189,Female,0,34,Yes,Fiber optic,Month-to-month,Mailed check,52.78,1718.29,Yes
CUST-00190,Male,1,64,No,DSL,One year,Bank transfer (automatic),27.76,1537.23,No
CUST-00191,Male,1,37,Yes,DSL,One year,Electronic check,79.69,2733.73,No
CUST-00192,Male,0,60,No,DSL,Month-to-month,Electronic check,45.64,2698.46,Yes
CUST-00193,Female,1,50,Yes,DSL,Two year,Credit card (automatic),43.24,1933.94,No
CUST-00194,Female,0,27,No,DSL,Two year,Credit card (automatic),44.56,1088.82,No
CUST-00195,Female,0,20,No,DSL,Month-to-month,Bank transfer (automatic),29.46,564.55,No
CUST-00196,Female,0,26,No,DSL,One year,Mailed check,86.85,2232.02,No
CUST-00197,Female,0,19,Yes,Fiber optic,One year,Electronic check,102.19,1939.19,No
CUST-00198,Female,0,47,Yes,DSL,Month-to-month,Bank transfer (automatic),100.28,4640.05,Yes
CUST-00199,Male,1,1,No,No,Two year,Electronic check,46.63,44.22,No
CUST-00200,Female,0,35,Yes,Fiber optic,Month-to-month,Mailed check,25.15,813.15,No
CUST-00201,Male,0,52,Yes,No,One year,Bank transfer (automatic),43.99,2071.53,No
CUST-00202,Male,0,39,No,Fiber optic,Two year,Credit card (automatic),72.99,2585.95,No
CUST-00203,Male,1,26,No,DSL,Two year,Mailed check,110.74,2448.78,No
CUST-00204,Male,0,2,No,Fiber optic,Two year,Bank transfer (automatic),50.4,92.57,No
CUST-00205,Male,1,53,No,No,Month-to-month,Bank transfer (automatic),87.94,4235.53,No
CUST-00206,Female,0,18,Yes,DSL,One year,Credit card (automatic),36.38,573.24,No
CUST-00207,Female,0,9,Yes,Fiber optic,One year,Mailed check,77.42,682.92,No
CUST-00208,Female,0,11,Yes,DSL,Month-to-month,Bank transfer (automatic),96.18,1025.76,Yes
CUST-00209,Female,0,14,No,DSL,Two year,Credit card (automatic),33.36,407.1,No
CUST-00210,Male,0,37,No,DSL,Two year,Mailed check,112.99,3740.38,No
CUST-00211,Male,0,30,Yes,DSL,Month-to-month,Mailed check,89.13,2583.25,Yes
CUST-00212,Female,0,70,No,No,One year,Mailed check,85.93,5258.2,No
CUST-00213,Female,0,43,No,Fiber optic,Month-to-month,Mailed check,43.03,1617.65,Yes
CUST-00214,Female,0,67,No,Fiber optic,Month-to-month,Bank transfer (automatic),47.48,3054.83,No
CUST-00215,Male,0,28,No,DSL,Two year,Bank transfer (automatic),57.6,1589.84,Yes
CUST-00216,Male,1,51,Yes,DSL,Two year,Electronic check,44.6,2250.68,No
CUST-00217,Female,0,55,No,DSL,Two year,Bank transfer (automatic),66.99,3531.93,No
CUST-00218,Female,1,38,No,DSL,Two year,Mailed check,52.13,1861.55,No
CUST-00219,Female,0,39,Yes,DSL,Two year,Mailed check,39.42,1422.64,No
CUST-00220,Male,0,68,No,DSL,Month-to-month,Mailed check,105.41,6304.29,No
CUST-00221,Female,0,28,No,DSL,Two year,Mailed check,53.79,1504.85,No
CUST-00222,Male,0,36,Yes,Fiber optic,Two year,Electronic check,49.93,1574.17,No
CUST-00223,Male,0,57,No,DSL,One year,Credit card (automatic),87.54,4632.31,No
CUST-00224,Female,0,21,Yes,Fiber optic,One year,Credit card (automatic),89.41,1768.79,No
CUST-00225,Male,0,71,No,No,Month-to-month,Bank transfer (automatic),101.9,6939.07,No
CUST-00226,Female,0,11,Yes,No,Two year,Bank transfer (automatic),93.14,994.82,No
CUST-00227,Male,0,44,No,DSL,Two year,Bank transfer (automatic),76.14,3029.25,No
CUST-00228,Male,1,25,No,No,Month-to-month,Mailed check,21.4,493.43,No
CUST-00229,Male,0,59,No,No,One year,Credit card (automatic),48.51,2741.49,No
CUST-00230,Female,0,49,Yes,Fiber optic,Month-to-month,Bank transfer (automatic),106.94,4486.54,No
CUST-00231,Female,0,23,Yes,No,Two year,Electronic check,53.29,1065.75,No
CUST-00232,Male,0,48,No,No,Two year,Electronic check,55.51,2428.87,No
CUST-00233,Female,0,54,No,No,One year,Credit card (automatic),109.63,5482.59,No
CUST-00234,Male,0,62,No,DSL,One year,Bank transfer (automatic),23.54,1284.43,No
CUST-00235,Male,0,4,No,No,Two year,Mailed check,63.02,224.5,No
CUST-00236,Male,1,29,Yes,Fiber optic,Month-to-month,Bank transfer (automatic),49.84,1241.27,No
CUST-00237,Female,0,25,Yes,No,Month-to-month,Bank transfer (automatic),99.49,2130.21,Yes
CUST-00238,Male,0,31,No,DSL,Two year,Bank transfer (automatic),92.66,2850.14,No
CUST-00239,Male,1,36,No,No,Two year,Credit card (automatic),78.65,2526.34,No
CUST-00240,Male,0,38,No,No,Two year,Credit card (automatic),48.18,1695.25,No
CUST-00241,Male,0,59,Yes,Fiber optic,Two year,Electronic check,72.42,4102.64,No
CUST-00242,Male,0,48,No,Fiber optic,One year,Electronic check,59.17,2686.86,No
CUST-00243,Male,1,4,Yes,No,Two year,Electronic check,47.95,179.84,No
CUST-00244,Male,0,38,No,Fiber optic,Month-to-month,Electronic check,111.75,3719.71,Yes
CUST-00245,Female,0,11,Yes,DSL,Month-to-month,Bank transfer (automatic),33.01,311.86,Yes
CUST-00246,Female,0,2,Yes,Fiber optic,One year,Bank transfer (automatic),41.7,75.45,No
CUST-00247,Female,0,56,No,No,One year,Electronic check,64.49,3508.44,No
CUST-00248,Female,0,10,No,Fiber optic,Month-to-month,Bank transfer (automatic),53.21,453.96,Yes
CUST-00249,Male,0,9,Yes,DSL,Month-to-month,Mailed check,54.28,432.12,Yes
CUST-00250,Male,0,23,Yes,Fiber optic,Month-to-month,Credit card (automatic),106.5,2255.09,Yes
CUST-00251,Male,0,51,No,DSL,Month-to-month,Electronic check,30.5,1522.14,No
CUST-00252,Female,0,28,Yes,DSL,One year,Bank transfer (automatic),32.15,859.52,No
CUST-00253,Female,0,19,Yes,Fiber optic,Month-to-month,Credit card (automatic),52.19,847.6,No
CUST-00254,Female,0,5,Yes,Fiber optic,Month-to-month,Credit card (automatic),93.97,429.57,No
CUST-00255,Male,0,2,Yes,No,Month-to-month,Electronic check,112.28,210.49,Yes
CUST-00256,Male,1,4,Yes,No,One year,Electronic check,101.13,380.93,No
CUST-00257,Male,0,67,No,No,Month-to-month,Mailed check,72.08,4726.22,No
CUST-00258,Male,0,34,No,Fiber optic,Month-to-month,Bank transfer (automatic),83.59,2542.73,Yes
CUST-00259,Female,1,62,No,No,One year,Mailed check,44.28,2719.35,No
CUST-00260,Male,1,5,Yes,Fiber optic,Month-to-month,Electronic check,53.43,265.23,Yes
CUST-00261,Female,1,55,No,No,Month-to-month,Electronic check,69.27,3522.79,No
CUST-00262,Male,0,64,No,DSL,Month-to-month,Electronic check,20.3,1239.01,Yes
CUST-00263,Male,0,25,Yes,No,Two year,Mailed check,94.24,2036.91,No
CUST-00264,Male,0,50,No,DSL,Month-to-month,Credit card (automatic),28.39,1357.85,No
CUST-00265,Female,0,15,No,No,Two year,Bank transfer (automatic),87.92,1196.42,No
CUST-00266,Male,0,12,Yes,No,One year,Electronic check,105.09,1075.68,No
CUST-00267,Female,0,51,Yes,DSL,Two year,Credit card (automatic),109.82,4942.46,No
CUST-00268,Female,1,6,Yes,No,Two year,Bank transfer (automatic),59.11,338.82,No
CUST-00269,Male,0,3,Yes,DSL,One year,Bank transfer (automatic),72.61,186.02,Yes
CUST-00270,Male,0,47,No,Fiber optic,One year,Mailed check,24.8,1114.84,No
CUST-00271,Male,0,10,Yes,Fiber optic,One year,Bank transfer (automatic),78.5,755.42,No
CUST-00272,Male,1,7,No,DSL,Month-to-month,Credit card (automatic),57.18,382.2,No
CUST-00273,Male,1,65,No,No,Two year,Electronic check,30.96,1981.69,No
CUST-00274,Female,0,31,Yes,Fiber optic,One year,Electronic check,33.39,1026.63,No
CUST-00275,Male,0,43,Yes,Fiber optic,One year,Credit card (automatic),57.13,2445.18,No
CUST-00276,Male,0,14,No,DSL,One year,Mailed check,53.24,683.4,No
CUST-00277,Male,0,72,No,Fiber optic,Two year,Mailed check,59.37,4215.13,No
CUST-00278,Female,0,57,No,DSL,One year,Credit card (automatic),105.03,5881.18,No
CUST-00279,Male,0,34,No,DSL,One year,Mailed check,86.14,2920.4,No
CUST-00280,Male,0,22,No,No,Two year,Electronic check,25.67,526.25,No
CUST-00281,Male,0,15,Yes,Fiber optic,Month-to-month,Electronic check,20.31,287.93,No
CUST-00282,Female,1,2,No,DSL,Month-to-month,Credit card (automatic),79.73,150.24,No
CUST-00283,Female,0,11,Yes,Fiber optic,One year,Credit card (automatic),76.25,775.68,No
CUST-00284,Male,0,52,No,No,Month-to-month,Bank transfer (automatic),91.75,4366.06,No
CUST-00285,Male,0,56,No,DSL,One year,Mailed check,30.47,1537.52,No
CUST-00286,Female,0,67,Yes,No,Two year,Mailed check,84.97,5566.12,No
CUST-00287,Male,0,50,No,Fiber optic,Two year,Bank transfer (automatic),74.09,3597.98,No
CUST-00288,Female,1,9,Yes,No,One year,Mailed check,73.22,577.55,No
CUST-00289,Female,0,33,No,No,One year,Bank transfer (automatic),42.39,1339.3,No
CUST-00290,Female,0,8,No,Fiber optic,Two year,Electronic check,71.21,521.69,No
CUST-00291,Male,0,68,Yes,Fiber optic,Month-to-month,Electronic check,91.53,5900.94,Yes
CUST-00292,Male,0,63,No,No,Two year,Mailed check,73.72,4502.36,No
CUST-00293,Male,1,41,No,Fiber optic,Two year,Electronic check,26.94,1100.65,No
CUST-00294,Female,1,67,No,No,Two year,Electronic check,113.14,6908.26,No
CUST-00295,Female,1,65,No,No,Two year,Credit card (automatic),87.77,5453.18,No
CUST-00296,Male,0,72,No,No,Month-to-month,Mailed check,101.8,6505.62,No
CUST-00297,Male,0,30,No,Fiber optic,One year,Electronic check,108.13,3025.2,No
CUST-00298,Female,0,67,Yes,No,Two year,Electronic check,31.98,1904.02,No
CUST-00299,Male,0,43,No,No,Two year,Credit card (automatic),118.82,4483.36,No
CUST-00300,Male,0,62,No,No,Month-to-month,Electronic check,21.67,1321.78,No
CUST-00301,Male,0,67,No,Fiber optic,Two year,Credit card (automatic),62.48,3572.6,No
CUST-00302,Female,0,68,Yes,No,Month-to-month,Mailed check,34.9,2370.28,No
CUST-00303,Female,0,64,No,DSL,Month-to-month,Mailed check,76.01,4213.79,No
CUST-00304,Female,0,29,Yes,Fiber optic,One year,Bank transfer (automatic),72.64,1832.56,No
CUST-00305,Female,0,58,No,Fiber optic,Two year,Credit card (automatic),64.65,3374.51,Yes
CUST-00306,Male,1,8,Yes,Fiber optic,Two year,Credit card (automatic),85.23,619.7,No
CUST-00307,Male,1,61,Yes,DSL,Month-to-month,Bank transfer (automatic),48.08,2930.72,No
CUST-00308,Male,0,56,Yes,Fiber optic,Two year,Bank transfer (automatic),61.57,2964.03,No
CUST-00309,Female,1,10,No,DSL,One year,Bank transfer (automatic),64.36,562.7,No
CUST-00310,Female,0,9,Yes,No,Month-to-month,Credit card (automatic),46.04,408.92,Yes
CUST-00311,Male,0,4,No,No,One year,Bank transfer (automatic),109.82,377.35,No
CUST-00312,Male,1,43,Yes,No,Two year,Mailed check,112.72,4595.97,No
CUST-00313,Male,0,62,No,DSL,Two year,Credit card (automatic),67.85,3782.97,Yes
CUST-00314,Male,0,15,Yes,Fiber optic,One year,Bank transfer (automatic),108.59,1494.89,No
CUST-00315,Female,0,44,No,DSL,One year,Credit card (automatic),38.08,1480.18,No
CUST-00316,Female,0,33,No,Fiber optic,One year,Bank transfer (automatic),54.1,1738.42,Yes
CUST-00317,Male,0,43,Yes,No,Two year,Bank transfer (automatic),43.69,1781.93,No
CUST-00318,Female,0,5,Yes,No,One year,Credit card (automatic),53.17,261.28,No
CUST-00319,Male,1,9,Yes,Fiber optic,Two year,Electronic check,114.49,988.46,No
CUST-00320,Female,0,19,No,No,Month-to-month,Bank transfer (automatic),106.61,1879.59,Yes
CUST-00321,Female,0,29,No,Fiber optic,Two year,Bank transfer (automatic),22.47,634.33,No
CUST-00322,Female,0,36,No,No,One year,Mailed check,26.07,884.36,No
CUST-00323,Female,0,72,No,No,One year,Credit card (automatic),83.63,5160.39,No
CUST-00324,Female,1,22,No,DSL,Month-to-month,Credit card (automatic),50.73,1083.45,Yes
CUST-00325,Male,0,44,No,DSL,One year,Electronic check,108.92,4161.74,No
CUST-00326,Male,0,11,Yes,No,One year,Credit card (automatic),43.45,444.08,No
CUST-00327,Female,0,10,No,DSL,Two year,Mailed check,76.92,751.14,No
CUST-00328,Female,1,70,Yes,No,One year,Credit card (automatic),72.27,4738.05,No
CUST-00329,Male,0,24,No,Fiber optic,Month-to-month,Mailed check,51.2,1149.45,No
CUST-00330,Female,0,57,No,No,One year,Credit card (automatic),24.24,1316.8,No
CUST-00331,Male,0,59,No,DSL,Two year,Bank transfer (automatic),80.97,4299.97,No
CUST-00332,Male,1,4,Yes,Fiber optic,Two year,Electronic check,98.51,346.11,No
CUST-00333,Male,0,17,No,Fiber optic,One year,Bank transfer (automatic),119.56,1873.48,No
CUST-00334,Female,0,24,No,DSL,Two year,Mailed check,114.86,2573.61,No
CUST-00335,Female,0,58,Yes,DSL,Two year,Electronic check,102.28,5429.29,No
CUST-00336,Female,0,39,No,Fiber optic,Month-to-month,Credit card (automatic),51.27,1865.62,Yes
CUST-00337,Male,0,47,Yes,DSL,Month-to-month,Mailed check,44.48,1994.72,No
CUST-00338,Male,0,39,No,No,Month-to-month,Bank transfer (automatic),89.81,3214.23,No
CUST-00339,Female,1,6,Yes,Fiber optic,One year,Credit card (automatic),43.25,247.93,No
CUST-00340,Male,0,24,No,Fiber optic,Two year,Mailed check,24.11,569.87,No
CUST-00341,Male,1,51,No,DSL,One year,Mailed check,107.48,5165.81,No
CUST-00342,Male,0,40,No,DSL,One year,Bank transfer (automatic),91.94,3621.2,No
CUST-00343,Female,0,58,No,DSL,Month-to-month,Credit card (automatic),96.14,5211.89,No
CUST-00344,Male,0,19,No,Fiber optic,Two year,Bank transfer (automatic),81.6,1518.72,No
CUST-00345,Male,0,44,Yes,No,One year,Mailed check,25.01,1034.75,No
CUST-00346,Male,0,16,Yes,DSL,One year,Mailed check,29.44,466.17,No
CUST-00347,Female,0,48,No,No,One year,Electronic check,82.17,3908.8,No
CUST-00348,Male,0,66,No,No,Month-to-month,Credit card (automatic),23.44,1370.09,No
CUST-00349,Male,0,54,No,DSL,Two year,Bank transfer (automatic),72.08,3354.74,No
CUST-00350,Male,0,1,Yes,Fiber optic,Month-to-month,Credit card (automatic),111.57,103.1,Yes
CUST-00351,Male,1,17,Yes,No,One year,Bank transfer (automatic),77.79,1274.54,No
CUST-00352,Male,0,49,No,No,Month-to-month,Mailed check,49.28,2230.03,No
CUST-00353,Male,1,51,Yes,DSL,One year,Mailed check,22.51,1073.97,Yes
CUST-00354,Female,0,28,No,Fiber optic,Month-to-month,Bank transfer (automatic),119.0,3040.29,No
CUST-00355,Male,1,35,Yes,DSL,Two year,Mailed check,109.49,3540.66,No
CUST-00356,Male,0,43,Yes,DSL,One year,Mailed check,40.15,1630.82,No
CUST-00357,Male,0,23,No,DSL,One year,Credit card (automatic),112.71,2466.79,No
CUST-00358,Male,1,36,Yes,DSL,One year,Credit card (automatic),75.14,2583.71,No
CUST-00359,Female,0,5,Yes,DSL,Two year,Bank transfer (automatic),104.34,513.27,No
CUST-00360,Male,1,48,No,Fiber optic,Two year,Mailed check,39.9,1656.12,Yes
CUST-00361,Female,1,47,Yes,Fiber optic,One year,Electronic check,35.52,1665.0,No
CUST-00362,Male,0,34,No,Fiber optic,Two year,Mailed check,34.44,997.78,No
CUST-00363,Female,0,70,Yes,DSL,Two year,Mailed check,24.51,1581.43,No
CUST-00364,Female,0,71,Yes,No,Month-to-month,Bank transfer (automatic),99.01,6407.07,No
CUST-00365,Male,0,33,Yes,No,Month-to-month,Credit card (automatic),72.05,2358.88,Yes
CUST-00366,Male,0,16,Yes,No,Two year,Bank transfer (automatic),112.42,1532.76,No
CUST-00367,Female,0,10,No,No,Two year,Credit card (automatic),69.43,593.64,No
CUST-00368,Male,0,18,No,No,Two year,Electronic check,88.2,1507.93,No
CUST-00369,Male,0,41,No,Fiber optic,One year,Mailed check,52.68,1916.57,No
CUST-00370,Female,0,35,Yes,DSL,Month-to-month,Bank transfer (automatic),30.11,920.33,No
CUST-00371,Female,1,17,Yes,DSL,Two year,Mailed check,32.12,476.06,No
CUST-00372,Male,1,66,No,DSL,Month-to-month,Bank transfer (automatic),116.95,6743.31,No
CUST-00373,Female,0,10,Yes,DSL,Two year,Credit card (automatic),33.17,301.25,No
CUST-00374,Male,1,22,No,No,Month-to-month,Electronic check,90.96,1766.76,No
CUST-00375,Male,0,48,Yes,No,One year,Bank transfer (automatic),82.56,3600.39,No
CUST-00376,Female,1,50,Yes,DSL,Two year,Mailed check,70.49,3048.4,No
CUST-00377,Male,0,63,No,No,Two year,Electronic check,46.38,2747.83,No
CUST-00378,Female,0,1,Yes,Fiber optic,Two year,Bank transfer (automatic),81.48,80.3,No
CUST-00379,Male,0,51,No,DSL,Two year,Mailed check,35.24,1784.47,No
CUST-00380,Male,0,16,No,No,One year,Bank transfer (automatic),115.34,1799.12,No
CUST-00381,Female,0,48,Yes,No,Two year,Electronic check,53.96,2236.95,No
CUST-00382,Male,0,32,No,DSL,One year,Bank transfer (automatic),82.69,2304.96,Yes
CUST-00383,Male,0,22,No,DSL,One year,Credit card (automatic),76.65,1448.46,No
CUST-00384,Male,0,14,No,Fiber optic,One year,Bank transfer (automatic),85.38,1059.77,No
CUST-00385,Female,0,32,No,DSL,Two year,Electronic check,30.67,887.65,No
CUST-00386,Male,0,8,Yes,DSL,Month-to-month,Mailed check,108.37,773.41,Yes
CUST-00387,Female,0,37,No,No,Month-to-month,Electronic check,62.43,2251.99,Yes
CUST-00388,Male,1,48,No,DSL,One year,Electronic check,53.58,2536.48,No
CUST-00389,Female,1,55,Yes,Fiber optic,Two year,Mailed check,25.31,1247.09,No
CUST-00390,Female,1,40,No,No,One year,Credit card (automatic),27.79,980.16,Yes
CUST-00391,Male,1,58,Yes,DSL,Two year,Credit card (automatic),36.79,1956.89,No
CUST-00392,Female,0,14,Yes,DSL,One year,Electronic check,81.6,1019.48,No
CUST-00393,Male,0,19,Yes,DSL,Month-to-month,Electronic check,108.44,1994.92,Yes
CUST-00394,Male,0,29,Yes,DSL,Two year,Bank transfer (automatic),43.55,1209.48,No
CUST-00395,Female,0,10,No,Fiber optic,Month-to-month,Credit card (automatic),63.14,575.15,No
CUST-00396,Female,0,6,Yes,DSL,Two year,Credit card (automatic),68.77,357.66,No
CUST-00397,Male,1,70,Yes,Fiber optic,One year,Credit card (automatic),110.26,6709.1,No
CUST-00398,Male,1,67,Yes,No,Two year,Bank transfer (automatic),60.07,3530.72,No
CUST-00399,Male,1,66,Yes,Fiber optic,One year,Bank transfer (automatic),73.77,4854.32,No
CUST-00400,Female,0,45,Yes,Fiber optic,One year,Credit card (automatic),106.43,4443.91,Yes
CUST-00401,Female,0,40,Yes,Fiber optic,Two year,Bank transfer (automatic),47.91,1646.32,No
CUST-00402,Male,0,57,No,No,One year,Mailed check,80.74,4053.29,No
CUST-00403,Male,1,15,No,No,One year,Credit card (automatic),31.95,445.03,No
CUST-00404,Female,0,58,Yes,Fiber optic,Month-to-month,Bank transfer (automatic),66.37,3611.63,No
CUST-00405,Male,0,14,No,Fiber optic,Month-to-month,Mailed check,84.06,1146.75,No
CUST-00406,Female,0,16,No,No,One year,Bank transfer (automatic),101.95,1580.1,No
CUST-00407,Female,0,59,No,No,One year,Electronic check,80.11,4527.4,No
CUST-00408,Female,0,44,Yes,Fiber optic,Two year,Bank transfer (automatic),116.87,4391.61,Yes
CUST-00409,Male,0,61,No,Fiber optic,Month-to-month,Mailed check,37.21,2048.99,Yes
CUST-00410,Male,0,34,Yes,Fiber optic,Two year,Mailed check,25.23,776.24,No
CUST-00411,Female,0,69,Yes,No,One year,Bank transfer (automatic),55.52,3440.54,No
CUST-00412,Male,0,57,Yes,DSL,One year,Mailed check,50.78,2679.67,No
CUST-00413,Male,1,10,Yes,Fiber optic,Month-to-month,Bank transfer (automatic),20.35,181.91,No
CUST-00414,Female,1,8,No,DSL,One year,Mailed check,115.4,906.05,Yes
CUST-00415,Male,0,58,Yes,DSL,Two year,Credit card (automatic),115.06,6112.03,No
CUST-00416,Male,0,50,No,No,Two year,Bank transfer (automatic),92.07,4596.58,No
CUST-00417,Male,0,45,No,Fiber optic,Month-to-month,Credit card (automatic),24.17,1070.29,No
CUST-00418,Male,0,17,Yes,DSL,Two year,Bank transfer (automatic),41.74,629.76,No
CUST-00419,Male,0,5,Yes,Fiber optic,Two year,Mailed check,73.78,334.33,No
CUST-00420,Female,0,24,Yes,No,Month-to-month,Mailed check,29.66,643.78,No
CUST-00421,Female,0,23,Yes,DSL,One year,Credit card (automatic),109.06,2285.54,No
CUST-00422,Male,0,35,Yes,DSL,One year,Mailed check,109.88,3372.48,No
CUST-00423,Female,0,59,Yes,No,Two year,Electronic check,65.74,3393.42,No
CUST-00424,Female,1,38,No,No,One year,Credit card (automatic),36.44,1328.14,Yes
CUST-00425,Male,0,28,Yes,DSL,Two year,Credit card (automatic),110.56,2985.62,No
CUST-00426,Male,0,23,Yes,DSL,Month-to-month,Bank transfer (automatic),88.7,1911.74,No
CUST-00427,Male,1,64,Yes,No,Month-to-month,Credit card (automatic),53.54,3051.23,No
CUST-00428,Female,0,36,No,DSL,Month-to-month,Bank transfer (automatic),75.03,2542.85,No
CUST-00429,Female,0,54,No,No,Two year,Mailed check,30.48,1577.77,No
CUST-00430,Female,0,61,No,No,Month-to-month,Mailed check,25.57,1354.06,No
CUST-00431,Female,0,40,No,Fiber optic,Two year,Electronic check,67.36,2443.84,Yes
CUST-00432,Female,1,34,Yes,Fiber optic,Month-to-month,Electronic check,39.84,1245.84,Yes
CUST-00433,Female,0,42,No,Fiber optic,Month-to-month,Mailed check,61.36,2510.23,Yes
CUST-00434,Female,0,42,Yes,No,Two year,Bank transfer (automatic),118.22,4822.61,Yes
CUST-00435,Male,1,52,No,No,Two year,Electronic check,52.02,2458.71,No
CUST-00436,Female,0,10,No,DSL,Month-to-month,Electronic check,101.42,939.46,Yes
CUST-00437,Male,0,52,No,DSL,Two year,Electronic check,79.69,4109.15,No
CUST-00438,Female,0,10,No,Fiber optic,Two year,Bank transfer (automatic),75.2,676.46,No
CUST-00439,Female,0,21,No,Fiber optic,One year,Credit card (automatic),35.99,671.71,No
CUST-00440,Male,0,72,No,No,Month-to-month,Credit card (automatic),41.63,2996.05,No
CUST-00441,Female,1,15,No,Fiber optic,Month-to-month,Credit card (automatic),55.17,782.18,Yes
CUST-00442,Female,0,70,Yes,DSL,Two year,Electronic check,114.46,7388.85,No
CUST-00443,Female,0,19,No,Fiber optic,Month-to-month,Mailed check,68.45,1176.59,No
CUST-00444,Male,0,72,Yes,No,Month-to-month,Mailed check,23.57,1670.26,No
CUST-00445,Male,0,61,Yes,No,Month-to-month,Mailed check,48.87,2902.38,No
CUST-00446,Male,0,42,Yes,Fiber optic,One year,Bank transfer (automatic),46.0,1786.74,No
CUST-00447,Male,0,19,Yes,No,Two year,Mailed check,95.2,1545.56,No
CUST-00448,Male,0,10,No,DSL,Two year,Credit card (automatic),86.48,738.38,No
CUST-00449,Female,0,30,No,DSL,Two year,Mailed check,59.4,1562.01,No
CUST-00450,Male,1,47,Yes,DSL,Month-to-month,Credit card (automatic),80.23,3282.16,No
CUST-00451,Male,1,41,Yes,DSL,Month-to-month,Electronic check,119.67,4345.74,Yes
CUST-00452,Female,0,33,No,DSL,Two year,Credit card (automatic),56.15,1598.73,No
CUST-00453,Female,0,23,Yes,DSL,Two year,Credit card (automatic),97.49,2005.54,No
CUST-00454,Female,1,55,No,DSL,Two year,Credit card (automatic),101.33,4741.07,No
CUST-00455,Male,0,51,Yes,DSL,Two year,Credit card (automatic),94.39,4746.56,No
CUST-00456,Male,0,59,No,Fiber optic,Two year,Electronic check,35.5,2011.81,No
CUST-00457,Female,0,53,No,Fiber optic,One year,Electronic check,113.73,5514.7,No
CUST-00458,Male,1,47,No,No,Two year,Credit card (automatic),55.52,2460.18,No
CUST-00459,Female,0,8,Yes,Fiber optic,One year,Credit card (automatic),94.06,655.17,No
CUST-00460,Male,0,1,Yes,Fiber optic,Month-to-month,Credit card (automatic),93.8,82.5,No
CUST-00461,Female,0,26,Yes,DSL,Month-to-month,Credit card (automatic),31.96,764.64,No
CUST-00462,Female,0,39,Yes,No,Month-to-month,Mailed check,33.12,1223.04,No
CUST-00463,Male,0,30,Yes,No,Two year,Electronic check,45.74,1208.36,No
CUST-00464,Male,1,72,Yes,DSL,One year,Mailed check,52.69,3512.63,No
CUST-00465,Female,1,27,Yes,No,One year,Bank transfer (automatic),93.6,2270.42,No
CUST-00466,Male,1,29,Yes,DSL,Two year,Bank transfer (automatic),26.54,704.95,No
CUST-00467,Male,0,58,Yes,Fiber optic,One year,Bank transfer (automatic),82.82,4588.53,No
CUST-00468,Male,0,63,No,No,One year,Electronic check,100.08,5874.26,No
CUST-00469,Female,0,44,No,DSL,Month-to-month,Bank transfer (automatic),97.25,4078.58,Yes
CUST-00470,Male,1,13,Yes,Fiber optic,Two year,Credit card (automatic),95.65,1180.74,No
CUST-00471,Female,0,14,Yes,DSL,One year,Mailed check,112.03,1408.97,No
CUST-00472,Female,0,15,No,DSL,Two year,Credit card (automatic),98.67,1350.01,No
CUST-00473,Female,0,41,No,Fiber optic,One year,Electronic check,47.27,1713.21,No
CUST-00474,Female,0,64,Yes,DSL,Month-to-month,Mailed check,90.08,5318.8,No
CUST-00475,Female,1,68,Yes,No,Month-to-month,Credit card (automatic),101.53,6484.43,No
CUST-00476,Male,0,19,Yes,No,One year,Credit card (automatic),105.4,1784.17,No
CUST-00477,Female,0,57,No,Fiber optic,Month-to-month,Credit card (automatic),75.2,4212.67,No
CUST-00478,Female,0,19,No,DSL,Month-to-month,Electronic check,83.82,1435.99,No
CUST-00479,Female,0,14,Yes,No,One year,Credit card (automatic),63.45,794.36,No
CUST-00480,Male,0,49,Yes,Fiber optic,One year,Mailed check,67.68,2958.82,No
CUST-00481,Male,0,8,No,No,Month-to-month,Bank transfer (automatic),81.65,593.66,Yes
CUST-00482,Male,0,65,No,Fiber optic,One year,Mailed check,95.57,5453.6,No
CUST-00483,Female,0,40,No,Fiber optic,Two year,Mailed check,40.27,1455.91,No
CUST-00484,Male,0,66,No,No,One year,Mailed check,56.2,3670.91,No
CUST-00485,Male,1,30,Yes,DSL,Two year,Bank transfer (automatic),68.77,1879.58,No
CUST-00486,Female,0,56,Yes,No,One year,Electronic check,57.09,2819.24,No
CUST-00487,Male,0,7,No,DSL,One year,Bank transfer (automatic),62.5,409.16,No
CUST-00488,Male,1,20,Yes,No,Month-to-month,Credit card (automatic),72.05,1295.16,No
CUST-00489,Female,0,29,Yes,Fiber optic,Two year,Bank transfer (automatic),28.52,814.31,No
CUST-00490,Female,0,5,No,Fiber optic,One year,Bank transfer (automatic),77.98,358.47,No
CUST-00491,Female,1,40,Yes,DSL,One year,Electronic check,22.26,860.75,Yes
CUST-00492,Male,0,60,No,No,One year,Bank transfer (automatic),63.1,3748.47,No
CUST-00493,Female,0,42,Yes,No,One year,Credit card (automatic),27.69,1101.01,No
CUST-00494,Female,0,63,No,No,One year,Electronic check,36.96,2258.63,No
CUST-00495,Male,0,16,Yes,DSL,Month-to-month,Bank transfer (automatic),91.21,1254.15,Yes
CUST-00496,Male,0,41,No,DSL,Two year,Mailed check,28.8,1127.66,No
CUST-00497,Female,0,39,Yes,No,Month-to-month,Electronic check,64.12,2464.25,No
CUST-00498,Male,0,42,No,Fiber optic,One year,Bank transfer (automatic),32.65,1264.66,No
CUST-00499,Female,0,41,Yes,DSL,One year,Bank transfer (automatic),57.67,2202.81,No
CUST-00500,Female,0,54,Yes,No,Month-to-month,Bank transfer (automatic),54.26,2741.37,Yes
CUST-00501,Female,0,12,No,No,Month-to-month,Bank transfer (automatic),40.85,425.31,No
CUST-00502,Female,0,47,No,No,Month-to-month,Mailed check,83.88,3685.69,No
CUST-00503,Male,1,27,Yes,No,One year,Mailed check,48.47,1247.3,No
CUST-00504,Female,0,13,No,No,Two year,Mailed check,82.56,997.83,No
CUST-00505,Male,0,29,Yes,No,Month-to-month,Mailed check,26.7,766.01,Yes
CUST-00506,Female,0,31,Yes,No,Month-to-month,Mailed check,111.84,3236.71,No
CUST-00507,Male,0,41,Yes,Fiber optic,One year,Credit card (automatic),43.98,1629.45,No
CUST-00508,Female,0,24,No,DSL,One year,Credit card (automatic),72.34,1540.59,No
CUST-00509,Male,0,30,Yes,Fiber optic,Two year,Mailed check,70.22,1873.53,No
CUST-00510,Male,0,10,No,Fiber optic,Two year,Bank transfer (automatic),46.13,392.8,No
CUST-00511,Male,0,31,No,No,Month-to-month,Credit card (automatic),81.49,2236.52,No
CUST-00512,Female,0,29,No,No,One year,Mailed check,41.31,1111.68,No
CUST-00513,Male,0,23,No,No,Two year,Electronic check,89.23,1921.91,No
CUST-00514,Female,0,24,No,Fiber optic,One year,Bank transfer (automatic),22.72,463.62,No
CUST-00515,Female,0,63,No,DSL,Two year,Bank transfer (automatic),79.46,4258.02,No
CUST-00516,Male,0,22,No,Fiber optic,Month-to-month,Mailed check,30.27,631.15,Yes
CUST-00517,Female,0,10,Yes,DSL,Two year,Mailed check,22.61,225.59,No
CUST-00518,Female,0,17,No,Fiber optic,Two year,Credit card (automatic),70.82,1035.55,No
CUST-00519,Male,1,15,No,No,One year,Bank transfer (automatic),35.58,470.83,Yes
CUST-00520,Male,1,27,No,Fiber optic,Two year,Mailed check,90.19,2360.89,No
CUST-00521,Male,0,16,Yes,Fiber optic,One year,Mailed check,110.61,1634.13,No
CUST-00522,Female,0,72,No,DSL,One year,Bank transfer (automatic),37.71,2561.4,No
CUST-00523,Female,0,42,Yes,Fiber optic,Month-to-month,Mailed check,104.5,3752.29,No
CUST-00524,Female,0,27,No,Fiber optic,One year,Bank transfer (automatic),96.1,2371.92,No
CUST-00525,Female,0,70,No,No,One year,Bank transfer (automatic),62.84,3944.67,No
CUST-00526,Male,1,1,No,No,One year,Credit card (automatic),52.16,48.72,No
CUST-00527,Male,0,36,Yes,Fiber optic,Two year,Credit card (automatic),106.43,3295.05,No
CUST-00528,Female,0,1,Yes,No,One year,Credit card (automatic),51.04,44.65,No
CUST-00529,Female,0,39,Yes,No,Two year,Electronic check,88.86,3157.4,Yes
CUST-00530,Male,0,38,Yes,No,One year,Electronic check,30.22,1000.6,No
CUST-00531,Male,0,24,Yes,No,Two year,Mailed check,53.46,1111.74,No
CUST-00532,Male,1,34,No,DSL,Two year,Bank transfer (automatic),89.99,2776.15,No
CUST-00533,Male,0,38,Yes,DSL,One year,Electronic check,71.15,2405.03,No
CUST-00534,Female,0,36,Yes,Fiber optic,Two year,Bank transfer (automatic),56.97,1991.08,No
CUST-00535,Female,0,9,Yes,No,Two year,Bank transfer (automatic),63.33,514.18,No
CUST-00536,Male,0,42,Yes,Fiber optic,Two year,Credit card (automatic),27.92,1171.13,No
CUST-00537,Female,0,59,Yes,Fiber optic,Two year,Bank transfer (automatic),44.94,2278.9,No
CUST-00538,Female,1,7,Yes,No,Month-to-month,Electronic check,51.45,306.29,Yes
CUST-00539,Female,0,35,Yes,Fiber optic,Two year,Credit card (automatic),26.16,894.57,No
CUST-00540,Female,0,46,Yes,No,Two year,Bank transfer (automatic),80.04,3280.09,No
CUST-00541,Female,0,12,No,No,Two year,Bank transfer (automatic),107.64,1134.15,No
CUST-00542,Female,0,71,Yes,Fiber optic,Month-to-month,Credit card (automatic),64.29,4102.04,Yes
CUST-00543,Male,1,27,No,No,Month-to-month,Electronic check,65.8,1732.61,No
CUST-00544,Male,0,12,Yes,DSL,Month-to-month,Credit card (automatic),110.82,1214.9,Yes
CUST-00545,Female,0,72,Yes,Fiber optic,Two year,Bank transfer (automatic),40.5,2849.44,No
CUST-00546,Female,0,53,No,Fiber optic,One year,Electronic check,78.3,4054.37,No
CUST-00547,Male,1,4,No,DSL,Two year,Bank transfer (automatic),63.5,216.69,No
CUST-00548,Male,0,22,No,Fiber optic,Month-to-month,Electronic check,91.16,1811.22,Yes
CUST-00549,Female,0,15,Yes,No,Two year,Credit card (automatic),53.43,775.14,No
CUST-00550,Female,0,26,Yes,No,One year,Credit card (automatic),40.45,950.5,No
CUST-00551,Male,0,68,Yes,No,Two year,Credit card (automatic),69.8,4036.38,No
CUST-00552,Male,0,61,Yes,Fiber optic,Month-to-month,Mailed check,81.01,4850.74,No
CUST-00553,Female,0,36,Yes,Fiber optic,Month-to-month,Mailed check,28.15,999.0,Yes
CUST-00554,Male,0,54,Yes,No,Two year,Credit card (automatic),44.0,2285.36,No
CUST-00555,Male,0,7,No,No,Month-to-month,Mailed check,103.05,714.67,Yes
CUST-00556,Male,1,41,No,No,One year,Mailed check,31.22,1182.25,No
CUST-00557,Male,0,15,Yes,DSL,One year,Credit card (automatic),100.31,1286.71,No
CUST-00558,Female,0,66,Yes,No,Two year,Mailed check,49.47,2840.46,No
CUST-00559,Female,0,13,Yes,DSL,Two year,Mailed check,43.86,526.75,No
CUST-00560,Male,0,22,Yes,Fiber optic,One year,Credit card (automatic),53.21,1136.7,No
CUST-00561,Male,0,30,Yes,No,Two year,Electronic check,60.85,1596.39,No
CUST-00562,Male,0,54,No,Fiber optic,Two year,Credit card (automatic),75.3,4065.77,No
CUST-00563,Male,0,54,Yes,Fiber optic,Month-to-month,Electronic check,36.41,1822.85,No
CUST-00564,Male,1,56,Yes,No,Two year,Credit card (automatic),48.45,2565.35,No
CUST-00565,Male,0,32,Yes,Fiber optic,Month-to-month,Electronic check,108.86,3134.83,No
CUST-00566,Female,0,70,Yes,No,One year,Credit card (automatic),111.91,7808.81,No
CUST-00567,Female,0,66,No,DSL,Month-to-month,Bank transfer (automatic),114.05,7448.71,No
CUST-00568,Female,1,60,No,Fiber optic,One year,Bank transfer (automatic),104.26,5935.36,No
CUST-00569,Male,0,58,No,Fiber optic,Month-to-month,Electronic check,103.66,5481.93,No
CUST-00570,Female,0,39,Yes,Fiber optic,Month-to-month,Bank transfer (automatic),45.86,1633.11,No
CUST-00571,Female,0,21,No,Fiber optic,Two year,Bank transfer (automatic),51.71,1037.58,No
CUST-00572,Female,0,4,Yes,DSL,Month-to-month,Mailed check,45.0,179.49,Yes
CUST-00573,Female,0,29,No,No,Two year,Electronic check,97.69,2706.76,No
CUST-00574,Female,0,63,No,Fiber optic,Month-to-month,Mailed check,68.49,4247.21,Yes
CUST-00575,Male,0,33,Yes,Fiber optic,Month-to-month,Mailed check,31.56,1040.78,No
CUST-00576,Female,0,37,Yes,Fiber optic,Month-to-month,Mailed check,67.48,2189.82,No
CUST-00577,Male,1,62,Yes,DSL,One year,Electronic check,54.55,3292.36,Yes
CUST-00578,Male,0,59,Yes,No,Month-to-month,Credit card (automatic),40.97,2401.29,No
CUST-00579,Male,1,46,Yes,DSL,One year,Bank transfer (automatic),88.24,3782.66,No
CUST-00580,Female,0,48,Yes,DSL,Month-to-month,Bank transfer (automatic),107.9,4967.31,No
CUST-00581,Male,0,24,Yes,No,Two year,Bank transfer (automatic),76.14,1689.46,No
CUST-00582,Female,0,33,Yes,Fiber optic,Month-to-month,Credit card (automatic),38.97,1220.04,No
CUST-00583,Female,0,37,Yes,Fiber optic,Month-to-month,Mailed check,76.38,2594.5,Yes
CUST-00584,Male,0,24,Yes,No,Month-to-month,Mailed check,49.1,1050.61,Yes
CUST-00585,Male,0,29,No,DSL,Two year,Credit card (automatic),31.16,794.22,No
CUST-00586,Female,0,62,Yes,DSL,One year,Bank transfer (automatic),70.27,4251.53,No
CUST-00587,Male,0,64,Yes,Fiber optic,Month-to-month,Bank transfer (automatic),81.94,4882.07,No
CUST-00588,Female,0,61,Yes,Fiber optic,Month-to-month,Mailed check,96.52,5884.53,No
CUST-00589,Male,1,46,No,No,One year,Electronic check,34.33,1556.92,No
CUST-00590,Male,0,14,Yes,Fiber optic,Two year,Bank transfer (automatic),62.62,792.29,No
CUST-00591,Male,0,3,Yes,DSL,One year,Bank transfer (automatic),95.14,262.59,No
CUST-00592,Male,0,44,Yes,Fiber optic,One year,Mailed check,104.36,4156.46,Yes
CUST-00593,Female,0,61,No,Fiber optic,One year,Bank transfer (automatic),106.09,5732.92,No
CUST-00594,Female,0,70,Yes,DSL,Two year,Electronic check,46.95,3242.02,No
CUST-00595,Female,0,10,No,DSL,Month-to-month,Mailed check,73.6,646.8,Yes
CUST-00596,Male,0,67,Yes,Fiber optic,Month-to-month,Mailed check,113.42,7307.26,No
CUST-00597,Female,0,57,No,DSL,Month-to-month,Mailed check,22.46,1095.3,No
CUST-00598,Female,1,42,No,DSL,Month-to-month,Mailed check,48.14,1988.49,Yes
CUST-00599,Male,0,12,No,Fiber optic,Month-to-month,Credit card (automatic),49.69,538.49,No
CUST-00600,Female,1,37,No,Fiber optic,Month-to-month,Bank transfer (automatic),35.86,1313.15,No
CUST-00601,Female,0,22,No,No,One year,Mailed check,60.93,1279.73,No
CUST-00602,Male,0,46,Yes,No,Month-to-month,Bank transfer (automatic),119.5,4948.95,Yes
CUST-00603,Female,0,55,No,Fiber optic,Month-to-month,Bank transfer (automatic),46.07,2529.13,No
CUST-00604,Female,0,11,Yes,Fiber optic,Month-to-month,Credit card (automatic),81.74,891.41,No
CUST-00605,Female,0,29,Yes,No,Two year,Credit card (automatic),26.91,713.46,No
CUST-00606,Female,0,24,Yes,Fiber optic,Two year,Bank transfer (automatic),112.7,2337.98,No
CUST-00607,Female,0,45,No,No,Month-to-month,Electronic check,22.29,964.13,Yes
CUST-00608,Male,1,44,No,Fiber optic,Month-to-month,Mailed check,72.73,3079.32,No
CUST-00609,Female,0,48,Yes,Fiber optic,One year,Credit card (automatic),96.55,4251.33,No
CUST-00610,Female,0,21,No,No,Two year,Bank transfer (automatic),83.2,1654.94,No
CUST-00611,Female,0,42,No,No,Month-to-month,Credit card (automatic),60.36,2252.13,No
CUST-00612,Male,0,62,Yes,No,Two year,Credit card (automatic),112.64,6735.37,No
CUST-00613,Female,0,67,Yes,No,One year,Credit card (automatic),87.47,5794.38,No
CUST-00614,Male,1,37,No,DSL,Month-to-month,Mailed check,61.27,1951.09,No
CUST-00615,Female,1,14,Yes,Fiber optic,Month-to-month,Credit card (automatic),22.03,262.55,Yes
CUST-00616,Male,0,45,No,DSL,Month-to-month,Credit card (automatic),65.24,2656.71,No
CUST-00617,Male,1,9,Yes,No,Month-to-month,Electronic check,48.85,426.92,Yes
CUST-00618,Male,1,10,Yes,DSL,Two year,Bank transfer (automatic),85.78,756.32,No
CUST-00619,Male,0,6,Yes,No,Two year,Bank transfer (automatic),27.08,140.34,No
CUST-00620,Male,1,59,No,No,One year,Electronic check,30.13,1581.54,No
CUST-00621,Male,1,28,No,No,Month-to-month,Credit card (automatic),117.11,2839.15,No
CUST-00622,Female,1,40,No,Fiber optic,Month-to-month,Credit card (automatic),61.38,2104.34,Yes
CUST-00623,Female,1,60,Yes,No,Month-to-month,Electronic check,25.5,1418.38,Yes
CUST-00624,Female,0,13,Yes,Fiber optic,Month-to-month,Credit card (automatic),20.32,260.61,No
CUST-00625,Male,0,13,No,No,Month-to-month,Electronic check,20.62,233.87,Yes
CUST-00626,Male,0,41,No,No,Month-to-month,Electronic check,29.58,1166.43,Yes
CUST-00627,Female,0,15,Yes,DSL,Month-to-month,Bank transfer (automatic),20.52,279.27,No
CUST-00628,Female,0,11,Yes,No,One year,Bank transfer (automatic),28.16,300.62,No
CUST-00629,Female,1,47,Yes,Fiber optic,Month-to-month,Mailed check,31.21,1330.7,No
CUST-00630,Male,0,14,No,Fiber optic,One year,Mailed check,26.29,361.12,Yes
CUST-00631,Male,0,41,Yes,Fiber optic,Two year,Credit card (automatic),52.68,2150.83,No
CUST-00632,Female,0,43,Yes,Fiber optic,One year,Electronic check,89.53,3819.49,No
CUST-00633,Male,0,18,No,No,Month-to-month,Bank transfer (automatic),61.89,987.88,Yes
CUST-00634,Male,0,65,Yes,DSL,One year,Bank transfer (automatic),64.26,4141.2,No
CUST-00635,Male,0,12,Yes,No,Month-to-month,Credit card (automatic),89.02,1006.65,No
CUST-00636,Female,0,55,Yes,No,One year,Credit card (automatic),103.17,5492.07,No
CUST-00637,Male,0,71,No,DSL,Two year,Credit card (automatic),21.09,1477.63,No
CUST-00638,Male,1,54,Yes,No,Month-to-month,Credit card (automatic),59.14,2929.67,No
CUST-00639,Male,0,40,No,DSL,Month-to-month,Credit card (automatic),104.43,3925.45,No
CUST-00640,Female,0,42,No,Fiber optic,One year,Bank transfer (automatic),106.49,4464.15,No
CUST-00641,Male,0,16,Yes,Fiber optic,One year,Credit card (automatic),44.51,692.42,No
CUST-00642,Female,0,65,Yes,DSL,Month-to-month,Credit card (automatic),94.64,5424.39,No
CUST-00643,Female,0,55,No,Fiber optic,One year,Credit card (automatic),116.09,5673.4,No
CUST-00644,Male,0,55,Yes,No,Two year,Bank transfer (automatic),88.86,4405.48,No
CUST-00645,Female,0,13,Yes,No,Month-to-month,Mailed check,104.98,1207.87,Yes
CUST-00646,Female,0,28,Yes,Fiber optic,Two year,Mailed check,33.65,836.04,No
CUST-00647,Female,0,66,No,No,One year,Credit card (automatic),100.91,6645.92,No
CUST-00648,Male,0,20,Yes,DSL,One year,Bank transfer (automatic),86.45,1722.05,No
CUST-00649,Female,1,51,Yes,DSL,Two year,Credit card (automatic),27.32,1312.12,No
CUST-00650,Male,1,15,Yes,DSL,One year,Electronic check,112.54,1525.06,No
CUST-00651,Female,1,32,No,Fiber optic,Month-to-month,Bank transfer (automatic),80.96,2264.47,Yes
CUST-00652,Female,0,49,No,Fiber optic,Month-to-month,Electronic check,40.2,1851.65,No
CUST-00653,Male,0,16,Yes,No,Two year,Mailed check,107.18,1552.99,Yes
CUST-00654,Male,0,38,Yes,No,Two year,Bank transfer (automatic),42.1,1368.35,No
CUST-00655,Male,0,51,Yes,Fiber optic,One year,Bank transfer (automatic),76.59,3405.74,No
CUST-00656,Male,0,51,No,DSL,Month-to-month,Mailed check,100.99,4700.22,No
CUST-00657,Female,0,59,No,DSL,Month-to-month,Electronic check,53.97,3117.14,No
CUST-00658,Male,1,56,No,No,One year,Mailed check,92.12,4610.74,No
CUST-00659,Male,1,37,No,Fiber optic,One year,Electronic check,114.05,3907.29,No
CUST-00660,Male,0,70,No,No,Two year,Mailed check,92.63,6321.78,No
CUST-00661,Female,0,32,No,DSL,One year,Bank transfer (automatic),75.76,2273.03,No
CUST-00662,Male,0,43,No,Fiber optic,Two year,Bank transfer (automatic),101.68,4016.94,No
CUST-00663,Male,0,4,Yes,Fiber optic,One year,Bank transfer (automatic),92.81,367.77,No
CUST-00664,Female,0,16,No,DSL,Two year,Credit card (automatic),30.95,482.55,No
CUST-00665,Male,1,45,Yes,DSL,Two year,Electronic check,64.02,2716.67,No
CUST-00666,Male,0,31,No,DSL,Month-to-month,Bank transfer (automatic),112.64,3350.93,Yes
CUST-00667,Female,1,24,Yes,DSL,Two year,Bank transfer (automatic),106.64,2317.21,No
CUST-00668,Male,0,21,Yes,DSL,Month-to-month,Bank transfer (automatic),51.15,998.56,No
CUST-00669,Male,0,9,Yes,Fiber optic,Two year,Electronic check,64.49,503.96,No
CUST-00670,Female,0,23,Yes,No,Month-to-month,Bank transfer (automatic),32.43,643.69,No
CUST-00671,Male,0,9,Yes,DSL,One year,Credit card (automatic),65.76,509.14,No
CUST-00672,Female,0,69,No,DSL,One year,Bank transfer (automatic),109.66,7312.43,No
CUST-00673,Female,0,36,Yes,DSL,Two year,Credit card (automatic),39.91,1389.08,No
CUST-00674,Female,0,71,Yes,No,Two year,Mailed check,62.07,4098.61,No
CUST-00675,Female,0,62,Yes,No,Two year,Credit card (automatic),53.05,2950.89,No
CUST-00676,Male,0,46,No,No,Two year,Credit card (automatic),23.61,985.68,No
CUST-00677,Male,0,36,Yes,DSL,One year,Bank transfer (automatic),49.13,1614.9,No
CUST-00678,Male,0,49,No,No,Month-to-month,Bank transfer (automatic),95.68,4482.63,No
CUST-00679,Male,0,67,No,DSL,Month-to-month,Electronic check,24.13,1547.98,No
CUST-00680,Male,0,48,No,Fiber optic,Month-to-month,Mailed check,93.97,4206.01,No
CUST-00681,Male,1,26,Yes,No,One year,Electronic check,89.53,2000.2,No
CUST-00682,Male,0,66,Yes,Fiber optic,Two year,Bank transfer (automatic),48.91,2899.43,No
CUST-00683,Female,1,44,No,DSL,Two year,Bank transfer (automatic),101.49,4307.01,No
CUST-00684,Male,0,54,Yes,Fiber optic,Two year,Bank transfer (automatic),102.18,5309.38,No
CUST-00685,Male,1,23,Yes,DSL,Month-to-month,Mailed check,108.57,2205.58,No
CUST-00686,Male,1,46,Yes,DSL,One year,Credit card (automatic),66.33,2824.93,No
CUST-00687,Female,0,59,Yes,No,One year,Electronic check,91.91,4919.84,No
CUST-00688,Female,0,55,No,No,One year,Mailed check,28.19,1328.87,No
CUST-00689,Male,0,50,Yes,DSL,Month-to-month,Mailed check,96.32,4277.55,No
CUST-00690,Female,0,2,Yes,Fiber optic,Two year,Bank transfer (automatic),87.44,170.63,No
CUST-00691,Male,0,7,No,DSL,Two year,Credit card (automatic),20.71,142.4,No
CUST-00692,Male,1,68,Yes,No,One year,Mailed check,108.74,6420.21,No
CUST-00693,Female,0,72,Yes,Fiber optic,Month-to-month,Mailed check,104.1,6489.85,No
CUST-00694,Female,1,13,No,No,One year,Electronic check,104.77,1352.84,No
CUST-00695,Female,0,66,Yes,Fiber optic,Month-to-month,Electronic check,23.2,1420.94,No
CUST-00696,Male,0,12,No,Fiber optic,Month-to-month,Bank transfer (automatic),53.38,610.4,No
CUST-00697,Female,0,63,Yes,DSL,One year,Electronic check,114.81,6366.06,No
CUST-00698,Female,0,18,No,Fiber optic,Month-to-month,Bank transfer (automatic),91.32,1592.75,No
CUST-00699,Male,0,63,No,Fiber optic,Two year,Mailed check,62.31,3554.51,No
CUST-00700,Female,0,15,No,Fiber optic,Two year,Bank transfer (automatic),58.34,822.09,No
CUST-00701,Male,0,53,Yes,DSL,Two year,Mailed check,37.22,1704.28,No
CUST-00702,Female,1,25,No,Fiber optic,One year,Electronic check,40.17,914.21,No
CUST-00703,Male,0,38,No,DSL,One year,Bank transfer (automatic),62.79,2140.97,No
CUST-00704,Female,1,14,No,DSL,Two year,Mailed check,95.81,1320.07,No
CUST-00705,Female,0,28,Yes,No,One year,Electronic check,96.95,2446.03,No
CUST-00706,Male,1,42,No,Fiber optic,Two year,Credit card (automatic),89.33,3537.81,No
CUST-00707,Male,0,11,No,DSL,One year,Credit card (automatic),42.85,406.78,No
CUST-00708,Female,1,48,No,Fiber optic,Month-to-month,Credit card (automatic),97.65,4565.57,Yes
CUST-00709,Male,0,6,Yes,Fiber optic,One year,Mailed check,107.67,628.38,No
CUST-00710,Female,0,59,No,DSL,One year,Credit card (automatic),45.59,2628.04,Yes
CUST-00711,Male,0,67,Yes,No,Two year,Electronic check,38.6,2471.61,No
CUST-00712,Male,1,43,Yes,No,Two year,Mailed check,93.71,3734.05,No
CUST-00713,Female,0,7,No,No,Two year,Mailed check,41.12,273.35,No
CUST-00714,Female,1,65,No,Fiber optic,One year,Electronic check,113.21,6779.03,No
CUST-00715,Female,0,46,No,No,Two year,Credit card (automatic),66.52,2867.59,No
CUST-00716,Male,0,9,No,DSL,One year,Credit card (automatic),84.73,718.2,No
CUST-00717,Female,1,18,No,DSL,Month-to-month,Mailed check,96.19,1645.87,No
CUST-00718,Male,0,30,Yes,Fiber optic,Month-to-month,Electronic check,38.73,1054.76,No
CUST-00719,Female,1,13,No,DSL,Month-to-month,Bank transfer (automatic),29.66,371.4,Yes
CUST-00720,Female,1,44,Yes,DSL,Month-to-month,Mailed check,37.78,1553.32,No
CUST-00721,Male,1,10,Yes,Fiber optic,Two year,Credit card (automatic),119.38,1111.42,No
CUST-00722,Male,1,67,No,Fiber optic,One year,Mailed check,115.69,7219.59,No
CUST-00723,Female,0,15,No,DSL,One year,Mailed check,114.98,1709.19,No
CUST-00724,Male,0,16,No,DSL,One year,Mailed check,54.44,766.17,No
CUST-00725,Male,0,7,Yes,DSL,Month-to-month,Mailed check,23.19,156.63,Yes
CUST-00726,Female,0,14,Yes,Fiber optic,Month-to-month,Bank transfer (automatic),117.71,1512.27,Yes
CUST-00727,Female,0,28,No,No,Two year,Mailed check,27.76,695.54,No
CUST-00728,Male,0,66,No,Fiber optic,One year,Electronic check,77.23,4701.39,No
CUST-00729,Male,0,19,No,DSL,Two year,Bank transfer (automatic),116.18,2088.81,No
CUST-00730,Male,1,70,No,DSL,One year,Bank transfer (automatic),96.7,5835.8,No
CUST-00731,Male,0,54,No,DSL,Two year,Credit card (automatic),43.59,2080.19,No
CUST-00732,Male,0,41,No,Fiber optic,Two year,Credit card (automatic),29.21,1089.18,No
CUST-00733,Female,0,41,Yes,Fiber optic,Month-to-month,Credit card (automatic),112.6,4292.02,No
CUST-00734,Male,0,58,Yes,No,Two year,Bank transfer (automatic),66.25,3655.81,No
CUST-00735,Female,0,12,Yes,DSL,Two year,Mailed check,69.27,796.49,No
CUST-00736,Male,1,55,No,DSL,Month-to-month,Credit card (automatic),97.49,5150.07,No
CUST-00737,Male,1,29,No,Fiber optic,Month-to-month,Electronic check,80.64,2162.11,No
CUST-00738,Female,1,12,No,No,One year,Bank transfer (automatic),85.87,1008.08,No
CUST-00739,Female,1,23,No,DSL,Two year,Mailed check,20.77,457.77,No
CUST-00740,Female,0,61,No,Fiber optic,Two year,Mailed check,56.7,3443.19,No
CUST-00741,Female,0,42,Yes,DSL,One year,Credit card (automatic),41.44,1630.83,No
CUST-00742,Female,0,29,No,DSL,Two year,Electronic check,32.9,835.79,No
CUST-00743,Female,0,54,No,Fiber optic,Month-to-month,Mailed check,59.32,3084.34,No
CUST-00744,Female,1,30,Yes,DSL,One year,Credit card (automatic),29.8,863.17,No
CUST-00745,Male,0,63,No,DSL,Two year,Bank transfer (automatic),63.84,3420.1,No
CUST-00746,Female,0,19,Yes,No,Month-to-month,Electronic check,45.51,803.16,No
CUST-00747,Male,0,50,Yes,No,One year,Mailed check,81.26,3821.08,No
CUST-00748,Female,0,68,No,No,Month-to-month,Mailed check,64.61,4017.56,No
CUST-00749,Male,1,27,No,DSL,Month-to-month,Credit card (automatic),75.73,1958.81,No
CUST-00750,Male,1,32,No,DSL,Two year,Mailed check,53.26,1574.23,No
CUST-00751,Female,1,18,Yes,No,Two year,Bank transfer (automatic),31.4,531.6,Yes
CUST-00752,Female,0,38,No,Fiber optic,Month-to-month,Mailed check,37.65,1411.11,No
CUST-00753,Male,1,53,No,Fiber optic,Month-to-month,Mailed check,86.27,4184.07,No
CUST-00754,Male,1,69,Yes,No,One year,Credit card (automatic),105.34,7226.84,No
CUST-00755,Male,0,46,Yes,Fiber optic,Month-to-month,Electronic check,85.21,3589.14,No
CUST-00756,Male,1,36,Yes,DSL,Month-to-month,Credit card (automatic),24.29,798.95,No
CUST-00757,Female,0,31,No,Fiber optic,Two year,Mailed check,35.14,1086.71,No
CUST-00758,Male,0,15,Yes,No,Month-to-month,Bank transfer (automatic),81.41,1188.88,No
CUST-00759,Female,1,52,No,DSL,One year,Electronic check,43.82,2061.37,No
CUST-00760,Female,0,61,Yes,Fiber optic,Two year,Bank transfer (automatic),96.55,5719.93,No
CUST-00761,Male,0,30,No,Fiber optic,Month-to-month,Bank transfer (automatic),70.81,2032.55,Yes
CUST-00762,Male,0,35,Yes,Fiber optic,Two year,Mailed check,84.49,2902.37,No
CUST-00763,Female,0,40,No,DSL,Two year,Electronic check,70.32,2587.99,No
CUST-00764,Female,0,31,Yes,Fiber optic,One year,Bank transfer (automatic),119.14,3605.18,No
CUST-00765,Female,1,59,Yes,Fiber optic,One year,Credit card (automatic),34.24,1765.83,No
CUST-00766,Female,0,5,No,Fiber optic,Month-to-month,Mailed check,21.05,97.31,Yes
CUST-00767,Male,0,56,Yes,Fiber optic,Two year,Credit card (automatic),89.38,4437.11,No
CUST-00768,Female,0,71,Yes,DSL,One year,Mailed check,57.73,3849.42,Yes
CUST-00769,Male,0,1,No,No,One year,Bank transfer (automatic),25.47,23.19,No
CUST-00770,Female,1,21,No,DSL,One year,Mailed check,106.5,2191.76,No
CUST-00771,Female,0,17,Yes,DSL,Month-to-month,Mailed check,29.59,483.64,No
CUST-00772,Male,0,11,Yes,No,Two year,Bank transfer (automatic),110.99,1111.38,No
CUST-00773,Male,0,56,No,No,Month-to-month,Bank transfer (automatic),78.38,4117.53,Yes
CUST-00774,Male,0,2,Yes,No,One year,Electronic check,103.95,202.36,Yes
CUST-00775,Female,0,6,Yes,No,One year,Bank transfer (automatic),90.49,502.42,Yes
CUST-00776,Female,1,68,Yes,No,One year,Mailed check,34.53,2092.83,No
CUST-00777,Female,0,1,Yes,No,Two year,Mailed check,98.08,86.12,No
CUST-00778,Male,0,42,Yes,No,One year,Electronic check,58.33,2101.56,No
CUST-00779,Female,0,34,No,No,One year,Electronic check,90.17,2857.14,No
CUST-00780,Male,1,71,No,Fiber optic,Two year,Electronic check,117.33,7421.17,Yes
CUST-00781,Female,0,24,No,Fiber optic,One year,Electronic check,110.45,2508.24,No
CUST-00782,Male,0,5,No,DSL,Two year,Credit card (automatic),53.63,243.23,No
CUST-00783,Male,0,35,Yes,Fiber optic,Two year,Bank transfer (automatic),82.61,2835.66,No
CUST-00784,Male,0,51,Yes,Fiber optic,Month-to-month,Credit card (automatic),82.84,4135.96,No
CUST-00785,Female,0,66,No,No,Two year,Electronic check,105.26,6576.1,No
CUST-00786,Female,1,61,No,DSL,Two year,Mailed check,77.29,4691.61,No
CUST-00787,Female,0,6,Yes,DSL,One year,Mailed check,90.49,488.02,Yes
CUST-00788,Female,0,55,No,No,Month-to-month,Credit card (automatic),110.65,5421.18,Yes
CUST-00789,Male,0,22,No,No,Two year,Mailed check,28.07,531.79,No
CUST-00790,Male,0,31,Yes,DSL,One year,Mailed check,68.5,1866.18,No
CUST-00791,Female,0,13,Yes,Fiber optic,Two year,Mailed check,119.67,1408.69,No
CUST-00792,Male,0,26,No,Fiber optic,One year,Mailed check,93.78,2138.62,No
CUST-00793,Female,0,53,Yes,DSL,One year,Credit card (automatic),96.04,4352.62,No
CUST-00794,Male,0,72,No,Fiber optic,Two year,Bank transfer (automatic),77.58,5040.87,No
CUST-00795,Female,1,12,Yes,No,One year,Electronic check,105.32,1125.37,No
CUST-00796,Female,0,62,No,No,Two year,Electronic check,65.41,4035.12,No
CUST-00797,Male,0,45,No,Fiber optic,Two year,Electronic check,86.97,3821.43,No
CUST-00798,Female,0,44,No,DSL,One year,Electronic check,45.25,1827.98,Yes
CUST-00799,Female,0,55,Yes,No,One year,Credit card (automatic),73.63,3662.12,No
CUST-00800,Female,0,29,Yes,DSL,Two year,Credit card (automatic),69.76,1963.16,No
CUST-00801,Male,1,36,Yes,DSL,Two year,Mailed check,48.16,1674.96,No
CUST-00802,Female,0,35,No,Fiber optic,One year,Credit card (automatic),71.04,2228.96,No
CUST-00803,Female,0,52,Yes,DSL,Month-to-month,Mailed check,41.79,1956.36,No
CUST-00804,Female,1,11,Yes,DSL,Two year,Bank transfer (automatic),82.99,786.53,No
CUST-00805,Female,1,21,Yes,Fiber optic,One year,Electronic check,68.51,1285.39,No
CUST-00806,Female,1,30,Yes,No,Month-to-month,Mailed check,96.98,2860.91,No
CUST-00807,Female,0,72,Yes,DSL,Two year,Credit card (automatic),36.05,2272.51,No
CUST-00808,Female,0,64,No,DSL,Month-to-month,Bank transfer (automatic),50.44,2999.47,No
CUST-00809,Female,1,20,No,Fiber optic,Two year,Credit card (automatic),77.47,1414.57,No
CUST-00810,Female,0,50,No,DSL,One year,Electronic check,32.47,1598.71,No
CUST-00811,Male,0,41,Yes,Fiber optic,Month-to-month,Electronic check,46.07,1694.29,No
CUST-00812,Female,0,31,No,DSL,Month-to-month,Credit card (automatic),51.13,1406.98,Yes
CUST-00813,Male,0,33,No,No,Two year,Credit card (automatic),80.68,2309.92,No
CUST-00814,Female,1,3,Yes,Fiber optic,One year,Mailed check,29.64,80.38,No
CUST-00815,Female,0,10,Yes,No,Two year,Bank transfer (automatic),55.07,507.25,No
CUST-00816,Male,0,26,No,DSL,Two year,Electronic check,46.71,1146.93,No
CUST-00817,Female,0,62,No,No,Two year,Bank transfer (automatic),84.24,4954.15,No
CUST-00818,Male,1,36,Yes,Fiber optic,One year,Electronic check,78.24,2685.91,No
CUST-00819,Male,0,60,Yes,No,Two year,Electronic check,37.48,2044.4,No
CUST-00820,Female,0,49,Yes,No,Two year,Electronic check,102.78,4515.68,No
CUST-00821,Female,0,59,No,Fiber optic,Month-to-month,Electronic check,112.81,6443.78,No
CUST-00822,Female,0,3,Yes,No,Month-to-month,Mailed check,86.3,234.73,Yes
CUST-00823,Female,0,30,Yes,Fiber optic,Month-to-month,Credit card (automatic),41.1,1053.33,No
CUST-00824,Female,0,27,No,DSL,Month-to-month,Mailed check,98.22,2342.45,Yes
CUST-00825,Female,0,6,No,DSL,Month-to-month,Credit card (automatic),53.2,273.62,Yes
CUST-00826,Female,0,47,No,DSL,Month-to-month,Credit card (automatic),46.02,1905.34,No
CUST-00827,Female,0,13,Yes,Fiber optic,One year,Bank transfer (automatic),39.47,486.83,No
CUST-00828,Female,0,8,No,Fiber optic,Month-to-month,Credit card (automatic),91.5,689.18,No
CUST-00829,Female,0,12,Yes,DSL,Month-to-month,Bank transfer (automatic),45.84,525.26,Yes
CUST-00830,Male,0,26,No,DSL,Two year,Electronic check,63.42,1505.44,No
CUST-00831,Male,0,6,Yes,No,One year,Electronic check,61.27,342.26,No
CUST-00832,Female,0,47,No,No,One year,Mailed check,105.09,4649.7,No
CUST-00833,Female,0,20,Yes,No,Two year,Mailed check,52.6,995.34,No
CUST-00834,Female,1,59,Yes,No,One year,Credit card (automatic),55.54,2965.34,No
CUST-00835,Male,0,63,Yes,DSL,Month-to-month,Credit card (automatic),60.78,3454.11,No
CUST-00836,Female,0,10,Yes,No,Month-to-month,Mailed check,44.54,421.62,No
CUST-00837,Female,0,23,No,Fiber optic,Two year,Bank transfer (automatic),27.37,562.21,No
CUST-00838,Male,0,55,Yes,Fiber optic,One year,Mailed check,108.56,5944.45,No
CUST-00839,Male,0,5,Yes,DSL,One year,Mailed check,82.33,361.78,No
CUST-00840,Female,0,63,No,No,One year,Electronic check,39.57,2487.3,No
CUST-00841,Female,1,33,Yes,DSL,Two year,Mailed check,67.02,2199.21,No
CUST-00842,Male,0,10,Yes,DSL,Two year,Electronic check,23.89,210.71,Yes
CUST-00843,Male,0,47,Yes,DSL,Two year,Bank transfer (automatic),30.66,1245.73,No
CUST-00844,Female,0,34,Yes,Fiber optic,Two year,Bank transfer (automatic),29.87,1011.95,No
CUST-00845,Male,0,15,Yes,Fiber optic,Two year,Mailed check,49.5,666.7,No
CUST-00846,Male,0,51,Yes,No,One year,Electronic check,68.85,3438.6,No
CUST-00847,Male,1,27,Yes,Fiber optic,One year,Electronic check,37.86,951.19,No
CUST-00848,Female,0,54,Yes,DSL,One year,Bank transfer (automatic),81.08,3748.25,No
CUST-00849,Male,0,11,No,Fiber optic,One year,Credit card (automatic),76.76,749.03,No
CUST-00850,Female,0,59,No,DSL,One year,Mailed check,116.7,6822.59,No
CUST-00851,Male,0,43,No,No,Month-to-month,Mailed check,62.95,2309.72,No
CUST-00852,Female,0,48,Yes,No,Two year,Electronic check,21.25,973.47,No
CUST-00853,Female,1,38,Yes,DSL,Two year,Electronic check,76.2,2816.58,No
CUST-00854,Male,1,2,No,No,Month-to-month,Electronic check,23.61,42.18,Yes
CUST-00855,Female,0,58,Yes,No,One year,Mailed check,41.07,2097.77,No
CUST-00856,Female,0,53,Yes,DSL,Two year,Credit card (automatic),116.28,5702.13,No
CUST-00857,Female,0,21,Yes,Fiber optic,Month-to-month,Credit card (automatic),111.38,2008.96,No
CUST-00858,Female,0,60,Yes,DSL,Two year,Bank transfer (automatic),40.67,2298.78,No
CUST-00859,Male,0,46,Yes,Fiber optic,Month-to-month,Bank transfer (automatic),63.89,2527.37,Yes
CUST-00860,Female,1,6,No,No,One year,Credit card (automatic),75.72,429.08,No
CUST-00861,Male,0,67,No,Fiber optic,Month-to-month,Bank transfer (automatic),49.94,2972.49,No
CUST-00862,Female,0,22,No,DSL,Month-to-month,Electronic check,54.56,1176.88,No
CUST-00863,Male,0,66,Yes,Fiber optic,Two year,Electronic check,30.75,1738.62,No
CUST-00864,Male,0,38,Yes,No,Two year,Electronic check,20.21,743.51,No
CUST-00865,Male,1,35,No,DSL,One year,Credit card (automatic),91.52,3188.92,No
CUST-00866,Male,0,53,No,Fiber optic,Month-to-month,Mailed check,50.32,2321.18,No
CUST-00867,Male,1,2,No,No,Month-to-month,Credit card (automatic),104.73,182.02,Yes
CUST-00868,Female,0,18,Yes,Fiber optic,Two year,Bank transfer (automatic),56.74,904.47,No
CUST-00869,Male,0,3,No,Fiber optic,One year,Mailed check,76.84,214.89,No
CUST-00870,Female,0,34,Yes,DSL,One year,Electronic check,108.37,3562.63,No
CUST-00871,Male,0,2,Yes,DSL,Two year,Credit card (automatic),80.74,153.59,No
CUST-00872,Female,0,28,Yes,Fiber optic,One year,Bank transfer (automatic),43.57,1117.46,No
CUST-00873,Male,1,1,No,Fiber optic,Two year,Credit card (automatic),73.14,62.73,No
CUST-00874,Male,0,24,Yes,Fiber optic,Two year,Credit card (automatic),96.86,2045.09,No
CUST-00875,Female,1,30,No,Fiber optic,Month-to-month,Mailed check,22.48,593.44,No
CUST-00876,Male,0,9,Yes,No,One year,Bank transfer (automatic),39.08,346.77,Yes
CUST-00877,Male,0,38,No,No,One year,Mailed check,118.69,4341.47,No
CUST-00878,Male,0,12,No,No,One year,Mailed check,56.8,669.67,Yes
CUST-00879,Male,1,32,No,Fiber optic,Two year,Electronic check,27.61,859.79,No
CUST-00880,Female,0,52,No,Fiber optic,Month-to-month,Mailed check,50.61,2585.01,No
CUST-00881,Female,0,66,No,No,Month-to-month,Mailed check,95.49,5485.25,Yes
CUST-00882,Male,0,24,No,Fiber optic,Two year,Bank transfer (automatic),102.39,2308.29,No
CUST-00883,Male,0,41,No,DSL,One year,Credit card (automatic),74.98,3073.5,No
CUST-00884,Male,0,38,No,Fiber optic,Two year,Credit card (automatic),20.65,717.99,No
CUST-00885,Female,0,40,Yes,DSL,Month-to-month,Mailed check,46.13,1695.8,Yes
CUST-00886,Female,0,19,No,DSL,One year,Mailed check,69.74,1130.46,No
CUST-00887,Female,0,17,Yes,Fiber optic,Month-to-month,Bank transfer (automatic),58.04,928.25,No
CUST-00888,Female,0,24,Yes,Fiber optic,Month-to-month,Electronic check,111.12,2429.35,No
CUST-00889,Female,1,66,No,Fiber optic,One year,Credit card (automatic),84.79,5401.23,No
CUST-00890,Male,0,50,Yes,DSL,One year,Mailed check,79.59,3626.32,No
CUST-00891,Male,0,72,No,DSL,Month-to-month,Credit card (automatic),93.66,6686.87,No
CUST-00892,Female,0,62,No,DSL,Month-to-month,Credit card (automatic),32.06,1858.52,Yes
CUST-00893,Male,0,46,No,No,One year,Credit card (automatic),62.25,2486.89,No
CUST-00894,Male,1,51,No,No,One year,Mailed check,22.92,1067.0,No
CUST-00895,Female,1,40,Yes,No,One year,Electronic check,97.87,3769.95,No
CUST-00896,Male,0,25,Yes,Fiber optic,One year,Mailed check,35.8,806.04,No
CUST-00897,Female,1,25,Yes,DSL,Two year,Electronic check,25.48,608.67,No
CUST-00898,Male,0,18,No,No,Month-to-month,Electronic check,66.88,1027.69,No
CUST-00899,Male,1,13,Yes,DSL,Two year,Bank transfer (automatic),89.42,1012.38,No
CUST-00900,Male,0,27,Yes,DSL,Month-to-month,Electronic check,44.25,1147.43,Yes
CUST-00901,Female,0,31,No,No,Two year,Electronic check,82.65,2559.03,No
CUST-00902,Male,0,71,No,DSL,Month-to-month,Credit card (automatic),119.13,7684.33,No
CUST-00903,Female,0,24,Yes,Fiber optic,Two year,Bank transfer (automatic),33.02,765.18,No
CUST-00904,Female,0,66,Yes,Fiber optic,One year,Bank transfer (automatic),57.68,3498.24,No
CUST-00905,Female,0,40,No,DSL,Two year,Electronic check,87.59,3489.73,No
CUST-00906,Female,0,66,Yes,No,Month-to-month,Mailed check,27.91,1623.36,No
CUST-00907,Male,1,11,No,DSL,Month-to-month,Bank transfer (automatic),77.92,799.23,No
CUST-00908,Female,0,44,Yes,Fiber optic,Month-to-month,Electronic check,119.57,5260.04,No
CUST-00909,Male,0,22,No,No,One year,Mailed check,64.1,1373.35,No
CUST-00910,Female,0,53,No,DSL,One year,Electronic check,28.65,1376.73,No
CUST-00911,Male,0,15,Yes,DSL,Two year,Bank transfer (automatic),114.44,1627.71,No
CUST-00912,Male,1,41,No,DSL,One year,Electronic check,68.28,2658.69,Yes
CUST-00913,Female,0,43,No,DSL,Month-to-month,Credit card (automatic),80.1,2990.78,Yes
CUST-00914,Female,0,41,No,No,One year,Mailed check,69.31,2446.69,No
CUST-00915,Male,0,65,Yes,DSL,One year,Credit card (automatic),47.47,2844.35,No
CUST-00916,Female,0,44,Yes,No,Month-to-month,Electronic check,72.14,3107.08,No
CUST-00917,Male,0,16,Yes,No,One year,Electronic check,102.66,1409.28,No
CUST-00918,Male,0,44,Yes,Fiber optic,One year,Mailed check,83.38,3444.22,No
CUST-00919,Male,1,18,No,Fiber optic,Month-to-month,Electronic check,89.32,1447.77,Yes
CUST-00920,Female,0,19,No,No,One year,Electronic check,65.3,1128.49,No
CUST-00921,Male,0,12,No,No,Two year,Credit card (automatic),74.53,874.74,No
CUST-00922,Female,1,45,Yes,DSL,One year,Electronic check,117.48,4503.62,No
CUST-00923,Male,0,24,No,No,Two year,Electronic check,119.79,2514.7,No
CUST-00924,Female,0,12,No,Fiber optic,Month-to-month,Bank transfer (automatic),103.1,1107.46,Yes
CUST-00925,Female,0,69,No,No,Two year,Credit card (automatic),82.68,5103.06,No
CUST-00926,Male,0,12,No,Fiber optic,Month-to-month,Electronic check,79.07,866.26,Yes
CUST-00927,Male,0,34,Yes,DSL,Month-to-month,Electronic check,30.4,935.0,No
CUST-00928,Male,1,50,No,No,One year,Credit card (automatic),27.05,1150.47,No
CUST-00929,Male,0,53,No,DSL,Two year,Bank transfer (automatic),51.08,2581.4,No
CUST-00930,Female,1,67,Yes,DSL,Two year,Bank transfer (automatic),111.86,7365.74,No
CUST-00931,Female,1,33,No,DSL,One year,Bank transfer (automatic),25.58,764.35,No
CUST-00932,Male,0,53,No,DSL,Month-to-month,Mailed check,105.35,5290.52,No
CUST-00933,Male,0,38,Yes,DSL,Two year,Bank transfer (automatic),115.21,4034.57,No
CUST-00934,Male,1,50,Yes,DSL,One year,Electronic check,62.35,3035.12,No
CUST-00935,Female,0,72,No,Fiber optic,Two year,Bank transfer (automatic),77.6,5455.04,No
CUST-00936,Female,0,59,No,Fiber optic,Month-to-month,Bank transfer (automatic),28.84,1675.06,No
CUST-00937,Female,0,13,No,Fiber optic,One year,Bank transfer (automatic),88.06,1027.24,No
CUST-00938,Male,0,16,Yes,Fiber optic,Month-to-month,Electronic check,34.03,539.35,Yes
CUST-00939,Female,0,63,No,No,Two year,Credit card (automatic),83.11,5085.38,No
CUST-00940,Male,0,45,No,No,One year,Mailed check,66.04,2560.88,Yes
CUST-00941,Female,0,69,Yes,Fiber optic,Two year,Bank transfer (automatic),24.72,1581.78,No
CUST-00942,Female,0,19,Yes,DSL,Month-to-month,Bank transfer (automatic),36.11,645.22,No
CUST-00943,Male,0,9,Yes,Fiber optic,Month-to-month,Electronic check,91.2,724.64,Yes
CUST-00944,Female,0,32,Yes,Fiber optic,Month-to-month,Electronic check,69.0,2146.14,Yes
CUST-00945,Female,1,56,Yes,No,Month-to-month,Bank transfer (automatic),53.28,2536.31,No
CUST-00946,Male,0,42,No,DSL,Two year,Electronic check,81.06,2966.88,No
CUST-00947,Female,0,15,No,DSL,One year,Electronic check,71.63,944.37,No
CUST-00948,Female,0,11,No,No,One year,Credit card (automatic),61.3,592.76,No
CUST-00949,Female,0,24,No,No,One year,Bank transfer (automatic),79.77,1832.88,No
CUST-00950,Male,0,35,Yes,No,Month-to-month,Bank transfer (automatic),90.73,3000.51,No
CUST-00951,Female,0,42,No,DSL,Month-to-month,Bank transfer (automatic),103.24,4202.7,No
CUST-00952,Female,0,44,Yes,No,Two year,Credit card (automatic),113.2,4264.27,No
CUST-00953,Male,0,57,Yes,No,Two year,Credit card (automatic),71.66,3834.47,No
CUST-00954,Male,0,68,Yes,DSL,Month-to-month,Mailed check,66.13,4117.92,No
CUST-00955,Female,0,36,Yes,No,Month-to-month,Mailed check,103.63,3627.46,No
CUST-00956,Female,0,40,No,Fiber optic,Two year,Electronic check,21.67,787.54,No
CUST-00957,Male,0,53,Yes,Fiber optic,Month-to-month,Mailed check,86.32,4219.16,No
CUST-00958,Male,0,40,Yes,No,One year,Bank transfer (automatic),59.68,2208.16,No
CUST-00959,Female,1,38,Yes,DSL,Month-to-month,Bank transfer (automatic),115.83,3996.84,No
CUST-00960,Female,1,10,No,Fiber optic,One year,Electronic check,89.51,857.66,No
CUST-00961,Male,0,3,No,Fiber optic,Month-to-month,Credit card (automatic),79.67,216.5,Yes
CUST-00962,Male,0,41,Yes,Fiber optic,Two year,Mailed check,68.24,2545.13,No
CUST-00963,Female,0,48,Yes,Fiber optic,One year,Bank transfer (automatic),22.33,1040.35,No
CUST-00964,Male,1,31,No,Fiber optic,One year,Credit card (automatic),24.13,737.66,No
CUST-00965,Male,0,3,Yes,Fiber optic,Month-to-month,Mailed check,36.38,100.15,Yes
CUST-00966,Female,0,4,No,DSL,Month-to-month,Credit card (automatic),31.75,112.27,Yes
CUST-00967,Male,0,20,Yes,No,Month-to-month,Mailed check,109.1,1946.09,No
CUST-00968,Female,1,47,No,DSL,One year,Credit card (automatic),62.04,2686.63,No
CUST-00969,Female,0,15,No,Fiber optic,Month-to-month,Bank transfer (automatic),116.76,1565.81,Yes
CUST-00970,Female,0,37,No,Fiber optic,One year,Credit card (automatic),63.72,2125.83,No
CUST-00971,Female,0,23,No,DSL,One year,Electronic check,47.7,1006.33,No
CUST-00972,Male,0,19,Yes,DSL,One year,Bank transfer (automatic),38.36,676.51,No
CUST-00973,Male,0,62,No,No,Two year,Credit card (automatic),73.03,4012.04,No
CUST-00974,Female,0,57,Yes,DSL,One year,Credit card (automatic),50.06,2828.07,No
CUST-00975,Male,1,23,No,Fiber optic,Month-to-month,Credit card (automatic),69.73,1573.4,No
CUST-00976,Female,1,23,No,Fiber optic,Two year,Bank transfer (automatic),115.16,2382.69,No
CUST-00977,Male,1,9,No,DSL,Month-to-month,Mailed check,60.53,484.45,Yes
CUST-00978,Male,0,11,No,No,One year,Mailed check,33.26,327.06,Yes
CUST-00979,Female,1,66,No,DSL,Month-to-month,Credit card (automatic),62.72,4007.78,No
CUST-00980,Female,1,2,Yes,DSL,Month-to-month,Credit card (automatic),99.99,192.12,No
CUST-00981,Male,0,48,No,Fiber optic,Two year,Bank transfer (automatic),89.2,3745.3,No
CUST-00982,Female,1,20,Yes,Fiber optic,One year,Bank transfer (automatic),88.83,1759.32,No
CUST-00983,Male,1,70,Yes,DSL,Month-to-month,Credit card (automatic),43.85,2611.69,No
CUST-00984,Male,0,65,No,Fiber optic,Month-to-month,Electronic check,25.02,1417.27,No
CUST-00985,Male,0,43,Yes,DSL,Two year,Bank transfer (automatic),55.99,2293.61,No
CUST-00986,Male,1,25,No,No,Two year,Electronic check,32.74,777.06,No
CUST-00987,Female,1,67,No,DSL,Two year,Bank transfer (automatic),44.9,2822.22,No
CUST-00988,Female,0,41,Yes,Fiber optic,Month-to-month,Credit card (automatic),71.05,2806.85,No
CUST-00989,Female,0,34,Yes,No,Month-to-month,Mailed check,111.48,3444.85,No
CUST-00990,Male,0,52,No,DSL,Month-to-month,Credit card (automatic),113.0,5019.36,No
CUST-00991,Female,0,52,No,Fiber optic,One year,Bank transfer (automatic),92.05,4306.69,No
CUST-00992,Male,0,32,Yes,Fiber optic,One year,Credit card (automatic),28.21,865.87,No
CUST-00993,Male,0,6,Yes,DSL,One year,Mailed check,78.89,408.87,Yes
CUST-00994,Female,0,18,Yes,Fiber optic,One year,Electronic check,84.54,1409.37,Yes
CUST-00995,Male,0,50,No,Fiber optic,One year,Electronic check,86.92,3801.77,No
CUST-00996,Male,1,10,Yes,Fiber optic,One year,Bank transfer (automatic),81.45,784.07,No
CUST-00997,Female,0,60,No,Fiber optic,Month-to-month,Bank transfer (automatic),70.95,3801.67,No
CUST-00998,Male,0,10,Yes,No,One year,Mailed check,97.64,949.6,No
CUST-00999,Female,0,33,Yes,No,Two year,Bank transfer (automatic),44.27,1398.51,No
CUST-01000,Female,0,69,No,No,One year,Bank transfer (automatic),37.4,2433.88,No
CUST-01001,Male,0,35,No,Fiber optic,Month-to-month,Mailed check,40.6,1402.14,No
CUST-01002,Female,0,22,Yes,Fiber optic,Two year,Mailed check,88.93,1669.14,No
CUST-01003,Male,0,53,No,No,One year,Electronic check,65.05,2960.75,No
CUST-01004,Male,0,61,Yes,Fiber optic,One year,Bank transfer (automatic),52.59,3016.71,No
CUST-01005,Male,0,68,Yes,Fiber optic,Two year,Credit card (automatic),103.38,6197.74,No
CUST-01006,Female,0,55,No,No,One year,Bank transfer (automatic),108.6,5589.44,No
CUST-01007,Female,1,2,Yes,Fiber optic,Month-to-month,Electronic check,100.03,170.49,No
CUST-01008,Male,0,61,No,Fiber optic,Month-to-month,Mailed check,55.0,3273.7,No
CUST-01009,Male,0,1,No,DSL,Month-to-month,Electronic check,37.3,34.78,Yes
CUST-01010,Female,0,40,Yes,No,One year,Credit card (automatic),76.91,2842.73,No
CUST-01011,Female,0,29,Yes,No,One year,Bank transfer (automatic),94.51,2738.75,No
CUST-01012,Female,0,23,Yes,DSL,One year,Electronic check,27.31,541.19,Yes
CUST-01013,Male,0,23,Yes,No,Month-to-month,Mailed check,32.78,647.08,Yes
CUST-01014,Male,0,50,No,Fiber optic,Two year,Bank transfer (automatic),118.59,5083.92,No
CUST-01015,Female,0,15,No,Fiber optic,Month-to-month,Credit card (automatic),103.58,1324.26,Yes
CUST-01016,Female,1,16,No,DSL,One year,Electronic check,110.46,1553.01,Yes
CUST-01017,Female,0,66,Yes,Fiber optic,Two year,Credit card (automatic),73.09,4626.87,No
CUST-01018,Male,0,55,No,DSL,Month-to-month,Electronic check,21.99,1178.46,No
CUST-01019,Female,0,17,No,DSL,One year,Mailed check,94.2,1549.66,No
CUST-01020,Female,1,33,No,Fiber optic,Two year,Credit card (automatic),97.79,3050.73,No
CUST-01021,Male,0,33,Yes,DSL,One year,Credit card (automatic),61.17,1975.29,No
CUST-01022,Male,1,15,No,Fiber optic,Month-to-month,Electronic check,41.17,612.06,Yes
CUST-01023,Male,0,3,Yes,Fiber optic,Two year,Electronic check,95.79,254.62,No
CUST-01024,Male,0,29,Yes,Fiber optic,Two year,Mailed check,68.09,1909.56,No
CUST-01025,Female,1,15,No,Fiber optic,One year,Electronic check,54.23,705.9,No
CUST-01026,Male,1,7,Yes,No,Month-to-month,Electronic check,23.57,162.2,Yes
CUST-01027,Male,0,64,Yes,Fiber optic,Two year,Bank transfer (automatic),80.84,4582.97,No
CUST-01028,Male,0,51,No,No,Month-to-month,Mailed check,117.05,5649.12,No
CUST-01029,Female,0,68,No,Fiber optic,One year,Bank transfer (automatic),24.78,1437.05,No
CUST-01030,Male,0,15,No,DSL,Month-to-month,Mailed check,70.9,1025.58,No
CUST-01031,Male,0,36,Yes,No,Two year,Bank transfer (automatic),45.61,1527.68,No
CUST-01032,Female,0,32,No,DSL,Two year,Electronic check,70.66,2164.43,No
CUST-01033,Female,0,21,Yes,Fiber optic,Two year,Mailed check,115.11,2322.98,No
CUST-01034,Male,1,30,No,DSL,One year,Mailed check,104.1,2882.76,Yes
CUST-01035,Male,0,45,No,No,One year,Electronic check,49.45,2133.22,No
CUST-01036,Female,1,5,No,Fiber optic,Month-to-month,Electronic check,73.4,360.31,Yes
CUST-01037,Female,0,56,No,Fiber optic,Two year,Electronic check,89.52,4487.25,No
CUST-01038,Male,0,11,Yes,Fiber optic,One year,Electronic check,101.99,1098.29,Yes
CUST-01039,Female,0,39,Yes,DSL,One year,Credit card (automatic),41.94,1528.22,No
CUST-01040,Male,1,26,Yes,No,Two year,Credit card (automatic),31.29,723.46,No
CUST-01041,Female,0,16,No,Fiber optic,Two year,Credit card (automatic),85.93,1234.59,No
CUST-01042,Male,1,49,Yes,Fiber optic,Two year,Bank transfer (automatic),113.63,5290.18,No
CUST-01043,Male,1,7,No,Fiber optic,One year,Mailed check,21.08,143.13,No
CUST-01044,Male,0,33,Yes,Fiber optic,Two year,Mailed check,94.45,2937.84,No
CUST-01045,Female,0,11,No,Fiber optic,Two year,Mailed check,109.37,1173.08,No
CUST-01046,Male,0,37,Yes,No,Two year,Mailed check,24.71,857.07,No
CUST-01047,Male,0,61,Yes,DSL,Month-to-month,Credit card (automatic),28.6,1737.85,No
CUST-01048,Female,0,23,No,Fiber optic,One year,Electronic check,25.33,575.28,No
CUST-01049,Female,0,34,Yes,DSL,One year,Credit card (automatic),30.55,980.53,Yes
CUST-01050,Male,0,12,No,No,Month-to-month,Electronic check,42.77,440.79,No
CUST-01051,Male,0,33,Yes,Fiber optic,Two year,Electronic check,111.57,3173.55,No
CUST-01052,Female,0,20,No,No,Two year,Electronic check,66.61,1230.69,No
CUST-01053,Female,1,42,Yes,Fiber optic,One year,Bank transfer (automatic),57.74,2249.64,No
CUST-01054,Female,0,27,No,DSL,Two year,Mailed check,111.21,2977.45,No
CUST-01055,Male,0,38,Yes,DSL,Two year,Electronic check,71.53,2613.0,No
CUST-01056,Female,0,49,Yes,Fiber optic,Two year,Mailed check,54.75,2329.15,No
CUST-01057,Male,1,16,No,No,One year,Credit card (automatic),58.5,914.35,No
CUST-01058,Female,0,49,No,Fiber optic,Month-to-month,Credit card (automatic),55.51,2687.44,No
CUST-01059,Male,0,60,No,Fiber optic,Two year,Bank transfer (automatic),69.04,3820.78,No
CUST-01060,Female,0,68,Yes,No,Month-to-month,Credit card (automatic),33.31,2148.09,No
CUST-01061,Male,1,60,No,No,Month-to-month,Bank transfer (automatic),97.23,5563.59,No
CUST-01062,Female,0,44,No,DSL,Two year,Credit card (automatic),64.88,2617.82,No
CUST-01063,Male,0,20,Yes,DSL,Two year,Bank transfer (automatic),28.14,517.21,No
CUST-01064,Male,0,43,Yes,No,Month-to-month,Electronic check,71.4,2811.76,No
CUST-01065,Female,0,45,Yes,No,Two year,Mailed check,53.37,2312.25,No
CUST-01066,Male,0,64,No,DSL,Two year,Mailed check,101.42,5548.29,No
CUST-01067,Male,1,45,No,Fiber optic,Month-to-month,Electronic check,94.09,3741.75,Yes
CUST-01068,Female,0,70,No,No,Month-to-month,Bank transfer (automatic),94.26,6091.45,Yes
CUST-01069,Male,0,49,Yes,Fiber optic,Two year,Bank transfer (automatic),43.96,1896.21,No
CUST-01070,Male,1,59,Yes,DSL,Month-to-month,Credit card (automatic),37.85,1901.81,No
CUST-01071,Female,1,19,Yes,DSL,Two year,Mailed check,104.72,1802.31,No
CUST-01072,Female,0,66,Yes,Fiber optic,Two year,Electronic check,66.51,4037.24,Yes
CUST-01073,Female,0,20,No,DSL,Month-to-month,Electronic check,37.25,660.33,No
CUST-01074,Male,0,50,Yes,Fiber optic,Month-to-month,Bank transfer (automatic),30.9,1527.27,Yes
CUST-01075,Female,0,12,Yes,DSL,Two year,Bank transfer (automatic),47.88,560.38,No
CUST-01076,Female,0,44,No,No,Month-to-month,Mailed check,56.42,2138.03,No
CUST-01077,Female,0,25,No,Fiber optic,One year,Credit card (automatic),22.35,491.4,No
CUST-01078,Female,0,58,Yes,No,Month-to-month,Electronic check,113.72,5865.52,No
CUST-01079,Female,1,47,No,No,Month-to-month,Credit card (automatic),43.1,1800.74,Yes
CUST-01080,Female,0,63,No,Fiber optic,Two year,Credit card (automatic),70.73,3853.82,No
CUST-01081,Male,0,36,Yes,Fiber optic,Month-to-month,Bank transfer (automatic),74.76,2462.54,No
CUST-01082,Female,0,34,No,DSL,Month-to-month,Electronic check,39.63,1216.28,No
CUST-01083,Male,0,33,No,DSL,Two year,Mailed check,83.7,2515.18,No
CUST-01084,Female,0,39,Yes,No,Month-to-month,Electronic check,81.82,2991.31,No
CUST-01085,Male,0,4,No,DSL,One year,Credit card (automatic),93.29,348.58,No
CUST-01086,Male,0,50,No,DSL,Two year,Electronic check,105.88,4689.8,No
CUST-01087,Male,0,18,Yes,No,One year,Mailed check,107.12,1762.87,No
CUST-01088,Male,0,18,No,DSL,One year,Electronic check,71.09,1230.48,No
CUST-01089,Male,0,66,No,DSL,Month-to-month,Electronic check,41.18,2686.75,No
CUST-01090,Female,0,12,No,No,One year,Credit card (automatic),69.36,757.41,No
CUST-01091,Male,0,61,No,No,Month-to-month,Electronic check,34.06,2061.71,No
CUST-01092,Female,1,27,Yes,No,Month-to-month,Mailed check,56.14,1307.13,Yes
CUST-01093,Male,0,18,Yes,No,Two year,Credit card (automatic),91.84,1648.56,No
CUST-01094,Female,0,35,Yes,DSL,One year,Electronic check,99.34,3302.25,Yes
CUST-01095,Male,1,38,Yes,Fiber optic,Two year,Mailed check,48.54,1719.3,No
CUST-01096,Female,0,1,Yes,No,Month-to-month,Credit card (automatic),41.19,37.68,No
CUST-01097,Male,1,18,Yes,Fiber optic,Month-to-month,Mailed check,115.8,1850.59,No
CUST-01098,Male,1,21,No,Fiber optic,Two year,Electronic check,54.04,982.32,No
CUST-01099,Female,0,36,Yes,Fiber optic,One year,Electronic check,45.82,1472.12,Yes
CUST-01100,Male,1,1,No,DSL,One year,Electronic check,54.42,51.04,No
CUST-01101,Female,0,23,No,No,One year,Mailed check,77.9,1692.81,No
CUST-01102,Female,1,48,No,Fiber optic,One year,Electronic check,51.93,2120.67,No
CUST-01103,Male,1,70,No,DSL,One year,Mailed check,98.42,6624.73,No
CUST-01104,Female,0,14,No,Fiber optic,One year,Electronic check,90.59,1256.63,No
CUST-01105,Female,0,37,No,DSL,Month-to-month,Bank transfer (automatic),74.79,2549.69,Yes
CUST-01106,Male,0,67,No,No,One year,Mailed check,107.15,6839.68,No
CUST-01107,Female,0,72,Yes,DSL,Month-to-month,Electronic check,105.53,7038.23,Yes
CUST-01108,Female,0,46,Yes,No,Month-to-month,Mailed check,37.69,1503.59,No
CUST-01109,Female,0,63,Yes,DSL,One year,Bank transfer (automatic),76.49,4248.98,No
CUST-01110,Female,0,3,No,Fiber optic,One year,Electronic check,21.55,61.47,Yes
CUST-01111,Female,0,43,Yes,Fiber optic,Two year,Mailed check,98.88,4054.96,No
CUST-01112,Female,1,23,Yes,DSL,Month-to-month,Mailed check,104.07,2142.16,No
CUST-01113,Female,0,69,Yes,Fiber optic,Month-to-month,Credit card (automatic),30.41,1816.85,No
CUST-01114,Female,0,65,Yes,No,One year,Electronic check,71.01,4614.77,No
CUST-01115,Female,1,46,Yes,DSL,One year,Electronic check,28.43,1148.25,No
CUST-01116,Female,0,38,No,No,Two year,Credit card (automatic),77.78,2919.43,No
CUST-01117,Male,1,52,Yes,No,Month-to-month,Mailed check,49.57,2547.13,No
CUST-01118,Female,0,14,No,DSL,One year,Electronic check,34.6,455.5,No
CUST-01119,Male,0,57,No,No,Two year,Mailed check,74.1,4008.52,No
CUST-01120,Female,1,42,Yes,DSL,Month-to-month,Bank transfer (automatic),100.32,3633.07,No
CUST-01121,Male,0,11,Yes,DSL,One year,Electronic check,94.17,990.0,No
CUST-01122,Male,0,45,No,DSL,One year,Mailed check,82.41,3215.82,No
CUST-01123,Female,1,48,Yes,DSL,One year,Electronic check,52.05,2484.27,No
CUST-01124,Female,0,29,Yes,DSL,Two year,Bank transfer (automatic),74.2,1847.26,No
CUST-01125,Female,0,33,No,DSL,Month-to-month,Bank transfer (automatic),79.74,2589.76,No
CUST-01126,Male,0,30,Yes,DSL,One year,Mailed check,59.39,1618.67,No
CUST-01127,Male,0,34,Yes,DSL,Month-to-month,Credit card (automatic),22.32,732.07,Yes
CUST-01128,Male,0,32,No,Fiber optic,Month-to-month,Credit card (automatic),75.52,2119.82,No
CUST-01129,Male,1,11,No,Fiber optic,One year,Bank transfer (automatic),86.6,896.57,No
CUST-01130,Male,0,15,No,Fiber optic,Month-to-month,Credit card (automatic),54.64,803.93,No
CUST-01131,Female,0,69,Yes,No,Two year,Bank transfer (automatic),115.54,7021.47,No
CUST-01132,Male,0,5,Yes,DSL,Month-to-month,Electronic check,115.6,527.4,Yes
CUST-01133,Female,0,61,Yes,No,Month-to-month,Credit card (automatic),78.91,4639.01,No
CUST-01134,Male,1,58,No,DSL,Month-to-month,Electronic check,54.7,2856.98,No
CUST-01135,Female,1,8,No,DSL,Two year,Electronic check,57.55,398.95,No
CUST-01136,Male,1,21,No,No,Month-to-month,Bank transfer (automatic),102.97,1846.28,No
CUST-01137,Female,1,46,No,No,One year,Bank transfer (automatic),91.28,3692.31,No
CUST-01138,Female,0,33,Yes,Fiber optic,Two year,Bank transfer (automatic),108.44,3559.5,No
CUST-01139,Female,0,1,Yes,DSL,Two year,Electronic check,66.9,66.12,No
CUST-01140,Male,1,6,No,DSL,Month-to-month,Credit card (automatic),82.82,438.63,No
CUST-01141,Male,0,42,No,Fiber optic,Month-to-month,Mailed check,53.54,2090.51,Yes
CUST-01142,Female,0,47,Yes,Fiber optic,One year,Electronic check,105.13,4604.26,No
CUST-01143,Female,0,56,No,No,One year,Credit card (automatic),98.32,5337.82,Yes
CUST-01144,Female,0,41,No,No,One year,Credit card (automatic),69.7,2507.76,No
CUST-01145,Male,0,12,No,DSL,Two year,Bank transfer (automatic),79.51,820.13,No
CUST-01146,Female,0,43,No,DSL,Two year,Electronic check,50.35,2049.72,No
CUST-01147,Male,0,45,No,Fiber optic,Month-to-month,Credit card (automatic),44.62,1978.76,No
CUST-01148,Female,0,63,Yes,DSL,One year,Credit card (automatic),55.66,3060.41,No
CUST-01149,Female,0,62,Yes,DSL,Month-to-month,Bank transfer (automatic),78.92,4521.53,No
CUST-01150,Male,0,8,Yes,No,One year,Bank transfer (automatic),99.57,729.37,No
CUST-01151,Male,1,66,Yes,Fiber optic,Two year,Credit card (automatic),24.88,1421.12,No
CUST-01152,Male,1,27,Yes,DSL,One year,Mailed check,105.65,2684.5,No
CUST-01153,Male,0,23,No,DSL,One year,Credit card (automatic),105.92,2196.19,No
CUST-01154,Male,0,34,Yes,DSL,Month-to-month,Bank transfer (automatic),113.78,3767.02,No
CUST-01155,Male,0,8,No,No,Month-to-month,Mailed check,25.15,180.81,No
CUST-01156,Female,0,40,Yes,DSL,One year,Credit card (automatic),21.71,797.17,No
CUST-01157,Female,0,52,No,Fiber optic,Month-to-month,Bank transfer (automatic),49.5,2383.69,No
CUST-01158,Male,1,66,No,No,Month-to-month,Electronic check,45.86,2996.63,No
CUST-01159,Female,0,45,No,No,Month-to-month,Electronic check,35.01,1505.42,No
CUST-01160,Male,0,49,Yes,DSL,One year,Electronic check,58.4,2711.14,No
CUST-01161,Male,0,71,Yes,No,Month-to-month,Credit card (automatic),91.29,6008.59,No
CUST-01162,Male,0,63,Yes,DSL,One year,Bank transfer (automatic),46.29,2834.24,No
CUST-01163,Male,0,25,No,No,Month-to-month,Mailed check,49.04,1199.31,Yes
CUST-01164,Female,0,47,No,DSL,Two year,Bank transfer (automatic),108.28,5009.39,No
CUST-01165,Male,0,14,No,No,One year,Credit card (automatic),30.24,367.66,No
CUST-01166,Female,0,16,Yes,DSL,One year,Bank transfer (automatic),83.21,1325.0,No
CUST-01167,Female,0,24,No,Fiber optic,Month-to-month,Mailed check,49.26,1036.52,Yes
CUST-01168,Female,0,28,No,No,One year,Mailed check,86.21,2121.54,No
CUST-01169,Male,1,9,Yes,No,Two year,Mailed check,26.61,214.94,No
CUST-01170,Male,0,8,Yes,No,Two year,Mailed check,62.17,457.91,No
CUST-01171,Male,0,32,No,Fiber optic,Month-to-month,Credit card (automatic),27.52,758.82,No
CUST-01172,Female,1,43,No,No,Month-to-month,Electronic check,38.59,1640.33,Yes
CUST-01173,Male,1,12,Yes,DSL,One year,Bank transfer (automatic),22.09,247.12,No
CUST-01174,Male,0,24,No,Fiber optic,One year,Mailed check,93.78,1915.87,No
CUST-01175,Female,0,63,No,Fiber optic,Two year,Electronic check,97.3,5586.68,No
CUST-01176,Male,0,40,No,Fiber optic,One year,Bank transfer (automatic),41.33,1492.63,No
CUST-01177,Male,0,22,No,Fiber optic,Month-to-month,Electronic check,107.35,2280.65,Yes
CUST-01178,Female,0,10,Yes,DSL,Two year,Electronic check,60.62,581.38,No
CUST-01179,Female,1,35,No,No,Month-to-month,Mailed check,87.9,2907.76,No
CUST-01180,Female,0,51,Yes,No,One year,Bank transfer (automatic),97.83,4832.96,No
CUST-01181,Male,0,16,Yes,Fiber optic,One year,Mailed check,82.93,1220.09,No
CUST-01182,Female,0,62,Yes,Fiber optic,Two year,Electronic check,26.42,1442.21,No
CUST-01183,Female,0,51,No,Fiber optic,One year,Bank transfer (automatic),31.53,1551.61,No
CUST-01184,Female,0,43,Yes,Fiber optic,Two year,Mailed check,92.44,3842.72,No
CUST-01185,Male,0,28,Yes,Fiber optic,One year,Credit card (automatic),26.03,687.32,No
CUST-01186,Male,0,21,Yes,No,One year,Credit card (automatic),25.09,485.7,No
CUST-01187,Male,0,71,No,DSL,Two year,Mailed check,113.26,7458.85,No
CUST-01188,Male,0,65,Yes,Fiber optic,One year,Mailed check,50.34,3094.7,No
CUST-01189,Female,0,45,No,No,Two year,Electronic check,29.39,1141.36,No
CUST-01190,Male,1,10,Yes,Fiber optic,One year,Mailed check,66.95,663.31,No
CUST-01191,Female,0,40,No,No,Month-to-month,Electronic check,46.91,1697.0,No
CUST-01192,Female,0,44,Yes,No,Two year,Credit card (automatic),40.36,1518.78,No
CUST-01193,Male,0,42,Yes,No,One year,Bank transfer (automatic),48.39,1971.32,Yes
CUST-01194,Female,0,72,Yes,No,Two year,Bank transfer (automatic),30.01,1862.18,No
CUST-01195,Male,0,4,Yes,DSL,Two year,Mailed check,119.72,457.43,No
CUST-01196,Female,0,9,No,No,Two year,Bank transfer (automatic),100.94,830.34,No
CUST-01197,Male,0,71,Yes,No,Month-to-month,Mailed check,36.46,2475.08,No
CUST-01198,Female,0,63,No,No,Two year,Credit card (automatic),42.14,2531.69,No
CUST-01199,Female,0,3,Yes,DSL,Two year,Bank transfer (automatic),93.07,243.24,No
CUST-01200,Female,1,29,No,No,Month-to-month,Bank transfer (automatic),45.25,1311.44,No
CUST-01201,Female,0,8,Yes,DSL,Month-to-month,Credit card (automatic),62.62,473.51,No
CUST-01202,Female,0,35,No,DSL,Two year,Electronic check,71.5,2196.0,No
CUST-01203,Female,0,48,No,DSL,Month-to-month,Bank transfer (automatic),52.03,2207.9,Yes
CUST-01204,Male,1,37,Yes,Fiber optic,Month-to-month,Credit card (automatic),99.85,3147.9,No
CUST-01205,Male,1,72,No,No,Month-to-month,Mailed check,70.29,4895.17,No
CUST-01206,Male,0,13,No,Fiber optic,Two year,Electronic check,23.11,283.87,No
CUST-01207,Female,0,5,No,DSL,Two year,Mailed check,51.4,243.9,No
CUST-01208,Female,0,57,Yes,DSL,One year,Mailed check,21.79,1174.58,No
CUST-01209,Male,1,7,Yes,No,Two year,Bank transfer (automatic),38.32,252.97,No
CUST-01210,Female,0,72,No,No,One year,Credit card (automatic),71.26,4425.23,No
CUST-01211,Female,0,34,Yes,Fiber optic,Month-to-month,Bank transfer (automatic),37.07,1227.15,No
CUST-01212,Female,1,64,No,DSL,Month-to-month,Bank transfer (automatic),116.78,6644.63,No
CUST-01213,Female,0,21,Yes,Fiber optic,One year,Credit card (automatic),33.38,607.89,No
CUST-01214,Male,0,2,Yes,No,Two year,Bank transfer (automatic),50.82,93.68,No
CUST-01215,Female,0,61,No,DSL,Two year,Bank transfer (automatic),97.45,5584.55,No
CUST-01216,Female,0,63,No,Fiber optic,One year,Credit card (automatic),102.14,5910.44,No
CUST-01217,Female,0,57,No,Fiber optic,One year,Credit card (automatic),75.58,4196.47,No
CUST-01218,Female,0,9,No,DSL,Month-to-month,Credit card (automatic),85.31,733.92,Yes
CUST-01219,Male,0,64,No,No,One year,Electronic check,31.77,1887.54,No
CUST-01220,Male,0,27,Yes,No,Month-to-month,Bank transfer (automatic),37.33,870.0,Yes
CUST-01221,Female,0,16,Yes,DSL,Two year,Mailed check,98.49,1474.58,No
CUST-01222,Female,0,6,Yes,Fiber optic,Month-to-month,Mailed check,100.66,571.98,No
CUST-01223,Male,0,56,Yes,DSL,Two year,Credit card (automatic),29.65,1557.8,No
CUST-01224,Female,1,23,Yes,No,Two year,Electronic check,45.76,1021.48,No
CUST-01225,Female,1,6,No,No,Month-to-month,Credit card (automatic),78.47,432.78,No
CUST-01226,Female,0,37,Yes,Fiber optic,Month-to-month,Credit card (automatic),36.36,1198.92,No
CUST-01227,Female,0,41,Yes,Fiber optic,Two year,Electronic check,102.39,3984.91,No
CUST-01228,Male,1,59,Yes,No,Two year,Mailed check,34.91,1992.86,No
CUST-01229,Female,0,27,No,Fiber optic,One year,Mailed check,102.78,2484.75,No
CUST-01230,Female,1,3,Yes,DSL,Month-to-month,Mailed check,88.82,264.64,No
CUST-01231,Male,1,36,Yes,No,Two year,Bank transfer (automatic),20.19,718.46,No
CUST-01232,Female,0,38,No,Fiber optic,One year,Bank transfer (automatic),30.88,1151.5,No
CUST-01233,Male,1,11,Yes,Fiber optic,One year,Bank transfer (automatic),54.62,591.42,No
CUST-01234,Male,0,32,Yes,No,Month-to-month,Mailed check,88.35,2465.27,No
CUST-01235,Female,1,54,No,No,One year,Electronic check,83.79,4341.92,No
CUST-01236,Male,0,1,Yes,Fiber optic,One year,Mailed check,80.96,70.63,No
CUST-01237,Male,0,27,Yes,DSL,Two year,Electronic check,99.49,2412.33,No
CUST-01238,Female,0,19,Yes,No,Month-to-month,Credit card (automatic),42.55,718.6,Yes
CUST-01239,Male,0,33,Yes,No,Two year,Electronic check,95.74,2962.32,No
CUST-01240,Female,0,23,No,DSL,Month-to-month,Mailed check,70.21,1548.77,Yes
CUST-01241,Male,0,66,Yes,Fiber optic,Month-to-month,Electronic check,60.0,3453.14,No
CUST-01242,Female,0,23,No,DSL,Two year,Bank transfer (automatic),28.07,573.94,No
CUST-01243,Female,0,4,No,DSL,Month-to-month,Credit card (automatic),91.44,358.81,No
CUST-01244,Female,0,58,Yes,Fiber optic,Month-to-month,Bank transfer (automatic),40.06,2051.07,No
CUST-01245,Male,1,19,Yes,No,One year,Mailed check,93.42,1708.89,No
CUST-01246,Female,1,1,No,Fiber optic,Two year,Mailed check,83.91,77.05,No
CUST-01247,Female,1,67,Yes,DSL,Two year,Bank transfer (automatic),64.18,3968.86,No
CUST-01248,Male,0,29,Yes,No,Month-to-month,Bank transfer (automatic),70.15,1881.41,No
CUST-01249,Female,1,8,Yes,No,Two year,Bank transfer (automatic),52.65,395.56,No
CUST-01250,Female,1,68,Yes,Fiber optic,Month-to-month,Credit card (automatic),31.98,2090.85,No
CUST-01251,Female,0,46,No,DSL,Two year,Electronic check,35.83,1465.77,No
CUST-01252,Male,0,58,Yes,Fiber optic,One year,Mailed check,35.12,1755.51,No
CUST-01253,Female,0,43,No,DSL,One year,Bank transfer (automatic),89.35,3527.77,No
CUST-01254,Male,1,59,Yes,No,Month-to-month,Credit card (automatic),91.55,5293.29,No
CUST-01255,Male,0,63,Yes,DSL,One year,Credit card (automatic),71.94,4425.77,No
CUST-01256,Male,0,29,Yes,Fiber optic,One year,Mailed check,87.45,2433.51,No
CUST-01257,Male,0,16,Yes,DSL,Month-to-month,Credit card (automatic),97.94,1498.14,No
CUST-01258,Male,1,25,Yes,DSL,Month-to-month,Electronic check,95.15,2118.09,Yes
CUST-01259,Male,1,4,No,No,Month-to-month,Bank transfer (automatic),99.47,354.35,No
CUST-01260,Female,0,30,Yes,No,Two year,Credit card (automatic),33.81,889.15,No
CUST-01261,Male,0,27,No,Fiber optic,Month-to-month,Credit card (automatic),107.42,2506.25,Yes
CUST-01262,Female,0,26,No,No,One year,Credit card (automatic),110.78,2780.21,No
CUST-01263,Female,0,6,No,Fiber optic,One year,Credit card (automatic),66.77,363.35,No
CUST-01264,Female,0,16,No,DSL,Two year,Electronic check,74.57,1028.8,No
CUST-01265,Male,1,59,Yes,Fiber optic,One year,Bank transfer (automatic),42.86,2428.81,No
CUST-01266,Female,0,23,No,No,Two year,Bank transfer (automatic),105.43,2067.16,No
CUST-01267,Male,0,15,Yes,DSL,One year,Mailed check,88.72,1299.38,No
CUST-01268,Male,0,29,No,Fiber optic,Two year,Bank transfer (automatic),48.72,1355.28,No
CUST-01269,Female,1,57,Yes,Fiber optic,One year,Bank transfer (automatic),33.19,1733.13,No
CUST-01270,Female,0,51,No,No,Month-to-month,Bank transfer (automatic),111.85,5132.23,No
CUST-01271,Female,0,69,No,No,Month-to-month,Bank transfer (automatic),115.44,7704.05,No
CUST-01272,Female,0,21,No,DSL,One year,Credit card (automatic),81.42,1598.23,No
CUST-01273,Male,0,1,Yes,DSL,One year,Mailed check,111.41,111.23,No
CUST-01274,Male,1,70,Yes,Fiber optic,One year,Credit card (automatic),43.65,2999.25,No
CUST-01275,Male,0,10,Yes,Fiber optic,Two year,Bank transfer (automatic),78.68,725.98,No
CUST-01276,Female,0,26,No,Fiber optic,Month-to-month,Electronic check,43.09,1065.56,Yes
CUST-01277,Female,1,37,Yes,Fiber optic,Two year,Bank transfer (automatic),96.87,3536.98,No
CUST-01278,Female,1,59,No,Fiber optic,One year,Credit card (automatic),112.22,5703.14,No
CUST-01279,Male,1,17,No,No,Two year,Bank transfer (automatic),106.73,1727.6,No
CUST-01280,Female,0,25,Yes,No,Two year,Mailed check,65.26,1407.67,No
CUST-01281,Male,0,4,Yes,Fiber optic,One year,Credit card (automatic),80.01,280.52,No
CUST-01282,Male,1,72,Yes,DSL,Month-to-month,Bank transfer (automatic),31.17,2053.81,Yes
CUST-01283,Female,0,14,Yes,Fiber optic,Two year,Bank transfer (automatic),80.78,993.85,No
CUST-01284,Male,0,70,No,No,Two year,Mailed check,38.36,2650.09,No
CUST-01285,Male,0,6,Yes,DSL,Month-to-month,Electronic check,46.54,245.15,Yes
CUST-01286,Female,0,51,Yes,DSL,One year,Credit card (automatic),85.85,4004.69,No
CUST-01287,Male,1,22,No,DSL,Month-to-month,Credit card (automatic),79.67,1559.89,No
CUST-01288,Female,0,54,No,No,Month-to-month,Credit card (automatic),108.65,5587.43,No
CUST-01289,Male,0,49,No,DSL,Two year,Electronic check,69.47,3207.29,No
CUST-01290,Female,0,1,Yes,No,Two year,Mailed check,70.88,70.68,No
CUST-01291,Female,0,34,No,DSL,One year,Electronic check,23.92,805.49,No
CUST-01292,Female,0,60,Yes,Fiber optic,Month-to-month,Electronic check,56.36,2962.92,No
CUST-01293,Male,0,7,Yes,Fiber optic,One year,Bank transfer (automatic),32.88,201.67,No
CUST-01294,Female,0,35,Yes,DSL,Month-to-month,Bank transfer (automatic),108.03,3598.11,No
CUST-01295,Female,1,58,No,DSL,Two year,Electronic check,77.66,4197.44,No
CUST-01296,Female,0,57,Yes,Fiber optic,Month-to-month,Credit card (automatic),86.7,4586.2,No
CUST-01297,Female,0,52,Yes,Fiber optic,Month-to-month,Electronic check,62.62,2965.3,No
CUST-01298,Female,0,18,Yes,DSL,Month-to-month,Credit card (automatic),36.98,661.93,Yes
CUST-01299,Male,0,37,Yes,No,One year,Electronic check,83.44,2980.56,No
CUST-01300,Female,0,43,Yes,No,One year,Credit card (automatic),21.93,918.77,No
CUST-01301,Male,0,17,Yes,No,One year,Mailed check,73.77,1223.44,No
CUST-01302,Female,0,9,No,No,Month-to-month,Bank transfer (automatic),28.2,234.29,Yes
CUST-01303,Male,0,45,Yes,Fiber optic,Month-to-month,Electronic check,73.89,3021.64,Yes
CUST-01304,Female,0,63,Yes,No,Two year,Electronic check,57.46,3180.95,No
CUST-01305,Female,1,42,No,DSL,Two year,Bank transfer (automatic),59.7,2478.92,No
CUST-01306,Female,0,43,No,No,Month-to-month,Credit card (automatic),25.01,1000.49,No
CUST-01307,Male,1,61,No,No,One year,Mailed check,79.04,4580.37,No
CUST-01308,Female,0,52,No,No,Two year,Electronic check,53.0,2385.96,No
CUST-01309,Female,0,24,No,Fiber optic,One year,Mailed check,28.35,643.7,No
CUST-01310,Female,0,60,Yes,Fiber optic,One year,Credit card (automatic),22.33,1146.8,No
CUST-01311,Male,1,54,No,Fiber optic,Two year,Bank transfer (automatic),48.36,2589.54,No
CUST-01312,Male,0,42,No,DSL,Month-to-month,Electronic check,62.58,2293.38,Yes
CUST-01313,Female,0,69,Yes,DSL,One year,Credit card (automatic),28.13,1666.37,No
CUST-01314,Female,1,33,Yes,Fiber optic,Two year,Bank transfer (automatic),59.8,1919.06,No
CUST-01315,Female,0,40,No,No,Two year,Credit card (automatic),76.41,2690.08,No
CUST-01316,Male,0,66,Yes,No,Two year,Mailed check,72.07,4560.9,No
CUST-01317,Male,0,37,No,Fiber optic,Month-to-month,Bank transfer (automatic),71.12,2604.22,No
CUST-01318,Male,0,27,Yes,DSL,One year,Bank transfer (automatic),45.87,1166.14,No
CUST-01319,Female,1,1,No,DSL,Month-to-month,Electronic check,23.93,21.08,Yes
CUST-01320,Female,0,66,No,DSL,One year,Electronic check,91.75,5896.54,No
CUST-01321,Female,0,53,No,DSL,One year,Credit card (automatic),54.57,2522.46,No
CUST-01322,Male,0,18,Yes,Fiber optic,Month-to-month,Mailed check,101.3,1706.86,Yes
CUST-01323,Female,0,62,No,DSL,One year,Mailed check,27.3,1589.1,No
CUST-01324,Male,1,25,Yes,DSL,One year,Mailed check,41.26,880.62,No
CUST-01325,Female,0,38,Yes,Fiber optic,One year,Credit card (automatic),50.85,1648.17,No
CUST-01326,Male,0,2,Yes,DSL,Two year,Bank transfer (automatic),65.58,126.42,No
CUST-01327,Female,0,29,Yes,No,Month-to-month,Bank transfer (automatic),47.27,1267.74,Yes
CUST-01328,Female,1,58,Yes,DSL,Month-to-month,Mailed check,54.84,2845.87,No
CUST-01329,Male,0,25,No,No,Two year,Credit card (automatic),115.33,2507.27,No
CUST-01330,Male,0,28,Yes,DSL,Two year,Credit card (automatic),108.71,2754.58,No
CUST-01331,Male,0,34,Yes,Fiber optic,Two year,Electronic check,112.44,3589.04,No
CUST-01332,Female,0,31,No,DSL,Two year,Bank transfer (automatic),114.38,3058.58,No
CUST-01333,Female,0,33,Yes,DSL,One year,Bank transfer (automatic),56.08,1756.96,No
CUST-01334,Female,0,5,No,DSL,Month-to-month,Mailed check,83.99,369.86,Yes
CUST-01335,Male,0,3,Yes,Fiber optic,Month-to-month,Credit card (automatic),104.77,311.6,Yes
CUST-01336,Female,1,61,No,Fiber optic,One year,Credit card (automatic),55.37,2911.9,No
CUST-01337,Male,0,43,Yes,No,Month-to-month,Bank transfer (automatic),90.76,3868.15,No
CUST-01338,Female,1,35,No,DSL,Month-to-month,Bank transfer (automatic),48.32,1461.53,Yes
CUST-01339,Male,1,28,Yes,Fiber optic,Two year,Mailed check,89.8,2442.11,No
CUST-01340,Male,0,19,Yes,Fiber optic,One year,Credit card (automatic),91.49,1564.76,No
CUST-01341,Male,0,7,No,Fiber optic,One year,Mailed check,50.42,325.58,Yes
CUST-01342,Male,1,32,No,DSL,Month-to-month,Credit card (automatic),107.77,3118.58,Yes
CUST-01343,Male,0,20,Yes,Fiber optic,Two year,Mailed check,89.68,1630.74,No
CUST-01344,Male,0,68,Yes,DSL,Month-to-month,Bank transfer (automatic),41.09,2473.76,No
CUST-01345,Male,0,33,Yes,No,One year,Credit card (automatic),62.4,1862.59,No
CUST-01346,Female,0,11,Yes,DSL,One year,Bank transfer (automatic),74.14,778.24,Yes
CUST-01347,Male,0,36,Yes,Fiber optic,Two year,Electronic check,95.56,3035.79,Yes
CUST-01348,Female,0,3,No,Fiber optic,Month-to-month,Credit card (automatic),25.48,71.04,Yes
CUST-01349,Female,0,20,No,Fiber optic,One year,Bank transfer (automatic),36.28,636.9,No
CUST-01350,Female,0,38,Yes,DSL,One year,Credit card (automatic),51.17,1694.08,No
CUST-01351,Female,0,19,No,DSL,Two year,Mailed check,100.37,1658.3,No
CUST-01352,Female,0,12,Yes,No,Month-to-month,Mailed check,62.44,643.41,No
CUST-01353,Male,0,71,No,Fiber optic,Month-to-month,Bank transfer (automatic),65.01,4400.42,No
CUST-01354,Male,1,29,Yes,Fiber optic,One year,Credit card (automatic),32.02,824.6,No
CUST-01355,Male,1,9,Yes,No,Month-to-month,Mailed check,111.99,907.81,Yes
CUST-01356,Female,0,60,No,No,One year,Credit card (automatic),85.02,4502.6,No
CUST-01357,Female,0,56,No,No,Month-to-month,Credit card (automatic),119.13,5970.82,No
CUST-01358,Female,0,29,No,No,Two year,Credit card (automatic),83.54,2291.93,No
CUST-01359,Female,1,17,No,DSL,Two year,Bank transfer (automatic),114.44,1806.58,No
CUST-01360,Female,0,59,No,DSL,Two year,Electronic check,51.32,2717.6,No
CUST-01361,Female,1,39,Yes,DSL,Month-to-month,Credit card (automatic),100.66,3705.26,Yes
CUST-01362,Male,1,9,Yes,DSL,One year,Electronic check,68.8,594.49,No
CUST-01363,Female,0,54,No,DSL,Two year,Mailed check,70.7,3612.63,No
CUST-01364,Male,1,7,No,Fiber optic,Month-to-month,Credit card (automatic),57.43,394.55,Yes
CUST-01365,Female,0,44,Yes,No,Two year,Electronic check,46.57,1844.28,No
CUST-01366,Male,0,11,No,No,One year,Credit card (automatic),78.2,731.33,No
CUST-01367,Female,0,61,Yes,DSL,Month-to-month,Electronic check,98.17,5203.3,No
CUST-01368,Male,0,26,No,No,Month-to-month,Electronic check,106.06,2554.35,No
CUST-01369,Male,0,11,No,DSL,One year,Mailed check,64.29,683.34,Yes
CUST-01370,Male,0,68,No,No,Month-to-month,Electronic check,89.19,5848.33,No
CUST-01371,Male,0,3,Yes,DSL,Month-to-month,Bank transfer (automatic),88.26,237.01,Yes
CUST-01372,Female,0,46,No,DSL,Month-to-month,Mailed check,49.23,2075.46,No
CUST-01373,Female,0,3,No,DSL,Month-to-month,Bank transfer (automatic),113.24,302.94,Yes
CUST-01374,Male,0,17,Yes,Fiber optic,Two year,Credit card (automatic),82.99,1256.35,No
CUST-01375,Male,0,37,No,No,One year,Mailed check,75.28,2371.04,No
CUST-01376,Male,0,67,No,No,One year,Bank transfer (automatic),47.7,2973.32,No
CUST-01377,Female,1,1,Yes,Fiber optic,One year,Credit card (automatic),32.96,30.76,Yes
CUST-01378,Female,0,25,Yes,No,Month-to-month,Credit card (automatic),95.11,2281.48,Yes
CUST-01379,Male,0,52,Yes,Fiber optic,Two year,Electronic check,64.01,2977.59,No
CUST-01380,Female,0,38,No,Fiber optic,Month-to-month,Bank transfer (automatic),39.99,1457.22,Yes
CUST-01381,Female,0,35,No,No,Two year,Bank transfer (automatic),38.53,1192.6,No
CUST-01382,Male,0,40,Yes,Fiber optic,One year,Mailed check,118.57,4329.75,No
CUST-01383,Female,0,4,No,No,Month-to-month,Bank transfer (automatic),38.42,153.07,Yes
CUST-01384,Male,1,25,Yes,Fiber optic,Two year,Electronic check,43.01,955.06,No
CUST-01385,Male,0,63,Yes,DSL,Two year,Credit card (automatic),92.83,5094.2,No
CUST-01386,Male,0,2,Yes,DSL,Two year,Bank transfer (automatic),83.39,147.14,No
CUST-01387,Male,0,27,Yes,DSL,Two year,Credit card (automatic),75.3,1841.87,No
CUST-01388,Female,1,41,No,No,Month-to-month,Electronic check,86.33,3227.01,Yes
CUST-01389,Female,0,53,No,No,One year,Mailed check,107.14,5259.14,No
CUST-01390,Female,0,15,No,DSL,Two year,Bank transfer (automatic),103.96,1491.51,No
CUST-01391,Female,0,50,Yes,DSL,Two year,Mailed check,69.8,3065.91,No
CUST-01392,Female,0,14,Yes,No,Two year,Credit card (automatic),59.76,763.7,No
CUST-01393,Female,1,44,No,DSL,Month-to-month,Electronic check,45.96,1753.0,Yes
CUST-01394,Male,1,15,No,No,One year,Bank transfer (automatic),27.07,386.23,No
CUST-01395,Female,1,51,No,No,One year,Credit card (automatic),55.34,2812.7,No
CUST-01396,Male,0,46,No,Fiber optic,Month-to-month,Credit card (automatic),100.34,4164.53,Yes
CUST-01397,Female,0,29,No,No,Month-to-month,Mailed check,50.2,1368.58,Yes
CUST-01398,Female,1,20,No,DSL,Two year,Mailed check,90.5,1778.82,No
CUST-01399,Female,0,58,Yes,Fiber optic,One year,Credit card (automatic),60.83,3390.31,No
CUST-01400,Female,1,30,No,No,Two year,Mailed check,97.37,2613.74,No
CUST-01401,Male,0,66,Yes,Fiber optic,Two year,Mailed check,78.71,4705.21,No
CUST-01402,Male,1,21,No,Fiber optic,Month-to-month,Bank transfer (automatic),81.31,1584.38,Yes
CUST-01403,Female,0,34,Yes,DSL,Two year,Bank transfer (automatic),97.86,3051.75,No
CUST-01404,Female,0,69,Yes,Fiber optic,One year,Electronic check,28.67,1710.32,No
CUST-01405,Male,0,11,Yes,No,Two year,Credit card (automatic),70.43,747.14,No
CUST-01406,Male,0,35,No,No,Two year,Credit card (automatic),115.24,3441.07,No
CUST-01407,Female,0,16,No,DSL,Two year,Bank transfer (automatic),104.65,1653.09,No
CUST-01408,Male,0,40,Yes,No,Month-to-month,Credit card (automatic),22.84,825.6,No
CUST-01409,Female,0,72,Yes,No,One year,Electronic check,31.53,2182.74,No
CUST-01410,Male,0,5,No,DSL,Two year,Electronic check,22.96,108.7,No
CUST-01411,Female,0,70,No,DSL,Month-to-month,Mailed check,82.67,5144.17,No
CUST-01412,Female,0,7,No,No,Month-to-month,Bank transfer (automatic),71.2,424.23,Yes
CUST-01413,Male,1,58,No,DSL,Month-to-month,Bank transfer (automatic),79.88,4613.98,No
CUST-01414,Female,1,29,Yes,No,Two year,Mailed check,105.23,2854.15,No
CUST-01415,Female,0,37,Yes,DSL,Two year,Credit card (automatic),116.6,4282.56,No
CUST-01416,Male,1,37,Yes,No,Month-to-month,Mailed check,76.95,2435.0,No
CUST-01417,Male,1,60,Yes,DSL,One year,Mailed check,34.32,1853.51,No
CUST-01418,Female,0,8,No,Fiber optic,Month-to-month,Credit card (automatic),90.74,668.13,No
CUST-01419,Male,1,39,No,Fiber optic,Two year,Bank transfer (automatic),70.38,2729.96,No
CUST-01420,Female,1,49,Yes,DSL,Month-to-month,Bank transfer (automatic),77.33,3379.68,No
CUST-01421,Female,0,65,Yes,No,One year,Credit card (automatic),53.86,3457.84,No
CUST-01422,Male,0,58,No,DSL,Month-to-month,Bank transfer (automatic),96.62,5434.9,No
CUST-01423,Female,0,17,No,No,Two year,Mailed check,57.81,838.54,No
CUST-01424,Female,0,17,No,No,One year,Bank transfer (automatic),106.74,1770.94,No
CUST-01425,Female,0,28,No,Fiber optic,Two year,Electronic check,65.21,1679.98,No
CUST-01426,Female,1,19,No,Fiber optic,One year,Electronic check,23.93,443.54,No
CUST-01427,Male,0,50,Yes,No,One year,Mailed check,94.92,4183.43,No
CUST-01428,Male,0,27,Yes,DSL,Month-to-month,Mailed check,106.1,2824.01,No
CUST-01429,Male,1,4,Yes,DSL,One year,Mailed check,50.22,186.93,No
CUST-01430,Male,1,26,No,No,Month-to-month,Mailed check,53.52,1276.17,No
CUST-01431,Male,0,1,Yes,DSL,Two year,Bank transfer (automatic),28.08,26.4,No
CUST-01432,Female,0,57,No,DSL,Month-to-month,Mailed check,21.45,1091.67,No
CUST-01433,Male,0,38,Yes,DSL,Two year,Credit card (automatic),80.19,2625.92,No
CUST-01434,Female,0,40,Yes,DSL,One year,Credit card (automatic),82.32,3068.58,No
CUST-01435,Male,0,3,No,No,Two year,Electronic check,91.43,242.12,No
CUST-01436,Female,1,52,Yes,No,One year,Mailed check,27.02,1345.91,No
CUST-01437,Male,0,54,Yes,DSL,One year,Bank transfer (automatic),28.72,1474.02,No
CUST-01438,Male,0,20,Yes,No,One year,Bank transfer (automatic),99.87,1965.57,No
CUST-01439,Male,0,65,Yes,DSL,Two year,Credit card (automatic),77.94,4998.87,No
CUST-01440,Male,1,1,No,No,Month-to-month,Electronic check,68.08,60.21,Yes
CUST-01441,Male,0,5,Yes,Fiber optic,One year,Mailed check,29.07,142.96,No
CUST-01442,Female,0,20,No,No,One year,Bank transfer (automatic),53.93,995.4,No
CUST-01443,Male,0,61,Yes,DSL,One year,Bank transfer (automatic),94.87,4956.62,No
CUST-01444,Male,0,48,Yes,No,Two year,Electronic check,63.92,2639.47,No
CUST-01445,Male,0,23,Yes,Fiber optic,Two year,Credit card (automatic),112.87,2300.0,No
CUST-01446,Male,1,6,Yes,Fiber optic,Month-to-month,Bank transfer (automatic),52.2,298.49,Yes
CUST-01447,Female,1,37,No,DSL,Two year,Bank transfer (automatic),109.57,4021.18,No
CUST-01448,Female,0,55,Yes,Fiber optic,Two year,Credit card (automatic),83.37,4198.75,No
CUST-01449,Male,0,47,Yes,DSL,Month-to-month,Credit card (automatic),99.31,4349.76,Yes
CUST-01450,Male,0,68,Yes,Fiber optic,Two year,Electronic check,92.75,5502.9,No
CUST-01451,Female,0,15,No,DSL,One year,Electronic check,67.88,950.62,No
CUST-01452,Female,0,6,No,No,Two year,Electronic check,51.0,301.84,No
CUST-01453,Female,0,6,No,No,Month-to-month,Bank transfer (automatic),70.6,400.93,No
CUST-01454,Male,1,17,No,Fiber optic,Month-to-month,Bank transfer (automatic),100.73,1650.69,No
CUST-01455,Female,0,29,Yes,DSL,Month-to-month,Credit card (automatic),36.11,1027.05,No
CUST-01456,Male,0,42,Yes,Fiber optic,Month-to-month,Mailed check,75.2,2710.46,Yes
CUST-01457,Male,0,2,No,DSL,Two year,Credit card (automatic),22.81,40.41,No
CUST-01458,Female,1,60,Yes,No,One year,Mailed check,51.02,2639.99,No
CUST-01459,Male,1,22,Yes,Fiber optic,Two year,Mailed check,70.75,1414.82,Yes
CUST-01460,Male,0,36,No,Fiber optic,Month-to-month,Bank transfer (automatic),41.98,1446.28,No
CUST-01461,Male,0,58,Yes,DSL,Two year,Bank transfer (automatic),92.92,5107.2,No
CUST-01462,Female,0,28,Yes,Fiber optic,One year,Electronic check,110.04,2639.33,No
CUST-01463,Male,0,31,Yes,No,Two year,Bank transfer (automatic),54.32,1647.2,No
CUST-01464,Male,1,9,Yes,DSL,Two year,Bank transfer (automatic),116.51,994.28,No
CUST-01465,Female,0,23,No,Fiber optic,Month-to-month,Electronic check,101.43,2275.03,No
CUST-01466,Male,0,8,Yes,No,Two year,Bank transfer (automatic),105.55,830.65,Yes
CUST-01467,Male,1,64,No,DSL,Two year,Bank transfer (automatic),115.36,7022.22,No
CUST-01468,Female,0,36,No,Fiber optic,Month-to-month,Mailed check,59.62,1848.85,Yes
CUST-01469,Male,0,6,Yes,DSL,Month-to-month,Mailed check,31.43,167.8,No
CUST-01470,Male,0,10,Yes,DSL,One year,Credit card (automatic),100.16,949.32,No
CUST-01471,Male,0,40,No,Fiber optic,One year,Mailed check,103.24,3960.02,No
CUST-01472,Female,0,60,No,DSL,Month-to-month,Mailed check,106.37,5731.65,Yes
CUST-01473,Male,0,33,Yes,Fiber optic,Month-to-month,Mailed check,119.92,3896.59,No
CUST-01474,Male,0,64,Yes,No,Two year,Mailed check,103.92,5986.57,No
CUST-01475,Female,0,19,No,No,Month-to-month,Mailed check,76.06,1434.98,Yes
CUST-01476,Male,0,18,No,Fiber optic,Two year,Bank transfer (automatic),111.53,1810.72,No
CUST-01477,Female,0,39,No,No,Month-to-month,Electronic check,78.54,3004.09,No
CUST-01478,Female,1,37,Yes,No,Month-to-month,Bank transfer (automatic),69.12,2423.16,No
CUST-01479,Female,1,1,Yes,Fiber optic,Two year,Mailed check,54.59,53.19,No
CUST-01480,Male,0,30,Yes,No,One year,Mailed check,21.11,559.12,No
CUST-01481,Male,0,38,No,No,One year,Credit card (automatic),49.11,1653.17,No
CUST-01482,Male,0,3,Yes,DSL,Month-to-month,Mailed check,42.73,109.35,Yes
CUST-01483,Female,0,2,Yes,Fiber optic,Month-to-month,Bank transfer (automatic),69.16,125.33,No
CUST-01484,Male,0,65,Yes,Fiber optic,Month-to-month,Bank transfer (automatic),50.57,3156.99,No
CUST-01485,Male,0,44,Yes,Fiber optic,One year,Credit card (automatic),109.25,4101.13,No
CUST-01486,Male,1,59,Yes,DSL,Month-to-month,Mailed check,85.29,4716.01,No
CUST-01487,Female,1,40,No,DSL,One year,Electronic check,58.08,2096.23,No
CUST-01488,Male,0,23,Yes,Fiber optic,Two year,Credit card (automatic),25.26,577.26,No
CUST-01489,Female,0,34,Yes,Fiber optic,Month-to-month,Bank transfer (automatic),43.91,1466.39,No
CUST-01490,Male,0,71,Yes,No,One year,Bank transfer (automatic),52.37,3261.23,No
CUST-01491,Female,0,16,No,No,Two year,Mailed check,22.91,317.04,No
CUST-01492,Female,0,33,No,No,Two year,Electronic check,43.56,1333.16,No
CUST-01493,Male,0,34,Yes,Fiber optic,One year,Electronic check,85.67,2693.16,Yes
CUST-01494,Male,0,20,Yes,Fiber optic,Month-to-month,Credit card (automatic),108.36,2076.91,No
CUST-01495,Female,0,25,No,No,One year,Credit card (automatic),99.63,2209.51,Yes
CUST-01496,Female,1,38,No,No,One year,Mailed check,83.04,2738.83,No
CUST-01497,Male,1,58,No,Fiber optic,Month-to-month,Electronic check,111.52,6045.68,Yes
CUST-01498,Male,1,14,No,Fiber optic,Month-to-month,Bank transfer (automatic),83.89,1017.02,Yes
CUST-01499,Male,0,36,Yes,Fiber optic,Two year,Credit card (automatic),57.31,1861.68,No
CUST-01500,Female,0,30,No,DSL,One year,Mailed check,67.51,1931.01,No
CUST-01501,Male,0,24,No,No,One year,Electronic check,29.81,650.42,Yes
CUST-01502,Female,0,33,Yes,DSL,Month-to-month,Electronic check,37.17,1180.8,Yes
CUST-01503,Female,0,23,No,Fiber optic,Month-to-month,Electronic check,60.36,1323.31,No
CUST-01504,Male,0,26,No,DSL,Two year,Bank transfer (automatic),59.58,1430.69,No
CUST-01505,Female,0,39,Yes,No,Two year,Mailed check,24.62,947.45,No
CUST-01506,Female,0,35,No,No,Month-to-month,Mailed check,110.98,3658.85,No
CUST-01507,Female,0,29,Yes,No,Month-to-month,Bank transfer (automatic),82.09,2312.28,Yes
CUST-01508,Female,0,20,Yes,Fiber optic,One year,Bank transfer (automatic),90.5,1651.65,No
CUST-01509,Female,1,8,No,DSL,Two year,Credit card (automatic),28.98,212.06,No
CUST-01510,Female,0,16,No,DSL,Month-to-month,Mailed check,90.19,1365.74,No
CUST-01511,Female,0,63,Yes,Fiber optic,One year,Bank transfer (automatic),67.91,3751.0,No
CUST-01512,Female,0,59,No,DSL,Two year,Credit card (automatic),79.82,4494.62,No
CUST-01513,Female,0,7,Yes,No,Two year,Credit card (automatic),95.33,589.31,No
CUST-01514,Female,1,61,Yes,No,Month-to-month,Electronic check,70.01,4113.52,No
CUST-01515,Male,1,14,Yes,Fiber optic,Month-to-month,Electronic check,70.36,904.34,No
CUST-01516,Male,0,57,No,DSL,Two year,Credit card (automatic),41.99,2300.03,No
CUST-01517,Female,1,53,No,Fiber optic,One year,Bank transfer (automatic),72.33,3721.69,Yes
CUST-01518,Male,1,30,No,DSL,Two year,Mailed check,105.3,2874.06,No
CUST-01519,Female,1,70,Yes,No,Two year,Electronic check,64.49,4438.05,No
CUST-01520,Male,0,58,Yes,Fiber optic,One year,Credit card (automatic),102.77,5272.8,No
CUST-01521,Male,0,2,Yes,No,Month-to-month,Credit card (automatic),21.85,42.4,Yes
CUST-01522,Male,0,15,Yes,Fiber optic,Two year,Bank transfer (automatic),90.93,1354.43,No
CUST-01523,Female,0,70,No,Fiber optic,One year,Mailed check,84.57,5035.88,No
CUST-01524,Male,1,16,No,Fiber optic,Two year,Credit card (automatic),111.68,1565.53,No
CUST-01525,Male,0,71,Yes,DSL,Month-to-month,Mailed check,84.08,5191.63,No
CUST-01526,Female,0,38,Yes,Fiber optic,Two year,Bank transfer (automatic),104.1,3619.43,No
CUST-01527,Female,0,72,No,DSL,Two year,Bank transfer (automatic),63.29,4153.07,No
CUST-01528,Male,0,70,No,DSL,One year,Mailed check,101.25,6238.17,No
CUST-01529,Female,0,24,No,Fiber optic,Two year,Electronic check,97.44,2300.01,No
CUST-01530,Female,0,22,No,DSL,One year,Bank transfer (automatic),64.42,1382.83,No
CUST-01531,Female,0,39,No,No,Two year,Bank transfer (automatic),66.85,2234.88,No
CUST-01532,Female,0,53,Yes,No,One year,Mailed check,65.93,3281.53,No
CUST-01533,Male,0,70,Yes,Fiber optic,One year,Credit card (automatic),24.35,1508.22,No
CUST-01534,Male,0,61,Yes,DSL,Two year,Credit card (automatic),60.17,3638.13,No
CUST-01535,Male,0,56,No,Fiber optic,Two year,Mailed check,50.8,2473.87,No
CUST-01536,Female,1,4,Yes,No,Month-to-month,Mailed check,80.24,277.7,No
CUST-01537,Female,0,19,No,DSL,Two year,Electronic check,94.08,1759.18,No
CUST-01538,Female,0,52,No,Fiber optic,Month-to-month,Mailed check,53.33,2502.0,No
CUST-01539,Female,0,72,Yes,Fiber optic,One year,Credit card (automatic),42.03,2709.86,No
CUST-01540,Male,0,48,No,No,Month-to-month,Credit card (automatic),87.64,3885.56,Yes
CUST-01541,Female,0,52,No,DSL,Month-to-month,Electronic check,30.12,1386.83,Yes
CUST-01542,Male,0,54,No,DSL,Two year,Electronic check,79.77,4132.56,No
CUST-01543,Male,1,39,No,Fiber optic,Month-to-month,Bank transfer (automatic),77.85,2806.14,No
CUST-01544,Female,0,50,Yes,No,Two year,Electronic check,91.02,4482.31,No
CUST-01545,Female,0,59,No,Fiber optic,Month-to-month,Mailed check,99.6,5421.52,No
CUST-01546,Female,0,28,Yes,No,Month-to-month,Bank transfer (automatic),93.02,2312.21,Yes
CUST-01547,Male,0,64,Yes,Fiber optic,Two year,Credit card (automatic),40.31,2557.79,Yes
CUST-01548,Female,0,22,Yes,DSL,Two year,Mailed check,85.29,1848.49,No
CUST-01549,Female,0,27,No,DSL,One year,Mailed check,101.41,2710.05,Yes
CUST-01550,Male,0,29,Yes,DSL,Two year,Mailed check,45.95,1229.78,No
CUST-01551,Female,0,57,Yes,No,Month-to-month,Bank transfer (automatic),84.48,4379.65,No
CUST-01552,Male,0,33,Yes,Fiber optic,One year,Electronic check,30.9,1001.74,Yes
CUST-01553,Female,1,15,No,DSL,Month-to-month,Mailed check,92.93,1280.66,No
CUST-01554,Male,0,7,No,Fiber optic,One year,Bank transfer (automatic),42.84,283.54,No
CUST-01555,Male,1,16,No,Fiber optic,Two year,Bank transfer (automatic),105.58,1475.43,No
CUST-01556,Male,0,30,No,DSL,One year,Electronic check,118.91,3129.62,No
CUST-01557,Male,0,17,Yes,DSL,Two year,Mailed check,81.33,1217.14,No
CUST-01558,Female,0,33,No,DSL,One year,Electronic check,86.76,2772.04,Yes
CUST-01559,Female,0,25,Yes,DSL,Two year,Bank transfer (automatic),23.49,511.45,No
CUST-01560,Female,0,15,No,Fiber optic,Two year,Bank transfer (automatic),81.48,1162.42,No
CUST-01561,Male,1,16,No,DSL,Two year,Mailed check,57.94,909.65,No
CUST-01562,Female,1,69,Yes,DSL,Two year,Bank transfer (automatic),112.63,7556.02,No
CUST-01563,Male,0,53,Yes,DSL,Two year,Electronic check,80.62,4204.65,No
CUST-01564,Female,1,28,No,No,Two year,Bank transfer (automatic),27.91,764.67,No
CUST-01565,Male,0,28,Yes,DSL,One year,Electronic check,46.82,1136.62,No
CUST-01566,Female,1,28,No,Fiber optic,One year,Mailed check,75.1,1998.82,No
CUST-01567,Female,0,38,No,No,Two year,Bank transfer (automatic),116.5,3791.55,No
CUST-01568,Female,0,50,No,Fiber optic,Two year,Electronic check,77.37,3465.75,No
CUST-01569,Male,0,5,No,DSL,Month-to-month,Credit card (automatic),34.61,157.17,No
CUST-01570,Male,0,14,No,Fiber optic,One year,Mailed check,117.59,1529.3,No
CUST-01571,Female,0,7,Yes,DSL,One year,Mailed check,73.31,505.16,No
CUST-01572,Female,0,27,No,DSL,Two year,Mailed check,40.28,987.62,No
CUST-01573,Male,1,18,Yes,DSL,Two year,Credit card (automatic),55.34,927.5,No
CUST-01574,Female,0,29,No,DSL,Month-to-month,Bank transfer (automatic),112.12,2831.99,Yes
CUST-01575,Male,0,63,No,Fiber optic,One year,Mailed check,47.53,2606.83,No
CUST-01576,Male,0,40,No,No,Two year,Bank transfer (automatic),84.7,3141.15,No
CUST-01577,Female,0,10,Yes,Fiber optic,Month-to-month,Electronic check,58.89,547.74,No
CUST-01578,Male,0,30,No,DSL,One year,Credit card (automatic),21.48,607.65,No
CUST-01579,Male,0,64,Yes,Fiber optic,One year,Mailed check,37.19,2132.98,No
CUST-01580,Female,0,14,No,DSL,One year,Electronic check,35.82,459.73,No
CUST-01581,Male,0,36,Yes,DSL,One year,Electronic check,53.71,1882.56,Yes
CUST-01582,Female,0,69,No,No,Month-to-month,Credit card (automatic),107.17,6760.11,No
CUST-01583,Female,0,49,No,No,Two year,Mailed check,44.21,2089.48,No
CUST-01584,Male,1,11,Yes,DSL,One year,Mailed check,108.39,1174.16,No
CUST-01585,Male,1,15,Yes,No,One year,Credit card (automatic),112.8,1557.39,No
CUST-01586,Female,0,50,Yes,Fiber optic,Month-to-month,Bank transfer (automatic),66.16,3199.05,Yes
CUST-01587,Female,1,31,No,No,Month-to-month,Mailed check,34.14,941.63,Yes
CUST-01588,Female,0,63,Yes,No,Two year,Credit card (automatic),41.3,2269.58,No
CUST-01589,Male,1,30,No,Fiber optic,Month-to-month,Mailed check,33.82,1006.71,No
CUST-01590,Female,0,51,Yes,Fiber optic,Month-to-month,Bank transfer (automatic),78.85,3967.78,No
CUST-01591,Female,0,46,Yes,Fiber optic,Two year,Credit card (automatic),86.63,3487.6,No
CUST-01592,Female,1,20,Yes,DSL,Month-to-month,Electronic check,96.49,1802.54,Yes
CUST-01593,Male,0,35,Yes,Fiber optic,Two year,Credit card (automatic),67.53,2025.87,No
CUST-01594,Female,0,19,No,DSL,Month-to-month,Bank transfer (automatic),89.29,1548.02,Yes
CUST-01595,Male,0,39,No,Fiber optic,One year,Credit card (automatic),44.63,1708.89,Yes
CUST-01596,Female,0,46,No,Fiber optic,One year,Electronic check,97.54,3960.47,No
CUST-01597,Female,1,49,Yes,Fiber optic,One year,Credit card (automatic),99.32,4577.06,No
CUST-01598,Male,0,33,No,No,Two year,Mailed check,36.89,1127.88,No
CUST-01599,Male,0,18,No,No,One year,Electronic check,95.41,1589.78,No
CUST-01600,Male,0,58,Yes,Fiber optic,Two year,Credit card (automatic),80.93,4412.52,No
CUST-01601,Male,0,23,Yes,No,Two year,Electronic check,104.69,2172.01,No
CUST-01602,Female,0,25,Yes,Fiber optic,One year,Credit card (automatic),34.32,831.12,No
CUST-01603,Female,0,59,No,Fiber optic,Month-to-month,Bank transfer (automatic),27.42,1603.19,No
CUST-01604,Male,1,4,No,Fiber optic,Month-to-month,Mailed check,53.63,185.91,No
CUST-01605,Male,0,1,Yes,No,One year,Credit card (automatic),31.36,31.11,No
CUST-01606,Male,0,49,Yes,Fiber optic,Month-to-month,Mailed check,32.55,1593.11,No
CUST-01607,Male,0,50,Yes,DSL,Two year,Bank transfer (automatic),88.96,4406.12,No
CUST-01608,Male,0,40,No,DSL,Two year,Electronic check,55.94,2170.4,No
CUST-01609,Male,0,44,No,No,One year,Electronic check,104.97,3965.49,No
CUST-01610,Male,0,2,Yes,No,One year,Credit card (automatic),57.34,106.31,No
CUST-01611,Male,0,44,No,DSL,Two year,Electronic check,119.45,4960.95,No
CUST-01612,Male,0,14,Yes,No,Month-to-month,Electronic check,61.17,824.13,Yes
CUST-01613,Male,1,65,Yes,Fiber optic,Month-to-month,Bank transfer (automatic),80.6,5169.82,No
CUST-01614,Male,0,50,Yes,Fiber optic,One year,Mailed check,100.32,4820.66,No
CUST-01615,Male,0,37,Yes,Fiber optic,One year,Bank transfer (automatic),79.03,2609.51,No
CUST-01616,Female,0,56,No,Fiber optic,Two year,Mailed check,114.26,5885.72,No
CUST-01617,Male,1,14,Yes,No,Two year,Electronic check,96.74,1340.84,No
CUST-01618,Female,0,8,Yes,Fiber optic,One year,Bank transfer (automatic),57.01,422.65,No
CUST-01619,Female,0,49,Yes,Fiber optic,Two year,Mailed check,105.32,5056.88,No
CUST-01620,Male,1,20,Yes,DSL,One year,Electronic check,65.64,1213.95,No
CUST-01621,Male,0,40,No,Fiber optic,Month-to-month,Credit card (automatic),59.53,2157.23,No
CUST-01622,Female,0,41,No,No,One year,Credit card (automatic),75.59,3057.69,No
CUST-01623,Female,0,29,No,Fiber optic,One year,Bank transfer (automatic),88.86,2199.12,No
CUST-01624,Female,0,45,Yes,Fiber optic,One year,Bank transfer (automatic),114.73,5017.39,No
CUST-01625,Male,0,58,No,Fiber optic,Two year,Credit card (automatic),77.81,4239.24,No
CUST-01626,Male,1,3,No,DSL,Month-to-month,Mailed check,32.51,94.45,Yes
CUST-01627,Female,0,51,No,Fiber optic,Two year,Electronic check,91.12,4491.52,No
CUST-01628,Female,0,50,Yes,No,Two year,Credit card (automatic),56.65,2793.18,No
CUST-01629,Female,0,30,Yes,DSL,One year,Bank transfer (automatic),46.62,1310.69,No
CUST-01630,Female,0,54,No,DSL,One year,Bank transfer (automatic),115.06,6047.11,No
CUST-01631,Male,1,5,No,No,Month-to-month,Electronic check,78.83,387.43,No
CUST-01632,Male,0,21,Yes,DSL,One year,Credit card (automatic),97.18,1873.93,No
CUST-01633,Male,0,63,Yes,Fiber optic,One year,Mailed check,39.95,2352.43,No
CUST-01634,Female,0,17,No,Fiber optic,Two year,Electronic check,108.76,1583.97,No
CUST-01635,Female,0,55,Yes,DSL,Month-to-month,Bank transfer (automatic),78.49,4082.78,No
CUST-01636,Female,0,33,No,DSL,Two year,Mailed check,88.58,2613.0,No
CUST-01637,Female,0,45,Yes,No,One year,Electronic check,24.22,996.96,No
CUST-01638,Female,0,7,Yes,DSL,One year,Mailed check,23.16,145.77,No
CUST-01639,Female,1,7,No,No,Month-to-month,Mailed check,21.84,138.77,No
CUST-01640,Male,0,35,No,DSL,Month-to-month,Bank transfer (automatic),33.55,1008.01,No
CUST-01641,Female,0,71,No,No,Month-to-month,Credit card (automatic),66.72,4682.06,Yes
CUST-01642,Male,1,68,No,DSL,One year,Credit card (automatic),119.43,7685.15,Yes
CUST-01643,Female,0,56,Yes,Fiber optic,Month-to-month,Electronic check,68.34,3337.28,Yes
CUST-01644,Male,0,13,No,Fiber optic,One year,Electronic check,60.64,719.16,No
CUST-01645,Male,1,22,Yes,No,Two year,Mailed check,96.15,1846.59,No
CUST-01646,Male,1,13,Yes,No,Month-to-month,Mailed check,43.76,485.33,No
CUST-01647,Male,0,63,No,DSL,Two year,Bank transfer (automatic),75.06,4652.85,No
CUST-01648,Female,0,34,Yes,Fiber optic,Two year,Mailed check,89.63,2728.35,No
CUST-01649,Female,1,15,Yes,No,One year,Bank transfer (automatic),87.06,1201.51,No
CUST-01650,Male,0,12,Yes,DSL,One year,Mailed check,42.25,506.08,No
CUST-01651,Male,1,50,No,No,Two year,Credit card (automatic),28.21,1360.58,No
CUST-01652,Male,0,72,Yes,No,Two year,Electronic check,65.95,4305.72,No
CUST-01653,Male,0,68,No,No,Month-to-month,Mailed check,73.52,4946.82,Yes
CUST-01654,Male,0,51,Yes,Fiber optic,Two year,Electronic check,86.54,4062.74,No
CUST-01655,Female,0,12,No,DSL,Month-to-month,Electronic check,115.88,1258.24,Yes
CUST-01656,Female,0,71,Yes,Fiber optic,Month-to-month,Electronic check,63.85,4120.98,No
CUST-01657,Male,0,66,Yes,DSL,Month-to-month,Mailed check,58.96,3503.4,Yes
CUST-01658,Female,0,24,No,DSL,Month-to-month,Bank transfer (automatic),35.96,767.84,Yes
CUST-01659,Male,0,56,Yes,DSL,Two year,Credit card (automatic),112.63,6217.6,No
CUST-01660,Male,0,50,Yes,Fiber optic,Two year,Credit card (automatic),90.1,4016.73,No
CUST-01661,Female,0,38,No,Fiber optic,One year,Electronic check,41.94,1547.13,No
CUST-01662,Male,1,45,Yes,Fiber optic,One year,Electronic check,27.71,1092.62,No
CUST-01663,Female,1,68,Yes,DSL,Two year,Electronic check,69.44,4092.24,No
CUST-01664,Male,0,8,No,Fiber optic,One year,Mailed check,108.87,830.59,No
CUST-01665,Female,0,24,Yes,No,Two year,Bank transfer (automatic),51.59,1057.22,No
CUST-01666,Male,1,69,Yes,DSL,One year,Credit card (automatic),95.63,6409.48,No
CUST-01667,Female,1,62,Yes,Fiber optic,Two year,Mailed check,25.12,1487.89,No
CUST-01668,Female,0,24,Yes,DSL,Two year,Credit card (automatic),101.73,2094.88,No
CUST-01669,Male,0,13,Yes,Fiber optic,One year,Mailed check,21.66,248.06,No
CUST-01670,Female,0,16,No,DSL,Two year,Mailed check,103.72,1469.78,No
CUST-01671,Male,0,67,Yes,No,Month-to-month,Electronic check,79.41,4705.78,No
CUST-01672,Female,0,70,Yes,No,One year,Mailed check,71.95,4897.82,No
CUST-01673,Male,0,19,Yes,No,Month-to-month,Bank transfer (automatic),105.34,1853.59,No
CUST-01674,Male,1,55,No,DSL,One year,Credit card (automatic),48.17,2537.29,No
CUST-01675,Male,0,9,Yes,No,One year,Mailed check,38.82,324.41,No
CUST-01676,Male,0,33,No,Fiber optic,One year,Bank transfer (automatic),73.72,2302.9,No
CUST-01677,Female,0,27,Yes,DSL,Month-to-month,Mailed check,46.02,1063.88,Yes
CUST-01678,Female,0,14,No,DSL,Two year,Mailed check,64.37,900.72,No
CUST-01679,Female,0,56,No,Fiber optic,Month-to-month,Bank transfer (automatic),48.74,2657.36,No
CUST-01680,Male,1,64,No,No,One year,Credit card (automatic),53.06,3368.32,No
CUST-01681,Male,0,25,Yes,Fiber optic,Month-to-month,Bank transfer (automatic),32.94,758.23,Yes
CUST-01682,Female,1,67,Yes,DSL,Month-to-month,Electronic check,76.91,4990.48,No
CUST-01683,Male,0,45,No,DSL,One year,Electronic check,87.79,3401.39,No
CUST-01684,Male,0,36,Yes,Fiber optic,Two year,Bank transfer (automatic),54.12,1831.21,No
CUST-01685,Female,0,9,No,DSL,Two year,Credit card (automatic),105.01,937.24,Yes
CUST-01686,Male,0,35,Yes,Fiber optic,One year,Mailed check,105.83,3616.99,No
CUST-01687,Female,0,63,Yes,Fiber optic,Two year,Bank transfer (automatic),111.24,6679.66,No
CUST-01688,Female,0,21,Yes,DSL,Two year,Mailed check,92.59,1933.8,No
CUST-01689,Male,0,53,Yes,Fiber optic,Month-to-month,Electronic check,94.28,4526.67,No
CUST-01690,Male,1,45,No,Fiber optic,One year,Mailed check,55.6,2283.74,No
CUST-01691,Male,0,40,Yes,Fiber optic,Month-to-month,Electronic check,43.0,1607.16,Yes
CUST-01692,Male,0,55,No,DSL,Month-to-month,Credit card (automatic),51.63,2533.76,No
CUST-01693,Female,0,63,No,DSL,Month-to-month,Bank transfer (automatic),63.26,3744.93,No
CUST-01694,Female,0,67,Yes,No,One year,Credit card (automatic),115.53,7266.33,No
CUST-01695,Male,0,30,No,DSL,Month-to-month,Credit card (automatic),20.54,581.62,No
CUST-01696,Male,0,70,No,Fiber optic,Month-to-month,Mailed check,92.69,6224.41,No
CUST-01697,Female,0,58,No,No,Two year,Bank transfer (automatic),108.62,5510.3,No
CUST-01698,Male,1,70,No,DSL,Month-to-month,Electronic check,102.15,6152.86,Yes
CUST-01699,Male,0,43,Yes,Fiber optic,Two year,Credit card (automatic),114.58,4211.6,No
CUST-01700,Female,1,63,No,DSL,Two year,Credit card (automatic),44.13,2378.1,No
CUST-01701,Male,0,24,No,Fiber optic,One year,Mailed check,36.5,813.77,No
CUST-01702,Male,1,24,Yes,DSL,Two year,Electronic check,42.31,885.49,No
CUST-01703,Female,0,69,Yes,DSL,Month-to-month,Mailed check,77.39,4737.47,No
CUST-01704,Female,1,3,Yes,No,One year,Electronic check,55.16,156.57,Yes
CUST-01705,Female,1,18,No,Fiber optic,One year,Credit card (automatic),44.32,786.1,Yes
CUST-01706,Female,0,35,Yes,No,Two year,Bank transfer (automatic),39.75,1347.66,No
CUST-01707,Male,0,52,Yes,DSL,One year,Bank transfer (automatic),103.95,5377.92,No
CUST-01708,Male,0,1,No,No,Month-to-month,Mailed check,47.24,40.86,Yes
CUST-01709,Male,0,32,No,DSL,Month-to-month,Bank transfer (automatic),94.49,2947.12,No
CUST-01710,Male,1,12,No,DSL,Month-to-month,Electronic check,33.61,363.63,Yes
CUST-01711,Male,1,45,Yes,No,One year,Credit card (automatic),61.61,2530.25,No
CUST-01712,Male,0,61,Yes,Fiber optic,One year,Mailed check,39.51,2383.09,No
CUST-01713,Male,0,45,No,Fiber optic,Month-to-month,Bank transfer (automatic),94.21,3875.71,Yes
CUST-01714,Male,0,8,Yes,Fiber optic,One year,Electronic check,81.13,581.56,No
CUST-01715,Female,0,48,Yes,DSL,Month-to-month,Mailed check,75.49,3280.44,No
CUST-01716,Female,0,43,No,No,One year,Credit card (automatic),63.47,2545.84,No
CUST-01717,Male,0,60,Yes,Fiber optic,One year,Credit card (automatic),115.75,6278.86,No
CUST-01718,Male,0,11,Yes,No,Month-to-month,Electronic check,95.48,944.39,Yes
CUST-01719,Female,0,4,Yes,DSL,Month-to-month,Bank transfer (automatic),68.27,238.88,No
CUST-01720,Male,0,59,Yes,DSL,Month-to-month,Electronic check,33.67,1743.81,No
CUST-01721,Female,1,39,No,No,Month-to-month,Mailed check,116.49,4540.95,No
CUST-01722,Female,0,28,Yes,DSL,Two year,Credit card (automatic),48.88,1300.78,No
CUST-01723,Male,1,29,No,Fiber optic,Two year,Credit card (automatic),51.54,1292.78,No
CUST-01724,Female,0,66,No,No,Two year,Credit card (automatic),110.99,6877.38,No
CUST-01725,Male,0,41,No,DSL,One year,Mailed check,52.36,2062.03,No
CUST-01726,Male,0,54,Yes,DSL,One year,Mailed check,112.96,5449.23,No
CUST-01727,Female,0,72,No,Fiber optic,Two year,Bank transfer (automatic),95.68,6610.59,No
CUST-01728,Female,0,47,Yes,Fiber optic,Two year,Mailed check,94.65,4372.24,Yes
CUST-01729,Male,1,7,Yes,No,One year,Credit card (automatic),30.09,209.25,No
CUST-01730,Male,1,43,No,DSL,One year,Bank transfer (automatic),47.16,1725.75,No
CUST-01731,Female,1,33,Yes,Fiber optic,One year,Electronic check,67.41,2132.93,No
CUST-01732,Male,0,13,No,Fiber optic,Month-to-month,Bank transfer (automatic),102.41,1179.0,Yes
CUST-01733,Female,0,63,Yes,No,One year,Bank transfer (automatic),87.66,4797.31,No
CUST-01734,Male,0,32,Yes,Fiber optic,Month-to-month,Credit card (automatic),58.08,1642.48,Yes
CUST-01735,Female,1,67,Yes,Fiber optic,One year,Bank transfer (automatic),24.12,1525.57,No
CUST-01736,Female,1,40,Yes,Fiber optic,One year,Mailed check,83.47,2944.63,No
CUST-01737,Female,1,54,Yes,No,Two year,Electronic check,57.6,2668.97,No
CUST-01738,Male,0,34,Yes,DSL,Two year,Electronic check,55.88,1796.65,No
CUST-01739,Male,0,10,Yes,DSL,Two year,Mailed check,89.81,855.81,No
CUST-01740,Male,0,61,No,No,Two year,Credit card (automatic),39.12,2288.51,No
CUST-01741,Female,1,52,No,No,One year,Electronic check,75.2,3865.65,No
CUST-01742,Male,0,26,Yes,No,Two year,Bank transfer (automatic),102.28,2634.6,No
CUST-01743,Male,0,63,Yes,Fiber optic,Month-to-month,Mailed check,34.03,1916.66,No
CUST-01744,Female,1,30,Yes,No,One year,Mailed check,47.94,1430.23,No
CUST-01745,Female,0,41,Yes,Fiber optic,One year,Mailed check,101.58,4075.67,No
CUST-01746,Male,0,67,Yes,DSL,Month-to-month,Bank transfer (automatic),48.13,2940.88,No
CUST-01747,Female,0,2,Yes,Fiber optic,Month-to-month,Mailed check,31.17,59.73,Yes
CUST-01748,Male,0,42,No,No,Month-to-month,Bank transfer (automatic),88.96,3379.58,Yes
CUST-01749,Female,0,39,No,Fiber optic,One year,Electronic check,35.92,1357.03,Yes
CUST-01750,Male,0,33,Yes,No,One year,Electronic check,82.94,2613.47,Yes
CUST-01751,Female,0,14,No,Fiber optic,One year,Bank transfer (automatic),40.29,506.66,No
CUST-01752,Female,0,20,Yes,Fiber optic,Month-to-month,Bank transfer (automatic),69.17,1330.4,Yes
CUST-01753,Male,1,23,Yes,Fiber optic,Month-to-month,Credit card (automatic),119.15,2497.96,No
CUST-01754,Male,0,70,Yes,Fiber optic,Month-to-month,Bank transfer (automatic),75.33,4540.81,Yes
CUST-01755,Male,1,10,No,DSL,Month-to-month,Electronic check,100.36,920.69,Yes
CUST-01756,Male,0,61,No,DSL,One year,Bank transfer (automatic),74.4,4059.04,No
CUST-01757,Male,0,23,No,DSL,Month-to-month,Credit card (automatic),119.58,2538.41,No
CUST-01758,Male,0,61,No,Fiber optic,Two year,Bank transfer (automatic),75.7,4315.23,No
CUST-01759,Male,0,9,No,DSL,Month-to-month,Credit card (automatic),83.06,694.27,Yes
CUST-01760,Female,0,58,No,DSL,Two year,Mailed check,107.98,5613.26,No
CUST-01761,Male,0,6,Yes,No,Month-to-month,Mailed check,80.34,447.43,Yes
CUST-01762,Male,0,20,No,Fiber optic,Two year,Bank transfer (automatic),69.62,1244.56,No
CUST-01763,Female,0,38,Yes,DSL,One year,Mailed check,58.29,2042.57,No
CUST-01764,Male,0,10,No,No,Month-to-month,Electronic check,114.9,1040.82,No
CUST-01765,Female,1,21,Yes,No,One year,Electronic check,39.54,805.16,No
CUST-01766,Male,0,30,Yes,DSL,Two year,Mailed check,34.81,1034.7,No
CUST-01767,Female,0,37,Yes,DSL,One year,Bank transfer (automatic),56.16,1772.24,Yes
CUST-01768,Male,0,21,No,DSL,Two year,Mailed check,47.82,861.7,No
CUST-01769,Female,0,29,No,No,One year,Mailed check,63.89,1696.68,No
CUST-01770,Female,0,30,No,Fiber optic,Month-to-month,Credit card (automatic),95.77,2525.65,Yes
CUST-01771,Male,1,68,No,Fiber optic,One year,Credit card (automatic),29.04,1925.65,No
CUST-01772,Male,0,57,No,DSL,One year,Electronic check,34.5,1836.04,No
CUST-01773,Male,0,12,No,Fiber optic,Month-to-month,Credit card (automatic),50.4,557.96,No
CUST-01774,Female,0,52,Yes,Fiber optic,Month-to-month,Electronic check,90.62,4229.74,No
CUST-01775,Male,0,4,Yes,DSL,One year,Electronic check,71.9,275.79,No
CUST-01776,Female,1,14,No,No,One year,Credit card (automatic),89.61,1177.61,No
CUST-01777,Female,0,29,No,Fiber optic,Two year,Electronic check,30.07,813.95,No
CUST-01778,Female,1,55,Yes,No,One year,Electronic check,104.76,4955.73,No
CUST-01779,Male,1,56,Yes,DSL,Two year,Credit card (automatic),69.23,3778.11,No
CUST-01780,Male,0,19,No,Fiber optic,Month-to-month,Bank transfer (automatic),85.47,1469.47,No
CUST-01781,Female,0,48,Yes,No,Two year,Electronic check,114.02,4979.54,No
CUST-01782,Female,0,11,No,No,Two year,Electronic check,58.05,617.81,No
CUST-01783,Female,1,15,No,Fiber optic,Month-to-month,Bank transfer (automatic),89.77,1268.75,No
CUST-01784,Male,0,49,No,DSL,Two year,Electronic check,77.13,3377.11,No
CUST-01785,Female,1,72,Yes,DSL,Two year,Credit card (automatic),39.64,2705.99,No
CUST-01786,Female,0,60,Yes,No,Two year,Bank transfer (automatic),22.19,1152.92,No
CUST-01787,Female,0,35,Yes,DSL,Month-to-month,Mailed check,108.45,3762.69,Yes
CUST-01788,Female,0,38,No,No,Two year,Electronic check,93.05,3213.67,No
CUST-01789,Female,0,19,No,Fiber optic,Month-to-month,Credit card (automatic),110.43,2085.99,Yes
CUST-01790,Male,1,1,Yes,Fiber optic,Month-to-month,Electronic check,92.43,86.19,Yes
CUST-01791,Male,0,56,No,DSL,Month-to-month,Electronic check,59.69,3026.06,No
CUST-01792,Female,0,59,Yes,DSL,Month-to-month,Mailed check,52.36,2737.88,No
CUST-01793,Female,0,72,No,No,Two year,Credit card (automatic),102.05,6866.7,No
CUST-01794,Male,0,63,No,DSL,Two year,Credit card (automatic),34.9,1967.36,No
CUST-01795,Male,0,5,Yes,No,One year,Electronic check,46.94,231.54,Yes
CUST-01796,Male,0,1,No,No,One year,Credit card (automatic),96.71,95.86,No
CUST-01797,Male,0,23,Yes,DSL,Month-to-month,Bank transfer (automatic),118.46,2431.81,Yes
CUST-01798,Male,0,52,No,No,Month-to-month,Mailed check,67.18,3416.54,No
CUST-01799,Male,0,19,Yes,DSL,Two year,Bank transfer (automatic),69.69,1283.08,No
CUST-01800,Male,0,4,No,No,One year,Mailed check,111.47,386.0,No
CUST-01801,Female,0,4,No,No,One year,Bank transfer (automatic),98.98,383.49,Yes
CUST-01802,Female,1,64,No,Fiber optic,One year,Electronic check,48.01,2865.99,No
CUST-01803,Female,0,22,No,DSL,Two year,Mailed check,39.0,831.09,No
CUST-01804,Female,0,36,Yes,Fiber optic,One year,Credit card (automatic),115.98,3607.6,No
CUST-01805,Male,0,7,No,DSL,One year,Bank transfer (automatic),116.77,744.71,No
CUST-01806,Female,0,56,Yes,DSL,Month-to-month,Electronic check,86.84,4724.79,Yes
CUST-01807,Female,0,7,No,No,Two year,Credit card (automatic),65.63,402.81,No
CUST-01808,Male,0,49,No,DSL,Month-to-month,Electronic check,76.1,3431.88,No
CUST-01809,Female,0,9,Yes,No,Month-to-month,Bank transfer (automatic),100.53,893.64,Yes
CUST-01810,Female,0,1,Yes,No,One year,Bank transfer (automatic),86.44,83.81,No
CUST-01811,Female,0,63,No,No,One year,Electronic check,37.29,2094.52,No
CUST-01812,Male,0,68,No,Fiber optic,Month-to-month,Electronic check,106.15,6751.98,Yes
CUST-01813,Female,0,27,Yes,No,Month-to-month,Electronic check,64.29,1717.89,No
CUST-01814,Female,0,26,Yes,DSL,One year,Credit card (automatic),48.16,1092.16,No
CUST-01815,Female,1,60,No,No,One year,Electronic check,85.61,4962.0,No
CUST-01816,Female,0,64,No,DSL,Month-to-month,Electronic check,25.73,1527.57,No
CUST-01817,Female,0,34,Yes,DSL,Two year,Mailed check,34.3,1076.89,No
CUST-01818,Male,0,13,No,DSL,One year,Credit card (automatic),62.12,793.46,Yes
CUST-01819,Female,1,35,No,Fiber optic,One year,Electronic check,42.21,1317.98,No
CUST-01820,Male,0,62,No,DSL,One year,Mailed check,27.95,1603.09,No
CUST-01821,Female,1,64,No,Fiber optic,Month-to-month,Bank transfer (automatic),55.67,3337.49,No
CUST-01822,Female,1,54,No,No,One year,Bank transfer (automatic),48.03,2461.31,No
CUST-01823,Female,0,29,Yes,DSL,Two year,Electronic check,50.27,1350.77,No
CUST-01824,Female,0,21,Yes,No,One year,Mailed check,31.06,651.64,No
CUST-01825,Female,0,18,No,No,One year,Bank transfer (automatic),32.0,524.08,Yes
CUST-01826,Male,1,43,No,DSL,Month-to-month,Electronic check,104.28,3878.86,No
CUST-01827,Male,1,8,No,Fiber optic,One year,Credit card (automatic),52.27,397.22,No
CUST-01828,Female,0,5,Yes,No,Month-to-month,Credit card (automatic),23.64,108.61,No
CUST-01829,Male,0,46,No,Fiber optic,Month-to-month,Credit card (automatic),23.59,1069.15,Yes
CUST-01830,Female,0,56,Yes,No,Month-to-month,Mailed check,117.71,5639.94,No
CUST-01831,Male,0,42,No,Fiber optic,Month-to-month,Bank transfer (automatic),20.26,747.69,No
CUST-01832,Female,0,48,No,Fiber optic,Two year,Bank transfer (automatic),77.05,3239.53,No
CUST-01833,Male,1,28,Yes,DSL,One year,Bank transfer (automatic),57.91,1389.46,No
CUST-01834,Female,0,32,No,Fiber optic,Month-to-month,Electronic check,35.12,1015.13,Yes
CUST-01835,Female,0,61,No,No,Two year,Electronic check,77.95,4628.86,No
CUST-01836,Female,1,13,Yes,Fiber optic,Month-to-month,Electronic check,106.44,1354.58,No
CUST-01837,Male,0,64,No,DSL,Month-to-month,Electronic check,43.45,2369.72,Yes
CUST-01838,Male,0,42,Yes,No,Month-to-month,Bank transfer (automatic),82.71,3264.79,No
CUST-01839,Male,0,16,Yes,Fiber optic,Month-to-month,Mailed check,40.29,631.28,No
CUST-01840,Male,1,49,Yes,DSL,Two year,Credit card (automatic),89.71,3820.91,No
CUST-01841,Male,0,36,No,Fiber optic,One year,Mailed check,115.44,3693.21,No
CUST-01842,Female,0,17,No,Fiber optic,Two year,Electronic check,20.94,340.96,No
CUST-01843,Male,0,55,Yes,Fiber optic,Month-to-month,Mailed check,110.75,5203.0,No
CUST-01844,Female,0,32,Yes,No,Month-to-month,Mailed check,115.22,3636.44,Yes
CUST-01845,Female,0,58,No,No,Month-to-month,Electronic check,86.32,4545.85,No
CUST-01846,Female,0,65,Yes,DSL,Two year,Mailed check,62.58,3912.75,No
CUST-01847,Female,0,67,Yes,No,Two year,Bank transfer (automatic),68.65,3911.09,No
CUST-01848,Female,1,62,Yes,Fiber optic,Two year,Electronic check,106.57,6176.83,No
CUST-01849,Female,0,57,No,DSL,One year,Credit card (automatic),39.38,2215.29,No
CUST-01850,Male,0,43,No,DSL,Month-to-month,Credit card (automatic),50.77,1863.21,No
CUST-01851,Female,0,25,Yes,No,Two year,Bank transfer (automatic),109.56,2421.55,No
CUST-01852,Female,0,45,No,DSL,Two year,Electronic check,108.43,4416.75,No
CUST-01853,Female,0,37,Yes,DSL,Month-to-month,Credit card (automatic),50.5,1718.49,Yes
CUST-01854,Male,0,67,No,DSL,One year,Credit card (automatic),117.56,6882.27,No
CUST-01855,Male,0,6,No,DSL,Month-to-month,Bank transfer (automatic),60.59,337.2,Yes
CUST-01856,Male,0,55,No,Fiber optic,One year,Mailed check,39.63,2082.7,No
CUST-01857,Male,0,36,Yes,No,Two year,Credit card (automatic),55.49,1774.83,No
CUST-01858,Female,0,65,Yes,No,Two year,Credit card (automatic),109.67,6471.52,No
CUST-01859,Male,1,38,No,DSL,Month-to-month,Credit card (automatic),52.22,1957.4,No
CUST-01860,Female,0,11,Yes,Fiber optic,Two year,Bank transfer (automatic),115.17,1099.96,No
CUST-01861,Female,0,58,Yes,No,One year,Bank transfer (automatic),67.07,3644.08,No
CUST-01862,Male,0,58,No,DSL,Month-to-month,Bank transfer (automatic),97.94,4830.09,No
CUST-01863,Female,0,46,Yes,Fiber optic,One year,Mailed check,71.2,3052.17,No
CUST-01864,Male,0,34,Yes,DSL,Month-to-month,Electronic check,56.11,1796.66,Yes
CUST-01865,Female,0,40,No,No,Month-to-month,Credit card (automatic),95.18,3600.71,Yes
CUST-01866,Female,0,51,No,Fiber optic,Two year,Mailed check,54.19,2702.46,No
CUST-01867,Male,0,25,Yes,Fiber optic,Month-to-month,Mailed check,106.34,2564.26,No
CUST-01868,Male,0,15,Yes,DSL,Two year,Mailed check,93.27,1218.01,No
CUST-01869,Female,0,43,No,Fiber optic,Two year,Credit card (automatic),28.3,1179.22,No
CUST-01870,Male,0,5,Yes,No,Month-to-month,Bank transfer (automatic),56.6,262.05,Yes
CUST-01871,Female,1,46,Yes,DSL,Two year,Bank transfer (automatic),35.66,1436.01,No
CUST-01872,Female,0,46,Yes,DSL,One year,Bank transfer (automatic),76.03,3140.47,No
CUST-01873,Male,0,65,No,Fiber optic,One year,Bank transfer (automatic),92.51,5519.03,No
CUST-01874,Female,0,47,Yes,DSL,Month-to-month,Mailed check,87.62,3924.67,Yes
CUST-01875,Female,0,10,No,Fiber optic,Month-to-month,Electronic check,64.04,602.78,No
CUST-01876,Male,0,48,No,No,Month-to-month,Mailed check,84.91,3537.32,No
CUST-01877,Female,1,35,Yes,DSL,One year,Credit card (automatic),99.59,3349.21,No
CUST-01878,Female,0,28,Yes,Fiber optic,Two year,Electronic check,61.38,1523.58,No
CUST-01879,Male,0,15,Yes,DSL,Two year,Credit card (automatic),88.08,1189.13,No
CUST-01880,Female,1,43,Yes,Fiber optic,Two year,Credit card (automatic),74.62,2815.2,No
CUST-01881,Female,0,35,Yes,Fiber optic,Month-to-month,Credit card (automatic),108.66,3265.69,Yes
CUST-01882,Female,0,68,No,No,Two year,Mailed check,65.1,4320.83,No
CUST-01883,Female,0,34,No,Fiber optic,Two year,Credit card (automatic),53.87,1788.98,No
CUST-01884,Male,0,7,No,DSL,Two year,Bank transfer (automatic),100.18,668.88,No
CUST-01885,Female,0,14,No,No,One year,Credit card (automatic),29.7,406.18,No
CUST-01886,Male,0,57,Yes,DSL,Month-to-month,Mailed check,76.01,4124.33,Yes
CUST-01887,Male,0,66,Yes,Fiber optic,Month-to-month,Electronic check,117.44,7628.16,No
CUST-01888,Male,0,16,No,DSL,Two year,Bank transfer (automatic),55.24,768.16,No
CUST-01889,Male,1,4,No,Fiber optic,Two year,Credit card (automatic),88.73,351.37,No
CUST-01890,Male,0,72,Yes,No,One year,Electronic check,107.51,7025.53,Yes
CUST-01891,Female,0,4,Yes,No,One year,Bank transfer (automatic),55.48,191.56,No
CUST-01892,Male,0,6,Yes,DSL,One year,Bank transfer (automatic),65.43,334.89,No
CUST-01893,Female,0,19,Yes,Fiber optic,One year,Mailed check,106.42,1850.09,No
CUST-01894,Male,0,9,No,No,Two year,Electronic check,44.82,358.64,No
CUST-01895,Male,1,50,Yes,No,Two year,Mailed check,56.99,2719.41,No
CUST-01896,Female,0,65,No,Fiber optic,Month-to-month,Credit card (automatic),74.62,4419.51,No
CUST-01897,Male,0,57,No,No,Two year,Bank transfer (automatic),25.16,1349.6,No
CUST-01898,Female,0,43,No,No,Two year,Credit card (automatic),76.52,2885.86,No
CUST-01899,Female,0,60,Yes,No,Month-to-month,Electronic check,85.22,4770.36,No
CUST-01900,Female,1,8,No,No,Month-to-month,Mailed check,68.03,534.06,Yes
CUST-01901,Male,1,72,No,No,Month-to-month,Mailed check,62.19,4369.9,No
CUST-01902,Male,0,66,No,No,Month-to-month,Electronic check,27.27,1772.84,No
CUST-01903,Female,0,15,No,Fiber optic,Month-to-month,Electronic check,24.39,336.16,Yes
CUST-01904,Male,0,18,Yes,DSL,One year,Mailed check,54.91,909.79,Yes
CUST-01905,Female,0,47,Yes,Fiber optic,Month-to-month,Bank transfer (automatic),92.64,4144.54,Yes
CUST-01906,Male,0,12,Yes,No,One year,Bank transfer (automatic),50.0,549.03,No
CUST-01907,Female,1,54,Yes,DSL,Two year,Credit card (automatic),49.84,2605.46,No
CUST-01908,Male,0,42,No,No,Month-to-month,Bank transfer (automatic),114.21,4386.42,No
CUST-01909,Female,0,37,Yes,Fiber optic,Month-to-month,Bank transfer (automatic),73.63,2345.02,Yes
CUST-01910,Male,0,6,Yes,DSL,One year,Electronic check,43.68,260.41,No
CUST-01911,Male,0,59,No,No,One year,Mailed check,118.38,6270.34,No
CUST-01912,Male,0,45,No,Fiber optic,One year,Electronic check,86.72,3683.34,No
CUST-01913,Male,0,18,Yes,DSL,One year,Credit card (automatic),42.73,706.62,No
CUST-01914,Female,0,57,No,No,Two year,Electronic check,57.78,3181.11,No
CUST-01915,Female,1,6,No,Fiber optic,Two year,Credit card (automatic),45.18,245.4,No
CUST-01916,Female,0,17,No,DSL,Two year,Mailed check,104.01,1738.49,No
CUST-01917,Male,0,28,No,Fiber optic,Month-to-month,Credit card (automatic),115.29,3129.17,No
CUST-01918,Female,0,15,No,No,Month-to-month,Mailed check,60.31,883.17,No
CUST-01919,Male,0,62,Yes,Fiber optic,One year,Mailed check,42.89,2327.76,No
CUST-01920,Female,0,38,Yes,DSL,Two year,Bank transfer (automatic),49.06,1815.03,No
CUST-01921,Male,0,30,No,No,Month-to-month,Electronic check,38.86,996.45,Yes
CUST-01922,Female,0,39,Yes,Fiber optic,One year,Mailed check,115.75,4197.34,No
CUST-01923,Female,0,22,No,DSL,One year,Credit card (automatic),45.82,986.34,No
CUST-01924,Male,0,50,Yes,DSL,Month-to-month,Credit card (automatic),96.8,4322.97,Yes
CUST-01925,Male,0,3,Yes,No,Month-to-month,Credit card (automatic),45.73,133.82,Yes
CUST-01926,Male,0,51,No,No,Month-to-month,Credit card (automatic),22.15,1107.98,No
CUST-01927,Male,1,72,Yes,Fiber optic,Month-to-month,Mailed check,86.67,5394.81,No
CUST-01928,Female,1,62,Yes,DSL,Month-to-month,Electronic check,52.95,2799.24,No
CUST-01929,Female,0,51,Yes,No,One year,Credit card (automatic),113.07,5096.81,No
CUST-01930,Female,0,6,No,No,One year,Electronic check,72.92,423.65,No
CUST-01931,Male,0,9,Yes,Fiber optic,One year,Bank transfer (automatic),63.67,529.74,No
CUST-01932,Female,0,19,No,No,Month-to-month,Bank transfer (automatic),60.58,1061.78,No
CUST-01933,Female,0,18,No,Fiber optic,Month-to-month,Credit card (automatic),108.2,1947.06,No
CUST-01934,Female,0,29,No,No,Month-to-month,Mailed check,33.41,870.96,Yes
CUST-01935,Male,1,3,Yes,Fiber optic,Month-to-month,Mailed check,104.31,280.25,No
CUST-01936,Male,0,15,No,No,Two year,Credit card (automatic),86.82,1154.96,No
CUST-01937,Female,1,49,Yes,DSL,Month-to-month,Credit card (automatic),36.53,1597.22,No
CUST-01938,Female,0,56,No,DSL,Month-to-month,Electronic check,116.89,6458.84,No
CUST-01939,Female,1,20,Yes,Fiber optic,Two year,Mailed check,77.39,1441.46,No
CUST-01940,Male,0,10,No,Fiber optic,One year,Electronic check,75.34,703.84,No
CUST-01941,Male,1,50,Yes,No,Two year,Mailed check,84.61,3708.12,No
CUST-01942,Male,0,17,Yes,No,Two year,Electronic check,51.15,781.88,No
CUST-01943,Female,0,28,Yes,No,Two year,Mailed check,74.63,1841.02,Yes
CUST-01944,Female,0,46,No,No,Month-to-month,Credit card (automatic),114.72,4665.38,No
CUST-01945,Male,0,14,No,DSL,Two year,Bank transfer (automatic),22.16,291.17,No
CUST-01946,Male,0,1,Yes,DSL,One year,Bank transfer (automatic),39.3,35.68,No
CUST-01947,Female,0,41,No,No,Two year,Bank transfer (automatic),56.1,2201.46,No
CUST-01948,Male,0,17,Yes,DSL,Two year,Bank transfer (automatic),36.91,565.46,No
CUST-01949,Male,0,19,Yes,No,One year,Mailed check,55.11,939.55,No
CUST-01950,Male,0,2,Yes,DSL,Month-to-month,Mailed check,54.78,94.76,No
CUST-01951,Female,1,64,Yes,No,Two year,Mailed check,33.97,1915.35,No
CUST-01952,Male,0,28,Yes,DSL,Month-to-month,Electronic check,94.13,2386.74,No
CUST-01953,Male,0,71,Yes,DSL,Month-to-month,Electronic check,41.6,2834.36,No
CUST-01954,Female,0,25,Yes,DSL,Two year,Electronic check,71.63,1696.51,No
CUST-01955,Male,0,72,No,DSL,Two year,Mailed check,76.38,5216.53,No
CUST-01956,Female,0,67,No,No,Month-to-month,Bank transfer (automatic),62.17,4155.56,No
CUST-01957,Male,1,63,No,No,Two year,Credit card (automatic),85.9,5265.74,No
CUST-01958,Male,0,23,No,Fiber optic,One year,Electronic check,47.95,1006.69,No
CUST-01959,Female,0,4,Yes,No,Two year,Bank transfer (automatic),89.06,353.38,No
CUST-01960,Male,0,48,Yes,DSL,Month-to-month,Credit card (automatic),45.56,1906.38,No
CUST-01961,Male,1,50,Yes,No,One year,Credit card (automatic),74.09,3454.49,No
CUST-01962,Female,1,43,Yes,Fiber optic,Two year,Electronic check,109.56,4281.18,No
CUST-01963,Female,0,35,Yes,Fiber optic,Month-to-month,Mailed check,73.88,2295.73,Yes
CUST-01964,Female,0,23,Yes,DSL,One year,Mailed check,110.71,2236.97,No
CUST-01965,Female,1,49,No,Fiber optic,One year,Bank transfer (automatic),60.8,2571.14,No
CUST-01966,Female,1,8,Yes,DSL,Two year,Bank transfer (automatic),72.46,545.47,No
CUST-01967,Male,0,50,Yes,No,One year,Electronic check,31.64,1405.65,Yes
CUST-01968,Female,0,2,Yes,No,One year,Credit card (automatic),57.7,104.16,No
CUST-01969,Female,0,39,No,No,One year,Electronic check,48.87,1744.38,No
CUST-01970,Female,0,64,No,No,Month-to-month,Electronic check,48.42,2838.4,No
CUST-01971,Female,0,2,Yes,DSL,Month-to-month,Credit card (automatic),83.53,164.84,No
CUST-01972,Female,0,5,Yes,Fiber optic,One year,Bank transfer (automatic),66.52,296.43,No
CUST-01973,Male,0,7,Yes,Fiber optic,Month-to-month,Credit card (automatic),52.05,328.13,Yes
CUST-01974,Female,1,61,Yes,DSL,Month-to-month,Electronic check,92.52,5622.66,No
CUST-01975,Male,0,31,Yes,Fiber optic,Two year,Bank transfer (automatic),94.5,2498.97,No
CUST-01976,Male,0,20,No,No,Two year,Bank transfer (automatic),58.11,1145.26,No
CUST-01977,Male,0,61,No,Fiber optic,Two year,Bank transfer (automatic),67.37,3916.99,No
CUST-01978,Male,1,12,Yes,Fiber optic,Month-to-month,Electronic check,29.03,318.03,No
CUST-01979,Female,1,6,No,DSL,Month-to-month,Bank transfer (automatic),27.96,155.41,Yes
CUST-01980,Female,0,65,Yes,DSL,Two year,Electronic check,88.87,5019.54,No
CUST-01981,Female,1,68,Yes,Fiber optic,Two year,Bank transfer (automatic),36.95,2338.61,No
CUST-01982,Female,0,56,No,Fiber optic,Month-to-month,Bank transfer (automatic),43.3,2223.55,Yes
CUST-01983,Female,0,60,No,Fiber optic,One year,Mailed check,48.56,2677.97,No
CUST-01984,Male,1,26,Yes,DSL,Two year,Credit card (automatic),32.39,802.73,No
CUST-01985,Male,0,55,No,Fiber optic,Month-to-month,Mailed check,64.32,3061.69,Yes
CUST-01986,Male,0,57,Yes,Fiber optic,Month-to-month,Mailed check,44.52,2417.13,No
CUST-01987,Female,0,70,Yes,DSL,Two year,Bank transfer (automatic),73.34,4682.28,No
CUST-01988,Female,0,52,No,No,One year,Electronic check,44.23,2261.94,No
CUST-01989,Male,1,5,No,Fiber optic,Two year,Bank transfer (automatic),104.29,465.35,No
CUST-01990,Female,1,9,Yes,No,One year,Electronic check,87.89,720.53,No
CUST-01991,Male,1,64,Yes,No,Two year,Mailed check,112.35,6837.88,No
CUST-01992,Female,0,69,Yes,No,Two year,Credit card (automatic),114.72,7475.07,No
CUST-01993,Female,0,14,Yes,DSL,Month-to-month,Electronic check,110.51,1358.99,No
CUST-01994,Female,1,20,No,Fiber optic,Two year,Bank transfer (automatic),91.55,1750.49,No
CUST-01995,Female,0,25,No,Fiber optic,One year,Credit card (automatic),92.74,2262.74,No
CUST-01996,Female,0,60,No,No,Two year,Credit card (automatic),93.66,5505.38,No
CUST-01997,Male,0,62,No,DSL,One year,Bank transfer (automatic),48.68,2568.78,No
CUST-01998,Female,0,13,Yes,DSL,Two year,Credit card (automatic),116.87,1488.43,No
CUST-01999,Female,0,23,No,No,Month-to-month,Credit card (automatic),86.0,1861.56,No
CUST-02000,Female,0,63,Yes,DSL,One year,Bank transfer (automatic),42.29,2539.23,No
CUST-02001,Male,0,63,No,DSL,Month-to-month,Electronic check,33.71,2067.79,No
CUST-02002,Male,0,20,Yes,Fiber optic,Month-to-month,Mailed check,46.91,889.22,Yes
CUST-02003,Female,0,8,Yes,No,Two year,Electronic check,58.83,421.84,No
CUST-02004,Male,0,42,Yes,No,Month-to-month,Bank transfer (automatic),56.62,2177.86,No
CUST-02005,Male,0,17,Yes,No,Two year,Mailed check,100.13,1523.43,No
CUST-02006,Male,0,1,Yes,No,One year,Electronic check,71.18,63.9,No
CUST-02007,Male,0,33,Yes,DSL,Month-to-month,Credit card (automatic),20.18,641.29,No
CUST-02008,Male,0,24,Yes,DSL,Two year,Mailed check,37.01,770.02,No
CUST-02009,Male,0,32,Yes,No,Month-to-month,Mailed check,37.89,1190.3,Yes
CUST-02010,Male,0,65,Yes,DSL,Two year,Bank transfer (automatic),109.4,6346.34,No
CUST-02011,Male,0,35,Yes,No,Month-to-month,Electronic check,98.16,3336.77,Yes
CUST-02012,Female,0,29,Yes,No,Two year,Bank transfer (automatic),88.26,2545.69,Yes
CUST-02013,Male,0,38,Yes,No,Two year,Electronic check,113.22,4215.21,No
CUST-02014,Male,0,69,Yes,Fiber optic,Two year,Credit card (automatic),106.88,6805.59,No
CUST-02015,Male,0,15,Yes,DSL,One year,Mailed check,101.39,1450.33,No
CUST-02016,Male,0,4,Yes,No,One year,Mailed check,60.64,230.35,No
CUST-02017,Male,0,23,No,DSL,Two year,Mailed check,90.55,1829.75,No
CUST-02018,Female,1,7,Yes,Fiber optic,One year,Mailed check,94.33,624.42,No
CUST-02019,Female,0,19,Yes,DSL,One year,Electronic check,66.39,1225.02,No
CUST-02020,Male,0,45,Yes,Fiber optic,Month-to-month,Electronic check,117.72,4860.79,Yes
CUST-02021,Female,1,6,No,DSL,Two year,Credit card (automatic),65.82,347.39,No
CUST-02022,Male,0,8,No,DSL,Two year,Mailed check,91.16,724.16,No
CUST-02023,Female,0,19,Yes,DSL,One year,Electronic check,60.34,990.37,No
CUST-02024,Male,0,17,No,DSL,One year,Credit card (automatic),36.6,603.28,No
CUST-02025,Female,0,70,No,No,One year,Bank transfer (automatic),38.58,2473.29,No
CUST-02026,Female,0,39,Yes,DSL,Two year,Credit card (automatic),81.26,2912.93,No
CUST-02027,Female,0,41,Yes,No,One year,Electronic check,102.36,3707.51,No
CUST-02028,Male,0,3,Yes,DSL,One year,Mailed check,81.15,211.98,No
CUST-02029,Female,1,7,No,Fiber optic,Two year,Mailed check,70.34,469.31,Yes
CUST-02030,Female,1,25,No,No,Two year,Electronic check,45.82,982.58,No
CUST-02031,Male,0,11,Yes,Fiber optic,Two year,Bank transfer (automatic),78.39,793.84,No
CUST-02032,Female,0,18,No,No,One year,Bank transfer (automatic),95.49,1465.51,No
CUST-02033,Female,0,68,No,DSL,Month-to-month,Mailed check,41.08,2724.18,No
CUST-02034,Female,0,19,Yes,Fiber optic,Month-to-month,Mailed check,82.4,1465.4,No
CUST-02035,Female,0,29,No,Fiber optic,Two year,Credit card (automatic),20.35,526.26,No
CUST-02036,Male,0,37,Yes,No,Two year,Credit card (automatic),26.71,904.41,No
CUST-02037,Female,1,45,Yes,DSL,One year,Mailed check,30.23,1177.66,No
CUST-02038,Female,1,56,Yes,No,Month-to-month,Electronic check,117.84,5981.37,No
CUST-02039,Male,0,1,No,No,One year,Mailed check,24.84,23.65,No
CUST-02040,Female,0,45,No,No,Month-to-month,Electronic check,59.64,2400.12,Yes
CUST-02041,Male,0,34,Yes,No,One year,Electronic check,113.17,3833.76,No
CUST-02042,Female,0,50,Yes,No,Two year,Mailed check,101.2,4580.73,No
CUST-02043,Female,1,55,No,Fiber optic,One year,Electronic check,112.03,5573.79,No
CUST-02044,Male,1,28,Yes,DSL,Month-to-month,Credit card (automatic),44.36,1122.39,No
CUST-02045,Male,0,53,No,DSL,Month-to-month,Credit card (automatic),65.96,3176.08,No
CUST-02046,Female,0,37,No,Fiber optic,Month-to-month,Bank transfer (automatic),40.09,1394.46,Yes
CUST-02047,Female,0,64,No,No,Month-to-month,Mailed check,79.85,4561.87,No
CUST-02048,Female,1,32,No,Fiber optic,Month-to-month,Mailed check,61.47,1949.55,Yes
CUST-02049,Male,0,48,Yes,Fiber optic,Two year,Electronic check,41.47,1914.87,No
CUST-02050,Male,1,40,Yes,No,Two year,Bank transfer (automatic),81.1,3188.78,No
CUST-02051,Female,1,39,No,Fiber optic,One year,Credit card (automatic),75.42,2876.57,No
CUST-02052,Male,0,27,Yes,No,One year,Electronic check,105.2,2787.77,No
CUST-02053,Male,0,23,No,DSL,One year,Credit card (automatic),34.36,683.41,No
CUST-02054,Male,1,44,Yes,Fiber optic,One year,Credit card (automatic),117.99,4738.94,No
CUST-02055,Female,0,64,No,Fiber optic,Month-to-month,Credit card (automatic),95.78,6062.86,No
CUST-02056,Female,0,59,No,Fiber optic,Month-to-month,Bank transfer (automatic),89.83,4831.91,No
CUST-02057,Male,0,21,No,No,Month-to-month,Mailed check,59.5,1239.5,No
CUST-02058,Male,1,44,No,Fiber optic,Two year,Bank transfer (automatic),92.7,3573.62,No
CUST-02059,Male,0,55,No,No,Two year,Mailed check,29.64,1581.26,No
CUST-02060,Male,0,27,Yes,No,Month-to-month,Mailed check,71.94,1872.77,No
CUST-02061,Male,0,51,Yes,No,Month-to-month,Bank transfer (automatic),96.42,4894.88,Yes
CUST-02062,Female,0,69,No,No,One year,Electronic check,39.93,2621.62,Yes
CUST-02063,Male,0,54,No,Fiber optic,Two year,Bank transfer (automatic),94.12,4386.02,No
CUST-02064,Female,0,28,No,Fiber optic,Two year,Credit card (automatic),75.53,2005.7,No
CUST-02065,Male,0,10,Yes,Fiber optic,Month-to-month,Credit card (automatic),59.6,563.45,No
CUST-02066,Male,0,37,No,No,Month-to-month,Bank transfer (automatic),72.62,2362.02,No
CUST-02067,Female,0,41,No,No,Month-to-month,Electronic check,104.51,3949.71,Yes
CUST-02068,Male,0,39,No,No,Month-to-month,Mailed check,96.32,3330.4,Yes
CUST-02069,Female,0,44,Yes,Fiber optic,Two year,Mailed check,86.94,3685.55,No
CUST-02070,Female,0,26,No,DSL,Two year,Credit card (automatic),85.2,2202.42,No
CUST-02071,Female,1,57,Yes,Fiber optic,One year,Bank transfer (automatic),84.01,4192.7,No
CUST-02072,Male,1,46,No,DSL,Month-to-month,Electronic check,31.05,1324.79,Yes
CUST-02073,Female,1,32,Yes,Fiber optic,Month-to-month,Credit card (automatic),39.68,1255.66,No
CUST-02074,Male,0,58,Yes,No,Two year,Bank transfer (automatic),23.96,1333.15,No
CUST-02075,Male,0,27,No,Fiber optic,Month-to-month,Bank transfer (automatic),31.95,843.08,Yes
CUST-02076,Female,0,31,Yes,DSL,Month-to-month,Electronic check,46.19,1258.85,Yes
CUST-02077,Female,0,40,No,No,One year,Credit card (automatic),81.69,3179.44,No
CUST-02078,Male,0,18,No,Fiber optic,Month-to-month,Credit card (automatic),98.8,1688.69,No
CUST-02079,Female,0,30,No,DSL,One year,Bank transfer (automatic),109.07,3112.91,Yes
CUST-02080,Male,0,6,Yes,Fiber optic,Month-to-month,Credit card (automatic),74.91,411.45,Yes
CUST-02081,Female,1,10,Yes,DSL,One year,Credit card (automatic),60.65,576.74,No
CUST-02082,Male,0,53,Yes,DSL,One year,Electronic check,87.89,4016.11,No
CUST-02083,Female,0,25,No,DSL,Month-to-month,Mailed check,22.15,544.65,No
CUST-02084,Male,0,53,Yes,DSL,Month-to-month,Electronic check,79.46,3606.36,No
CUST-02085,Male,0,65,Yes,Fiber optic,One year,Mailed check,91.91,5385.78,No
CUST-02086,Male,0,13,Yes,DSL,Two year,Bank transfer (automatic),82.85,1021.99,No
CUST-02087,Male,0,49,No,Fiber optic,One year,Mailed check,69.56,3074.16,No
CUST-02088,Male,1,52,Yes,Fiber optic,One year,Credit card (automatic),73.1,3582.1,No
CUST-02089,Female,0,65,Yes,No,Month-to-month,Mailed check,115.73,7291.15,No
CUST-02090,Female,0,3,No,Fiber optic,Two year,Bank transfer (automatic),72.48,212.62,No
CUST-02091,Female,0,45,Yes,DSL,Two year,Bank transfer (automatic),45.37,1906.29,No
CUST-02092,Female,0,30,Yes,DSL,Month-to-month,Bank transfer (automatic),105.74,2717.69,No
CUST-02093,Female,0,7,Yes,No,Month-to-month,Credit card (automatic),111.03,663.97,No
CUST-02094,Male,0,49,No,DSL,Two year,Bank transfer (automatic),65.14,3078.23,No
CUST-02095,Female,0,66,No,No,One year,Electronic check,43.97,2893.46,No
CUST-02096,Male,1,66,Yes,Fiber optic,Month-to-month,Mailed check,84.53,4749.07,No
CUST-02097,Female,0,50,No,No,One year,Electronic check,69.54,2976.69,No
CUST-02098,Male,0,33,Yes,Fiber optic,Two year,Bank transfer (automatic),54.8,1572.71,No
CUST-02099,Male,0,72,Yes,Fiber optic,Two year,Electronic check,64.81,4194.8,No
CUST-02100,Female,1,50,Yes,No,Two year,Credit card (automatic),96.61,4395.61,No
CUST-02101,Female,1,50,No,No,One year,Electronic check,52.23,2414.9,No
CUST-02102,Female,0,4,No,Fiber optic,Two year,Electronic check,52.69,192.15,No
CUST-02103,Female,1,24,No,DSL,Month-to-month,Electronic check,113.89,2462.81,No
CUST-02104,Female,0,71,Yes,DSL,One year,Credit card (automatic),58.35,3764.46,No
CUST-02105,Female,1,22,No,Fiber optic,Month-to-month,Electronic check,47.73,981.03,Yes
CUST-02106,Male,0,70,No,No,Two year,Electronic check,87.84,5287.65,No
CUST-02107,Male,1,69,Yes,DSL,One year,Mailed check,78.86,4672.68,No
CUST-02108,Male,0,2,No,No,One year,Credit card (automatic),117.46,206.64,No
CUST-02109,Female,0,63,Yes,DSL,Month-to-month,Mailed check,98.66,5454.3,No
CUST-02110,Female,0,45,No,DSL,One year,Mailed check,77.33,3437.56,No
CUST-02111,Male,0,57,Yes,No,Month-to-month,Bank transfer (automatic),64.16,3566.27,No
CUST-02112,Female,0,19,Yes,No,Month-to-month,Credit card (automatic),85.07,1592.73,No
CUST-02113,Female,0,22,Yes,Fiber optic,Two year,Electronic check,75.85,1590.18,No
CUST-02114,Female,0,66,Yes,Fiber optic,Two year,Electronic check,108.69,6339.29,No
CUST-02115,Female,0,8,Yes,DSL,Two year,Bank transfer (automatic),105.13,832.12,No
CUST-02116,Female,0,33,No,Fiber optic,One year,Bank transfer (automatic),112.36,3251.36,No
CUST-02117,Female,0,67,Yes,No,One year,Mailed check,60.93,3813.21,No
CUST-02118,Male,1,26,No,DSL,One year,Electronic check,94.28,2158.15,No
CUST-02119,Male,0,39,No,DSL,Two year,Electronic check,51.01,1858.7,No
CUST-02120,Male,0,46,No,No,One year,Mailed check,81.02,3228.9,No
CUST-02121,Male,1,33,Yes,DSL,Two year,Credit card (automatic),90.47,2856.32,No
CUST-02122,Male,0,19,No,DSL,Month-to-month,Bank transfer (automatic),87.5,1540.44,Yes
CUST-02123,Male,0,48,No,Fiber optic,One year,Credit card (automatic),35.22,1688.47,No
CUST-02124,Male,0,38,No,Fiber optic,Month-to-month,Bank transfer (automatic),41.89,1452.1,Yes
CUST-02125,Female,1,47,Yes,DSL,One year,Bank transfer (automatic),111.73,5157.94,No
CUST-02126,Female,0,57,No,Fiber optic,One year,Electronic check,24.7,1370.98,No
CUST-02127,Male,1,44,Yes,DSL,Month-to-month,Mailed check,97.52,3938.88,Yes
CUST-02128,Male,0,72,No,No,One year,Electronic check,55.04,3923.09,No
CUST-02129,Male,1,43,Yes,DSL,Month-to-month,Credit card (automatic),111.6,4442.41,Yes
CUST-02130,Male,0,60,No,DSL,Two year,Mailed check,71.83,3700.2,No
CUST-02131,Male,0,23,No,No,One year,Credit card (automatic),96.16,1883.1,Yes
CUST-02132,Female,0,6,Yes,DSL,Month-to-month,Bank transfer (automatic),63.42,342.19,Yes
CUST-02133,Female,1,70,Yes,No,One year,Electronic check,113.35,7927.55,No
CUST-02134,Male,1,19,Yes,Fiber optic,Month-to-month,Electronic check,99.03,1729.13,Yes
CUST-02135,Female,1,18,Yes,DSL,Two year,Credit card (automatic),110.13,1717.89,No
CUST-02136,Male,0,3,No,Fiber optic,Month-to-month,Credit card (automatic),94.76,279.3,No
CUST-02137,Male,0,30,Yes,DSL,Two year,Mailed check,58.77,1512.44,No
CUST-02138,Female,0,56,Yes,DSL,One year,Credit card (automatic),42.92,2096.07,No
CUST-02139,Female,0,26,No,No,Two year,Electronic check,31.97,755.24,No
CUST-02140,Female,0,45,No,No,Month-to-month,Mailed check,112.62,4449.63,Yes
CUST-02141,Female,0,39,Yes,DSL,Two year,Mailed check,53.13,1953.86,No
CUST-02142,Male,0,63,Yes,No,Two year,Electronic check,34.86,2117.7,No
CUST-02143,Female,0,41,No,Fiber optic,Two year,Credit card (automatic),50.62,2005.85,No
CUST-02144,Female,0,4,Yes,DSL,One year,Bank transfer (automatic),99.71,359.08,No
CUST-02145,Female,0,26,Yes,No,One year,Electronic check,62.1,1574.42,Yes
CUST-02146,Male,1,16,No,No,Two year,Bank transfer (automatic),47.74,661.31,No
CUST-02147,Male,0,64,No,Fiber optic,Two year,Credit card (automatic),95.09,5848.09,No
CUST-02148,Male,1,64,Yes,Fiber optic,One year,Bank transfer (automatic),80.66,4496.07,No
CUST-02149,Male,1,51,Yes,Fiber optic,Month-to-month,Mailed check,104.9,5099.7,No
CUST-02150,Female,0,61,Yes,Fiber optic,One year,Bank transfer (automatic),92.36,4890.62,No
CUST-02151,Male,0,54,No,No,Two year,Mailed check,79.75,4257.75,No
CUST-02152,Female,0,31,No,DSL,Two year,Bank transfer (automatic),106.36,3170.78,No
CUST-02153,Male,1,3,No,No,Two year,Credit card (automatic),113.89,324.42,No
CUST-02154,Female,1,64,Yes,Fiber optic,Two year,Credit card (automatic),75.67,4211.07,No
CUST-02155,Male,0,1,Yes,Fiber optic,One year,Electronic check,53.09,52.42,No
CUST-02156,Female,0,63,No,No,Two year,Bank transfer (automatic),80.91,5087.05,No
CUST-02157,Male,1,53,Yes,Fiber optic,One year,Electronic check,96.14,4516.47,No
CUST-02158,Female,0,47,No,DSL,Month-to-month,Electronic check,23.96,1124.19,No
CUST-02159,Female,0,72,No,Fiber optic,One year,Mailed check,108.64,7189.93,No
CUST-02160,Male,0,47,No,Fiber optic,Two year,Credit card (automatic),85.68,3468.16,No
CUST-02161,Male,0,54,No,Fiber optic,Two year,Electronic check,49.9,2591.72,No
CUST-02162,Female,0,59,No,No,Month-to-month,Electronic check,45.21,2309.31,No
CUST-02163,Male,0,13,Yes,No,One year,Credit card (automatic),78.76,1023.68,No
CUST-02164,Male,1,45,No,No,One year,Bank transfer (automatic),103.01,4516.42,No
CUST-02165,Male,0,26,Yes,DSL,One year,Electronic check,103.57,2303.85,No
CUST-02166,Male,0,52,No,DSL,One year,Bank transfer (automatic),37.79,1794.13,No
CUST-02167,Male,1,11,Yes,No,Two year,Bank transfer (automatic),92.36,867.98,No
CUST-02168,Male,0,23,Yes,DSL,Two year,Electronic check,63.56,1408.72,No
CUST-02169,Male,1,21,No,DSL,One year,Electronic check,36.98,710.28,No
CUST-02170,Female,0,45,Yes,DSL,Two year,Mailed check,66.82,2644.81,No
CUST-02171,Male,0,29,Yes,No,Month-to-month,Bank transfer (automatic),34.85,908.67,No
CUST-02172,Male,0,24,Yes,No,Two year,Electronic check,111.78,2378.67,Yes
CUST-02173,Female,0,12,Yes,DSL,Month-to-month,Mailed check,33.62,380.78,No
CUST-02174,Male,0,5,Yes,DSL,Month-to-month,Electronic check,64.29,304.03,Yes
CUST-02175,Male,0,9,Yes,DSL,Two year,Electronic check,80.78,696.89,No
CUST-02176,Male,0,42,Yes,DSL,Two year,Electronic check,22.32,895.27,No
CUST-02177,Male,1,65,No,DSL,Month-to-month,Mailed check,65.56,4111.25,No
CUST-02178,Male,0,63,Yes,Fiber optic,Month-to-month,Electronic check,44.63,2393.43,No
CUST-02179,Female,0,5,No,Fiber optic,Month-to-month,Electronic check,47.59,206.21,Yes
CUST-02180,Female,0,6,No,No,One year,Electronic check,76.6,428.96,No
CUST-02181,Male,0,60,No,No,Month-to-month,Mailed check,53.57,2841.92,No
CUST-02182,Female,1,46,No,DSL,Two year,Electronic check,38.32,1559.01,No
CUST-02183,Female,0,62,Yes,No,Two year,Electronic check,75.07,4204.77,No
CUST-02184,Female,0,68,No,Fiber optic,Two year,Bank transfer (automatic),113.97,7175.68,No
CUST-02185,Female,0,3,No,DSL,Month-to-month,Credit card (automatic),64.25,176.89,Yes
CUST-02186,Male,0,14,Yes,Fiber optic,Month-to-month,Credit card (automatic),114.55,1431.72,No
CUST-02187,Male,0,30,No,No,Month-to-month,Bank transfer (automatic),76.18,2123.91,No
CUST-02188,Male,1,60,Yes,DSL,Month-to-month,Electronic check,113.11,6432.16,No
CUST-02189,Female,0,32,Yes,Fiber optic,Two year,Bank transfer (automatic),46.06,1355.94,No
CUST-02190,Male,1,31,No,DSL,One year,Bank transfer (automatic),96.27,2654.07,No
CUST-02191,Male,0,45,Yes,Fiber optic,One year,Mailed check,29.58,1324.01,No
CUST-02192,Male,1,11,No,Fiber optic,Two year,Bank transfer (automatic),51.88,513.94,No
CUST-02193,Female,0,12,No,DSL,Two year,Credit card (automatic),39.02,435.47,No
CUST-02194,Female,1,27,Yes,No,Month-to-month,Electronic check,30.44,728.49,No
CUST-02195,Male,0,68,Yes,Fiber optic,One year,Credit card (automatic),84.11,5358.36,No
CUST-02196,Male,1,41,Yes,No,One year,Mailed check,75.42,2650.95,No
CUST-02197,Female,0,35,No,No,One year,Electronic check,60.83,1932.38,No
CUST-02198,Female,0,24,No,No,Two year,Electronic check,101.45,2340.19,No
CUST-02199,Male,0,4,No,DSL,Two year,Bank transfer (automatic),64.19,218.67,No
CUST-02200,Female,0,64,Yes,No,One year,Electronic check,64.78,3609.03,No
CUST-02201,Male,0,29,Yes,No,Month-to-month,Bank transfer (automatic),100.99,2574.93,Yes
CUST-02202,Female,0,58,Yes,DSL,One year,Bank transfer (automatic),21.96,1183.55,No
CUST-02203,Female,1,58,Yes,Fiber optic,Month-to-month,Mailed check,117.02,6537.06,No
CUST-02204,Male,0,7,No,Fiber optic,One year,Bank transfer (automatic),41.82,269.62,No
CUST-02205,Male,0,66,Yes,DSL,Two year,Mailed check,34.9,2143.75,No
CUST-02206,Male,1,41,No,No,Two year,Electronic check,100.71,3760.29,No
CUST-02207,Female,1,64,Yes,Fiber optic,One year,Bank transfer (automatic),51.3,3018.47,No
CUST-02208,Female,0,56,Yes,No,Month-to-month,Electronic check,104.95,5406.65,No
CUST-02209,Male,1,45,Yes,DSL,Month-to-month,Electronic check,30.84,1181.29,No
CUST-02210,Male,1,59,No,No,Month-to-month,Bank transfer (automatic),27.09,1506.91,No
CUST-02211,Male,1,53,No,DSL,Month-to-month,Credit card (automatic),56.05,2960.54,Yes
CUST-02212,Male,1,58,No,No,One year,Electronic check,27.74,1597.35,No
CUST-02213,Female,0,15,Yes,No,One year,Mailed check,100.28,1386.57,No
CUST-02214,Female,0,35,Yes,DSL,Month-to-month,Bank transfer (automatic),50.69,1581.1,Yes
CUST-02215,Male,0,58,No,No,Two year,Credit card (automatic),30.83,1604.09,No
CUST-02216,Male,0,65,Yes,Fiber optic,Month-to-month,Mailed check,26.85,1594.49,No
CUST-02217,Male,1,71,Yes,DSL,Two year,Mailed check,93.4,6027.43,No
CUST-02218,Female,0,51,Yes,Fiber optic,Month-to-month,Mailed check,101.24,4841.92,No
CUST-02219,Female,1,53,No,No,Two year,Credit card (automatic),29.01,1447.77,No
CUST-02220,Female,0,6,No,Fiber optic,Two year,Credit card (automatic),29.67,154.04,No
CUST-02221,Male,1,16,No,DSL,Month-to-month,Electronic check,111.4,1716.75,Yes
CUST-02222,Female,1,15,No,Fiber optic,Month-to-month,Credit card (automatic),89.18,1217.8,Yes
CUST-02223,Male,0,5,Yes,Fiber optic,One year,Bank transfer (automatic),48.35,228.56,No
CUST-02224,Male,0,25,Yes,No,One year,Credit card (automatic),62.43,1411.65,No
CUST-02225,Female,0,71,No,Fiber optic,Month-to-month,Bank transfer (automatic),92.88,6046.23,No
CUST-02226,Male,0,16,No,No,One year,Mailed check,87.85,1396.71,No
CUST-02227,Female,1,22,Yes,DSL,Month-to-month,Electronic check,98.75,2010.12,No
CUST-02228,Female,0,11,Yes,DSL,Month-to-month,Credit card (automatic),97.01,1009.98,Yes
CUST-02229,Female,0,67,No,No,One year,Credit card (automatic),95.14,5982.66,No
CUST-02230,Female,0,61,No,DSL,Month-to-month,Credit card (automatic),68.13,3717.3,No
CUST-02231,Female,1,47,Yes,Fiber optic,Two year,Bank transfer (automatic),47.13,2135.46,No
CUST-02232,Male,1,6,No,DSL,Two year,Credit card (automatic),46.05,272.97,No
CUST-02233,Female,0,50,No,DSL,One year,Electronic check,118.18,5545.6,No
CUST-02234,Male,0,49,No,DSL,Two year,Mailed check,41.32,1973.47,No
CUST-02235,Female,0,42,Yes,DSL,Two year,Bank transfer (automatic),113.96,4587.76,No
CUST-02236,Male,1,30,Yes,Fiber optic,Month-to-month,Credit card (automatic),117.94,3054.27,No
CUST-02237,Female,0,61,Yes,No,Month-to-month,Mailed check,83.86,4648.74,No
CUST-02238,Male,0,13,No,DSL,Two year,Mailed check,75.1,932.55,No
CUST-02239,Male,0,66,Yes,DSL,Two year,Bank transfer (automatic),38.34,2309.32,No
CUST-02240,Female,0,52,No,Fiber optic,Two year,Bank transfer (automatic),65.18,3237.95,No
CUST-02241,Male,1,4,Yes,DSL,Month-to-month,Electronic check,96.06,349.45,Yes
CUST-02242,Male,0,5,Yes,Fiber optic,Two year,Bank transfer (automatic),76.1,331.24,No
CUST-02243,Male,0,37,No,Fiber optic,One year,Credit card (automatic),81.17,2991.19,No
CUST-02244,Female,0,8,No,No,Month-to-month,Bank transfer (automatic),89.83,611.69,Yes
CUST-02245,Female,1,42,Yes,DSL,Two year,Mailed check,64.99,2367.28,No
CUST-02246,Male,0,31,Yes,No,Two year,Bank transfer (automatic),39.36,1197.9,No
CUST-02247,Female,0,31,Yes,DSL,Month-to-month,Mailed check,70.22,1890.71,No
CUST-02248,Female,0,29,Yes,DSL,One year,Bank transfer (automatic),95.38,2511.55,No
CUST-02249,Female,1,50,No,DSL,Two year,Credit card (automatic),24.15,1158.01,No
CUST-02250,Male,0,36,No,Fiber optic,Two year,Bank transfer (automatic),110.51,3552.11,No
CUST-02251,Male,0,65,No,DSL,One year,Mailed check,106.43,6546.12,No
CUST-02252,Male,1,24,No,No,Two year,Mailed check,33.61,765.32,No
CUST-02253,Male,0,35,Yes,No,Month-to-month,Bank transfer (automatic),87.15,2625.48,No
CUST-02254,Male,0,37,No,DSL,Two year,Mailed check,93.16,3376.24,No
CUST-02255,Male,0,48,Yes,No,One year,Credit card (automatic),36.09,1605.71,No
CUST-02256,Male,0,71,No,Fiber optic,One year,Bank transfer (automatic),23.61,1431.54,No
CUST-02257,Female,0,11,No,No,One year,Bank transfer (automatic),47.56,472.12,No
CUST-02258,Male,0,60,Yes,DSL,One year,Mailed check,112.14,6212.93,No
CUST-02259,Female,0,26,No,No,One year,Mailed check,68.52,1608.62,No
CUST-02260,Male,1,30,No,DSL,One year,Electronic check,116.91,3084.27,No
CUST-02261,Female,1,54,No,Fiber optic,Month-to-month,Mailed check,45.23,2419.71,No
CUST-02262,Male,0,62,Yes,DSL,Month-to-month,Bank transfer (automatic),30.71,1866.2,Yes
CUST-02263,Female,0,51,Yes,DSL,Month-to-month,Bank transfer (automatic),36.69,1767.98,No
CUST-02264,Female,0,15,Yes,DSL,One year,Bank transfer (automatic),96.09,1237.05,No
CUST-02265,Male,0,18,Yes,Fiber optic,One year,Mailed check,22.36,382.07,No
CUST-02266,Female,1,17,No,Fiber optic,Month-to-month,Mailed check,83.07,1364.46,Yes
CUST-02267,Female,1,62,Yes,No,Month-to-month,Electronic check,21.65,1266.29,No
CUST-02268,Male,0,41,Yes,DSL,Two year,Credit card (automatic),115.41,4420.01,No
CUST-02269,Male,0,68,Yes,No,Month-to-month,Mailed check,50.52,3254.86,No
CUST-02270,Female,1,57,Yes,No,Month-to-month,Mailed check,56.91,2819.82,No
CUST-02271,Male,1,8,No,DSL,Two year,Mailed check,89.68,618.62,No
CUST-02272,Male,0,31,No,Fiber optic,Month-to-month,Mailed check,80.05,2463.33,No
CUST-02273,Female,1,10,No,No,One year,Electronic check,53.9,538.57,No
CUST-02274,Male,1,54,Yes,DSL,Month-to-month,Mailed check,97.7,5218.12,No
CUST-02275,Female,0,1,Yes,No,Two year,Electronic check,48.18,40.98,No
CUST-02276,Female,1,25,Yes,DSL,Two year,Bank transfer (automatic),111.27,2398.23,No
CUST-02277,Male,0,28,Yes,No,Month-to-month,Bank transfer (automatic),76.22,1983.37,No
CUST-02278,Male,0,40,No,DSL,Two year,Electronic check,107.34,4123.52,No
CUST-02279,Male,0,11,Yes,DSL,One year,Electronic check,22.09,241.88,No
CUST-02280,Female,0,6,No,No,Month-to-month,Electronic check,29.74,161.36,Yes
CUST-02281,Male,1,4,No,No,One year,Credit card (automatic),48.15,183.18,No
CUST-02282,Female,0,31,Yes,DSL,One year,Credit card (automatic),30.26,802.02,No
CUST-02283,Male,0,18,No,DSL,Two year,Bank transfer (automatic),33.45,531.18,No
CUST-02284,Female,0,23,Yes,DSL,One year,Credit card (automatic),84.37,1750.17,No
CUST-02285,Female,0,48,Yes,Fiber optic,Month-to-month,Credit card (automatic),23.95,1091.34,No
CUST-02286,Female,0,28,No,No,Two year,Bank transfer (automatic),119.24,2842.46,No
CUST-02287,Female,0,50,Yes,No,Two year,Credit card (automatic),42.35,1809.71,No
CUST-02288,Male,1,48,Yes,DSL,One year,Credit card (automatic),74.52,3325.13,No
CUST-02289,Male,0,1,Yes,DSL,Month-to-month,Electronic check,34.36,30.86,Yes
CUST-02290,Male,0,68,Yes,Fiber optic,Two year,Bank transfer (automatic),62.94,3775.53,No
CUST-02291,Female,0,54,Yes,DSL,Month-to-month,Mailed check,50.21,2311.41,No
CUST-02292,Male,1,50,Yes,No,One year,Credit card (automatic),98.41,4739.62,No
CUST-02293,Male,0,46,Yes,No,Two year,Mailed check,118.35,5024.34,No
CUST-02294,Male,0,69,Yes,Fiber optic,One year,Mailed check,103.27,7052.88,No
CUST-02295,Male,1,34,No,Fiber optic,Two year,Credit card (automatic),58.98,1989.33,Yes
CUST-02296,Female,1,15,Yes,DSL,Two year,Bank transfer (automatic),82.98,1077.18,No
CUST-02297,Female,1,49,No,Fiber optic,One year,Credit card (automatic),112.11,5481.02,No
CUST-02298,Male,0,56,Yes,Fiber optic,One year,Mailed check,56.76,3024.82,No
CUST-02299,Male,0,53,No,Fiber optic,One year,Bank transfer (automatic),81.45,4156.61,No
CUST-02300,Male,0,32,Yes,DSL,One year,Credit card (automatic),49.44,1537.32,No
CUST-02301,Male,0,50,Yes,Fiber optic,Month-to-month,Credit card (automatic),71.17,3217.98,No
CUST-02302,Female,0,23,No,DSL,Month-to-month,Bank transfer (automatic),107.72,2123.11,Yes
CUST-02303,Male,1,8,No,Fiber optic,Month-to-month,Credit card (automatic),118.05,917.46,No
CUST-02304,Male,0,6,Yes,Fiber optic,Two year,Mailed check,100.71,517.92,No
CUST-02305,Male,0,7,Yes,DSL,Month-to-month,Mailed check,112.04,723.79,Yes
CUST-02306,Female,0,25,No,DSL,Month-to-month,Bank transfer (automatic),38.05,880.28,Yes
CUST-02307,Male,0,63,No,Fiber optic,One year,Mailed check,32.27,1765.7,No
CUST-02308,Female,0,56,Yes,No,Two year,Electronic check,58.9,3245.19,No
CUST-02309,Female,0,42,No,Fiber optic,Two year,Credit card (automatic),26.28,995.82,No
CUST-02310,Female,0,5,No,DSL,Month-to-month,Credit card (automatic),47.26,228.67,Yes
CUST-02311,Male,0,57,Yes,No,Month-to-month,Credit card (automatic),114.23,6267.86,No
CUST-02312,Male,0,35,No,Fiber optic,Two year,Bank transfer (automatic),111.23,3341.8,No
CUST-02313,Female,0,66,Yes,No,Month-to-month,Mailed check,106.24,6083.27,No
CUST-02314,Female,0,6,Yes,No,Month-to-month,Credit card (automatic),116.38,609.73,Yes
CUST-02315,Female,0,5,Yes,DSL,Month-to-month,Credit card (automatic),64.57,297.17,No
CUST-02316,Female,1,56,Yes,DSL,One year,Credit card (automatic),21.62,1158.9,Yes
CUST-02317,Male,0,31,No,No,One year,Bank transfer (automatic),93.94,2730.39,No
CUST-02318,Female,0,50,No,No,Two year,Electronic check,28.54,1345.14,No
CUST-02319,Male,0,42,No,No,Month-to-month,Mailed check,53.63,2027.15,No
CUST-02320,Male,0,56,No,DSL,Month-to-month,Electronic check,58.38,2892.73,No
CUST-02321,Female,0,16,No,Fiber optic,One year,Mailed check,44.54,701.71,No
CUST-02322,Female,0,35,No,Fiber optic,Month-to-month,Electronic check,86.59,2661.91,No
CUST-02323,Male,0,52,Yes,No,One year,Electronic check,50.2,2600.07,No
CUST-02324,Female,1,71,No,Fiber optic,Two year,Credit card (automatic),31.34,2217.25,No
CUST-02325,Female,0,63,No,DSL,Two year,Electronic check,89.1,5266.08,No
CUST-02326,Male,0,18,Yes,Fiber optic,Two year,Electronic check,54.4,958.02,No
CUST-02327,Female,1,9,No,DSL,Two year,Credit card (automatic),51.21,395.31,No
CUST-02328,Female,1,24,No,No,Month-to-month,Electronic check,104.2,2380.54,No
CUST-02329,Female,0,40,No,DSL,One year,Electronic check,88.96,3243.29,Yes
CUST-02330,Female,0,56,Yes,Fiber optic,Month-to-month,Bank transfer (automatic),61.17,3082.41,No
CUST-02331,Male,0,18,Yes,DSL,Month-to-month,Credit card (automatic),70.19,1193.24,Yes
CUST-02332,Male,0,64,No,No,Two year,Bank transfer (automatic),48.7,2923.27,No
CUST-02333,Male,0,70,Yes,DSL,Month-to-month,Bank transfer (automatic),22.19,1384.37,No
CUST-02334,Male,0,58,Yes,DSL,Two year,Mailed check,115.46,5829.85,No
CUST-02335,Female,0,24,Yes,Fiber optic,Month-to-month,Electronic check,81.01,1937.83,Yes
CUST-02336,Male,0,49,No,Fiber optic,Two year,Mailed check,83.02,3926.27,No
CUST-02337,Male,0,66,Yes,No,Month-to-month,Credit card (automatic),26.9,1645.13,No
CUST-02338,Male,0,18,Yes,DSL,One year,Mailed check,36.61,620.96,Yes
CUST-02339,Female,0,47,No,No,Month-to-month,Electronic check,107.24,4519.22,No
CUST-02340,Female,0,11,No,DSL,Two year,Mailed check,99.05,1042.31,No
CUST-02341,Female,0,40,Yes,DSL,Two year,Bank transfer (automatic),44.45,1700.31,No
CUST-02342,Male,0,69,Yes,Fiber optic,Two year,Mailed check,65.81,4215.21,No
CUST-02343,Female,0,34,No,DSL,One year,Electronic check,116.29,3673.63,No
CUST-02344,Female,0,22,No,No,Month-to-month,Electronic check,25.22,534.28,Yes
CUST-02345,Male,0,19,No,DSL,Two year,Mailed check,95.07,1575.42,No
CUST-02346,Female,0,12,Yes,No,Two year,Electronic check,97.62,1090.73,Yes
CUST-02347,Female,0,47,Yes,No,Month-to-month,Credit card (automatic),82.59,3672.83,Yes
CUST-02348,Female,1,56,No,Fiber optic,Two year,Electronic check,61.92,3414.22,No
CUST-02349,Female,0,3,No,DSL,Month-to-month,Bank transfer (automatic),25.02,65.49,No
CUST-02350,Female,0,59,Yes,No,One year,Mailed check,64.5,3368.27,No
CUST-02351,Male,0,13,Yes,No,Month-to-month,Credit card (automatic),103.63,1254.21,No
CUST-02352,Female,0,24,Yes,DSL,Month-to-month,Bank transfer (automatic),76.66,1630.5,No
CUST-02353,Male,1,53,No,DSL,Two year,Bank transfer (automatic),99.73,4930.11,No
CUST-02354,Male,0,60,No,DSL,Month-to-month,Bank transfer (automatic),23.63,1215.65,No
CUST-02355,Male,0,52,No,Fiber optic,One year,Credit card (automatic),52.16,2577.43,No
CUST-02356,Female,0,25,No,Fiber optic,Month-to-month,Electronic check,46.53,1102.73,Yes
CUST-02357,Male,1,62,Yes,Fiber optic,One year,Mailed check,34.86,1994.38,No
CUST-02358,Male,0,16,Yes,DSL,Two year,Mailed check,35.64,494.73,No
CUST-02359,Male,0,35,Yes,DSL,Two year,Mailed check,72.28,2512.32,No
CUST-02360,Male,0,59,Yes,No,One year,Electronic check,66.52,3740.87,Yes
CUST-02361,Female,0,30,No,Fiber optic,One year,Bank transfer (automatic),71.14,2008.64,No
CUST-02362,Female,1,36,Yes,DSL,Month-to-month,Bank transfer (automatic),106.18,3562.65,Yes
CUST-02363,Female,0,2,No,DSL,Two year,Electronic check,39.05,71.58,No
CUST-02364,Male,1,43,No,No,Two year,Electronic check,26.37,1055.35,No
CUST-02365,Female,1,55,No,Fiber optic,Month-to-month,Mailed check,72.64,3641.91,No
CUST-02366,Male,1,45,No,No,One year,Credit card (automatic),109.24,4227.5,No
CUST-02367,Male,0,40,Yes,DSL,Two year,Credit card (automatic),104.83,3679.11,No
CUST-02368,Female,0,17,No,Fiber optic,One year,Bank transfer (automatic),81.98,1326.62,No
CUST-02369,Female,1,9,No,No,One year,Electronic check,86.69,747.51,No
CUST-02370,Male,0,21,No,DSL,Month-to-month,Credit card (automatic),56.07,1059.31,No
CUST-02371,Male,0,5,Yes,No,Month-to-month,Mailed check,117.61,564.64,No
CUST-02372,Female,0,25,Yes,DSL,Two year,Bank transfer (automatic),81.53,1764.67,No
CUST-02373,Male,0,39,No,DSL,Month-to-month,Mailed check,31.61,1170.46,No
CUST-02374,Male,0,62,Yes,DSL,Month-to-month,Credit card (automatic),102.57,5653.67,No
CUST-02375,Female,0,13,Yes,Fiber optic,One year,Bank transfer (automatic),31.18,380.45,No
CUST-02376,Female,1,10,No,Fiber optic,Two year,Electronic check,95.28,892.45,No
CUST-02377,Male,0,61,No,DSL,One year,Mailed check,47.29,2847.93,No
CUST-02378,Male,1,71,Yes,No,Month-to-month,Credit card (automatic),37.56,2525.93,No
CUST-02379,Male,1,66,Yes,Fiber optic,Month-to-month,Credit card (automatic),85.05,5570.9,No
CUST-02380,Female,0,50,Yes,DSL,One year,Credit card (automatic),39.08,1948.29,No
CUST-02381,Female,1,47,No,Fiber optic,Month-to-month,Mailed check,48.83,2161.46,Yes
CUST-02382,Male,0,40,No,DSL,One year,Bank transfer (automatic),119.97,4165.27,No
CUST-02383,Male,0,65,No,Fiber optic,Month-to-month,Credit card (automatic),38.56,2460.69,No
CUST-02384,Male,1,50,Yes,Fiber optic,Month-to-month,Bank transfer (automatic),88.29,4196.92,No
CUST-02385,Male,1,14,Yes,No,Two year,Electronic check,71.38,942.97,No
CUST-02386,Male,0,41,No,No,One year,Electronic check,113.31,4638.0,No
CUST-02387,Male,1,42,Yes,DSL,Month-to-month,Credit card (automatic),90.23,3485.98,No
CUST-02388,Male,0,39,Yes,DSL,Month-to-month,Electronic check,25.67,981.69,Yes
CUST-02389,Female,0,65,Yes,DSL,One year,Mailed check,118.15,7267.57,No
CUST-02390,Female,1,61,Yes,No,Month-to-month,Electronic check,42.9,2389.42,Yes
CUST-02391,Female,0,57,No,DSL,One year,Credit card (automatic),72.43,3745.03,No
CUST-02392,Male,1,53,Yes,DSL,One year,Mailed check,86.4,4142.06,No
CUST-02393,Female,0,58,No,No,Month-to-month,Mailed check,27.32,1519.56,Yes
CUST-02394,Male,0,20,Yes,No,Month-to-month,Credit card (automatic),65.87,1141.38,No
CUST-02395,Female,0,56,Yes,Fiber optic,One year,Mailed check,68.82,3515.25,No
CUST-02396,Female,1,15,Yes,Fiber optic,One year,Bank transfer (automatic),32.8,448.29,No
CUST-02397,Female,1,35,Yes,No,Month-to-month,Electronic check,46.62,1552.7,No
CUST-02398,Male,1,68,Yes,No,Two year,Bank transfer (automatic),84.81,5732.67,No
CUST-02399,Male,1,65,Yes,Fiber optic,Month-to-month,Bank transfer (automatic),43.37,2699.84,No
CUST-02400,Male,1,35,Yes,DSL,Two year,Credit card (automatic),35.88,1126.97,No
CUST-02401,Female,0,18,Yes,No,Two year,Electronic check,72.75,1142.71,No
CUST-02402,Male,1,63,No,DSL,Two year,Mailed check,62.79,3734.13,No
CUST-02403,Male,0,58,No,No,One year,Credit card (automatic),64.26,3183.52,No
CUST-02404,Male,1,35,Yes,No,Month-to-month,Credit card (automatic),43.94,1315.85,No
CUST-02405,Female,1,56,Yes,No,One year,Credit card (automatic),45.94,2390.7,No
CUST-02406,Male,1,33,No,Fiber optic,One year,Credit card (automatic),118.97,3406.43,Yes
CUST-02407,Female,1,64,Yes,No,Month-to-month,Mailed check,34.35,1968.79,Yes
CUST-02408,Male,0,10,No,No,Two year,Electronic check,85.72,830.94,Yes
CUST-02409,Male,1,1,Yes,DSL,One year,Bank transfer (automatic),116.12,109.88,No
CUST-02410,Male,0,3,Yes,No,One year,Bank transfer (automatic),53.53,154.28,No
CUST-02411,Male,0,21,Yes,Fiber optic,One year,Electronic check,68.17,1275.69,No
CUST-02412,Female,1,58,Yes,DSL,Two year,Mailed check,101.4,5523.94,No
CUST-02413,Female,0,61,Yes,No,Month-to-month,Electronic check,83.83,4396.57,No
CUST-02414,Female,0,58,Yes,Fiber optic,Month-to-month,Credit card (automatic),114.18,5734.34,No
CUST-02415,Female,0,69,No,Fiber optic,Two year,Electronic check,69.54,4275.16,No
CUST-02416,Male,0,34,No,No,One year,Credit card (automatic),50.62,1560.04,No
CUST-02417,Female,0,40,No,Fiber optic,Month-to-month,Credit card (automatic),36.62,1305.61,No
CUST-02418,Female,0,11,Yes,No,One year,Bank transfer (automatic),79.08,749.13,No
CUST-02419,Female,1,20,Yes,Fiber optic,Month-to-month,Mailed check,62.7,1249.98,Yes
CUST-02420,Male,1,39,Yes,Fiber optic,One year,Mailed check,42.94,1493.3,No
CUST-02421,Female,0,69,No,Fiber optic,Two year,Electronic check,81.03,5546.35,No
CUST-02422,Female,1,15,No,Fiber optic,Two year,Mailed check,89.2,1307.43,No
CUST-02423,Female,0,22,No,Fiber optic,One year,Electronic check,110.69,2330.75,No
CUST-02424,Male,0,10,No,DSL,One year,Credit card (automatic),73.88,690.57,No
CUST-02425,Male,0,65,No,No,Two year,Electronic check,111.6,6318.83,No
CUST-02426,Male,0,37,Yes,No,One year,Electronic check,38.4,1214.41,No
CUST-02427,Female,0,43,Yes,No,Month-to-month,Mailed check,98.59,3974.09,Yes
CUST-02428,Male,1,22,No,Fiber optic,One year,Electronic check,106.32,2133.61,No
CUST-02429,Female,0,1,Yes,DSL,One year,Electronic check,90.8,84.19,No
CUST-02430,Female,0,17,No,Fiber optic,Two year,Electronic check,22.88,351.55,No
CUST-02431,Male,0,60,Yes,DSL,One year,Mailed check,118.31,6769.68,No
CUST-02432,Female,0,18,Yes,No,One year,Bank transfer (automatic),107.33,1797.51,No
CUST-02433,Male,0,42,No,No,Two year,Bank transfer (automatic),35.62,1277.85,No
CUST-02434,Male,0,36,Yes,DSL,Two year,Credit card (automatic),119.31,4209.3,No
CUST-02435,Female,1,39,Yes,DSL,Month-to-month,Electronic check,46.21,1676.01,No
CUST-02436,Female,0,48,Yes,Fiber optic,Two year,Bank transfer (automatic),46.79,2092.51,No
CUST-02437,Female,0,5,Yes,DSL,One year,Credit card (automatic),102.33,461.48,No
CUST-02438,Female,0,70,Yes,No,Two year,Electronic check,28.81,1742.38,No
CUST-02439,Male,0,56,Yes,DSL,Two year,Bank transfer (automatic),29.15,1481.1,No
CUST-02440,Female,1,19,Yes,DSL,One year,Bank transfer (automatic),32.41,537.29,Yes
CUST-02441,Female,0,60,No,Fiber optic,Two year,Credit card (automatic),104.4,5632.5,No
CUST-02442,Male,0,37,No,Fiber optic,Month-to-month,Mailed check,69.67,2310.48,Yes
CUST-02443,Male,0,1,Yes,Fiber optic,Two year,Bank transfer (automatic),77.96,67.67,No
CUST-02444,Female,0,28,No,No,One year,Electronic check,102.14,2598.13,No
CUST-02445,Female,0,30,Yes,DSL,Month-to-month,Electronic check,29.7,871.32,Yes
CUST-02446,Female,1,36,Yes,Fiber optic,Month-to-month,Mailed check,61.03,2172.3,Yes
CUST-02447,Male,0,8,No,No,One year,Electronic check,70.8,565.0,No
CUST-02448,Female,0,64,Yes,Fiber optic,Month-to-month,Credit card (automatic),37.11,2119.88,No
CUST-02449,Male,1,5,Yes,No,Two year,Credit card (automatic),113.86,505.96,No
CUST-02450,Male,0,30,Yes,No,Month-to-month,Electronic check,85.28,2539.49,No
CUST-02451,Male,1,36,Yes,Fiber optic,Month-to-month,Bank transfer (automatic),44.43,1476.58,No
CUST-02452,Male,1,27,Yes,Fiber optic,Two year,Bank transfer (automatic),76.39,2019.03,No
CUST-02453,Female,0,33,No,Fiber optic,Two year,Mailed check,118.27,3364.3,No
CUST-02454,Female,0,52,Yes,DSL,One year,Electronic check,55.37,2468.62,No
CUST-02455,Male,0,8,Yes,Fiber optic,One year,Bank transfer (automatic),95.12,692.94,No
CUST-02456,Male,0,59,Yes,DSL,Two year,Mailed check,34.12,1833.83,No
CUST-02457,Female,0,20,No,Fiber optic,Two year,Mailed check,47.85,924.62,No
CUST-02458,Female,0,55,Yes,DSL,Two year,Mailed check,113.94,5554.3,No
CUST-02459,Male,1,14,Yes,Fiber optic,One year,Mailed check,96.6,1310.29,No
CUST-02460,Female,0,6,Yes,DSL,Month-to-month,Credit card (automatic),67.01,393.94,No
CUST-02461,Female,0,69,No,No,Month-to-month,Mailed check,62.84,4037.56,No
CUST-02462,Female,1,19,No,Fiber optic,One year,Electronic check,42.52,768.07,No
CUST-02463,Female,0,60,Yes,Fiber optic,One year,Mailed check,114.84,6362.73,No
CUST-02464,Male,0,66,Yes,DSL,One year,Mailed check,97.57,5539.29,Yes
CUST-02465,Male,0,39,No,Fiber optic,Two year,Electronic check,46.48,1741.47,No
CUST-02466,Female,0,18,Yes,DSL,Month-to-month,Mailed check,67.68,1085.18,Yes
CUST-02467,Male,0,18,No,Fiber optic,One year,Bank transfer (automatic),107.16,1784.03,No
CUST-02468,Female,0,14,Yes,No,One year,Electronic check,49.36,641.08,Yes
CUST-02469,Male,1,42,No,DSL,Two year,Bank transfer (automatic),39.24,1429.4,No
CUST-02470,Female,1,4,Yes,DSL,One year,Electronic check,93.8,350.29,No
CUST-02471,Female,1,10,No,Fiber optic,One year,Mailed check,115.09,1098.08,No
CUST-02472,Male,0,8,Yes,DSL,Month-to-month,Electronic check,51.77,394.73,Yes
CUST-02473,Male,0,39,No,No,Two year,Credit card (automatic),78.31,2681.08,No
CUST-02474,Male,0,5,No,Fiber optic,Two year,Bank transfer (automatic),107.91,476.56,No
CUST-02475,Female,0,42,No,Fiber optic,Two year,Bank transfer (automatic),38.33,1585.39,No
CUST-02476,Female,0,24,No,DSL,Two year,Bank transfer (automatic),35.77,782.66,No
CUST-02477,Male,1,37,Yes,Fiber optic,One year,Electronic check,55.94,1848.28,No
CUST-02478,Female,0,65,Yes,DSL,One year,Mailed check,115.02,7356.64,No
CUST-02479,Female,0,59,Yes,No,One year,Credit card (automatic),88.4,4630.45,No
CUST-02480,Male,0,16,Yes,No,Two year,Electronic check,95.34,1478.95,No
CUST-02481,Female,1,14,Yes,Fiber optic,Month-to-month,Mailed check,105.51,1426.08,Yes
CUST-02482,Male,0,27,Yes,DSL,Month-to-month,Credit card (automatic),103.99,2428.65,Yes
CUST-02483,Female,0,19,No,DSL,One year,Bank transfer (automatic),85.3,1400.81,No
CUST-02484,Male,0,33,No,Fiber optic,Month-to-month,Bank transfer (automatic),72.29,2041.01,No
CUST-02485,Male,1,67,Yes,DSL,One year,Bank transfer (automatic),115.48,6666.26,No
CUST-02486,Female,0,27,No,Fiber optic,Month-to-month,Mailed check,58.5,1525.89,No
CUST-02487,Male,1,2,Yes,DSL,Two year,Mailed check,56.27,104.49,No
CUST-02488,Male,1,12,No,DSL,One year,Credit card (automatic),60.87,693.32,No
CUST-02489,Female,1,47,Yes,Fiber optic,One year,Mailed check,38.64,1794.86,Yes
CUST-02490,Male,0,5,Yes,Fiber optic,Month-to-month,Bank transfer (automatic),68.69,295.51,No
CUST-02491,Female,0,17,Yes,Fiber optic,One year,Mailed check,34.57,510.73,No
CUST-02492,Male,0,65,Yes,Fiber optic,Two year,Bank transfer (automatic),67.07,4243.46,No
CUST-02493,Male,0,62,No,No,Month-to-month,Credit card (automatic),119.01,6719.26,No
CUST-02494,Male,0,52,No,Fiber optic,Month-to-month,Credit card (automatic),113.71,5755.32,No
CUST-02495,Male,0,52,No,No,Month-to-month,Bank transfer (automatic),94.14,4767.47,Yes
CUST-02496,Female,0,26,Yes,Fiber optic,Month-to-month,Mailed check,83.98,1944.98,No
CUST-02497,Female,0,20,No,DSL,Month-to-month,Credit card (automatic),57.61,1087.29,No
CUST-02498,Female,0,63,Yes,Fiber optic,One year,Credit card (automatic),64.02,3811.7,No
CUST-02499,Male,0,70,Yes,DSL,Two year,Electronic check,78.01,5072.33,No
CUST-02500,Female,0,37,No,DSL,One year,Credit card (automatic),49.24,1692.56,No
CUST-02501,Female,0,9,No,DSL,One year,Mailed check,82.64,717.44,No
CUST-02502,Male,1,7,No,DSL,Month-to-month,Mailed check,74.41,496.57,Yes
CUST-02503,Male,0,61,Yes,No,Two year,Mailed check,116.31,6535.08,No
CUST-02504,Male,0,52,No,Fiber optic,One year,Mailed check,40.82,1867.0,No
CUST-02505,Male,0,50,No,DSL,One year,Mailed check,22.26,1030.17,No
CUST-02506,Male,0,57,No,DSL,Two year,Electronic check,93.23,4769.38,No
CUST-02507,Male,0,50,Yes,Fiber optic,Two year,Electronic check,87.35,4132.74,No
CUST-02508,Female,1,58,Yes,No,Month-to-month,Credit card (automatic),119.75,6714.87,No
CUST-02509,Female,0,50,Yes,Fiber optic,One year,Bank transfer (automatic),103.79,4458.41,No
CUST-02510,Male,0,16,Yes,Fiber optic,One year,Bank transfer (automatic),67.12,965.25,No
CUST-02511,Male,0,62,No,DSL,Two year,Mailed check,23.44,1371.51,No
CUST-02512,Female,1,27,Yes,No,Month-to-month,Mailed check,73.19,1946.23,Yes
CUST-02513,Female,0,31,No,DSL,Month-to-month,Electronic check,65.23,1998.15,No
CUST-02514,Male,0,12,Yes,DSL,Two year,Bank transfer (automatic),39.56,438.29,No
CUST-02515,Male,0,3,Yes,No,One year,Mailed check,115.64,342.17,No
CUST-02516,Male,1,31,Yes,No,Month-to-month,Credit card (automatic),99.75,2629.42,No
CUST-02517,Female,0,53,Yes,No,One year,Electronic check,98.68,4561.3,No
CUST-02518,Male,0,69,Yes,No,One year,Credit card (automatic),86.36,5174.79,No
CUST-02519,Female,1,26,Yes,No,One year,Electronic check,25.15,625.75,No
CUST-02520,Female,0,38,Yes,No,Month-to-month,Electronic check,110.51,4110.46,No
CUST-02521,Female,0,8,Yes,No,Month-to-month,Bank transfer (automatic),36.05,281.61,Yes
CUST-02522,Male,0,32,Yes,No,Two year,Mailed check,33.21,947.25,No
CUST-02523,Male,0,62,No,DSL,Two year,Electronic check,88.04,5062.92,No
CUST-02524,Female,1,47,Yes,DSL,One year,Credit card (automatic),85.14,3604.58,No
CUST-02525,Male,0,16,No,DSL,Two year,Bank transfer (automatic),60.87,954.2,No
CUST-02526,Male,0,49,No,Fiber optic,Month-to-month,Electronic check,85.11,3621.16,No
CUST-02527,Male,0,65,No,Fiber optic,One year,Bank transfer (automatic),38.63,2143.65,No
CUST-02528,Female,0,49,No,DSL,One year,Electronic check,29.68,1366.29,No
CUST-02529,Male,0,28,Yes,DSL,Two year,Mailed check,94.55,2515.75,No
CUST-02530,Female,0,49,No,DSL,Two year,Mailed check,117.48,5272.51,No
CUST-02531,Male,0,64,Yes,Fiber optic,One year,Electronic check,26.0,1462.36,No
CUST-02532,Male,1,18,Yes,DSL,One year,Bank transfer (automatic),46.41,782.28,No
CUST-02533,Female,0,52,Yes,No,Month-to-month,Electronic check,29.17,1415.76,No
CUST-02534,Male,1,17,Yes,DSL,Month-to-month,Electronic check,58.5,852.77,No
CUST-02535,Female,1,50,Yes,DSL,Two year,Mailed check,67.16,3327.95,No
CUST-02536,Male,0,14,Yes,Fiber optic,One year,Mailed check,63.58,787.69,No
CUST-02537,Female,0,40,No,Fiber optic,One year,Credit card (automatic),77.62,2891.42,No
CUST-02538,Female,0,43,Yes,DSL,Month-to-month,Bank transfer (automatic),60.99,2434.4,No
CUST-02539,Male,0,51,No,DSL,Two year,Bank transfer (automatic),78.72,3552.66,No
CUST-02540,Male,1,21,Yes,DSL,Two year,Mailed check,58.79,1095.98,No
CUST-02541,Male,1,33,Yes,No,One year,Mailed check,22.0,704.84,No
CUST-02542,Male,0,9,Yes,Fiber optic,Month-to-month,Electronic check,85.87,751.97,No
CUST-02543,Female,1,44,Yes,No,One year,Electronic check,86.0,3410.3,No
CUST-02544,Male,0,14,No,DSL,Month-to-month,Mailed check,95.52,1250.82,No
CUST-02545,Female,1,38,Yes,Fiber optic,One year,Mailed check,42.89,1525.1,No
CUST-02546,Male,0,60,No,No,One year,Credit card (automatic),53.97,3019.6,No
CUST-02547,Female,0,20,No,Fiber optic,Two year,Bank transfer (automatic),108.95,1895.69,No
CUST-02548,Female,0,21,No,No,One year,Credit card (automatic),23.48,482.57,Yes
CUST-02549,Male,0,71,Yes,DSL,Two year,Electronic check,77.63,4911.0,No
CUST-02550,Female,0,63,Yes,DSL,Two year,Credit card (automatic),61.31,3686.43,No
CUST-02551,Male,1,1,Yes,Fiber optic,One year,Mailed check,116.71,101.09,No
CUST-02552,Male,1,7,Yes,Fiber optic,One year,Mailed check,117.26,748.11,No
CUST-02553,Female,1,2,No,Fiber optic,One year,Credit card (automatic),102.54,192.21,No
CUST-02554,Female,0,9,No,No,Month-to-month,Credit card (automatic),63.18,503.19,Yes
CUST-02555,Female,1,43,Yes,DSL,One year,Bank transfer (automatic),89.17,3514.59,No
CUST-02556,Female,0,5,Yes,DSL,Month-to-month,Electronic check,107.01,488.45,Yes
CUST-02557,Male,1,3,Yes,No,Two year,Bank transfer (automatic),68.22,196.05,No
CUST-02558,Male,0,61,Yes,Fiber optic,One year,Electronic check,85.34,4707.12,No
CUST-02559,Male,0,72,Yes,DSL,Month-to-month,Mailed check,49.97,3357.23,No
CUST-02560,Male,0,9,No,No,Two year,Credit card (automatic),23.67,187.51,No
CUST-02561,Female,0,70,Yes,Fiber optic,Two year,Mailed check,41.1,2741.16,No
CUST-02562,Female,0,64,Yes,No,Two year,Bank transfer (automatic),89.52,4936.75,No
CUST-02563,Female,0,48,Yes,DSL,One year,Electronic check,75.27,3358.15,No
CUST-02564,Female,0,29,No,DSL,Two year,Credit card (automatic),32.98,919.1,No
CUST-02565,Male,0,40,Yes,DSL,Month-to-month,Mailed check,47.34,1801.3,No
CUST-02566,Male,0,67,Yes,No,Month-to-month,Credit card (automatic),68.67,4372.15,No
CUST-02567,Female,0,65,Yes,Fiber optic,Two year,Bank transfer (automatic),26.78,1728.72,No
CUST-02568,Male,1,63,Yes,DSL,One year,Credit card (automatic),47.42,2674.23,No
CUST-02569,Female,0,31,No,DSL,Month-to-month,Credit card (automatic),59.15,1686.01,Yes
CUST-02570,Male,0,35,No,No,Two year,Electronic check,112.69,3672.52,No
CUST-02571,Male,0,55,No,Fiber optic,One year,Credit card (automatic),41.45,2155.13,No
CUST-02572,Male,0,32,Yes,No,Month-to-month,Electronic check,104.01,2928.53,Yes
CUST-02573,Female,0,60,Yes,DSL,Month-to-month,Credit card (automatic),22.13,1194.7,No
CUST-02574,Female,0,23,Yes,Fiber optic,Two year,Electronic check,68.8,1361.57,No
CUST-02575,Male,0,67,Yes,DSL,One year,Credit card (automatic),48.23,3231.11,Yes
CUST-02576,Male,1,65,No,DSL,Month-to-month,Mailed check,70.82,4338.31,No
CUST-02577,Female,0,40,No,DSL,One year,Electronic check,27.98,1077.84,No
CUST-02578,Male,1,65,Yes,No,One year,Bank transfer (automatic),115.57,7102.88,No
CUST-02579,Female,1,26,No,No,Month-to-month,Bank transfer (automatic),92.98,2166.96,Yes
CUST-02580,Male,0,6,No,Fiber optic,Month-to-month,Mailed check,88.72,457.74,Yes
CUST-02581,Male,1,29,No,Fiber optic,One year,Electronic check,78.98,1955.92,No
CUST-02582,Male,1,32,Yes,No,Two year,Bank transfer (automatic),93.21,2810.4,No
CUST-02583,Male,1,62,Yes,No,Two year,Mailed check,29.84,1624.19,No
CUST-02584,Male,1,26,Yes,Fiber optic,Month-to-month,Credit card (automatic),110.16,2839.61,No
CUST-02585,Male,1,25,Yes,DSL,Two year,Electronic check,95.68,2229.99,No
CUST-02586,Female,0,39,No,Fiber optic,One year,Mailed check,84.38,2955.49,No
CUST-02587,Female,1,15,No,DSL,Month-to-month,Electronic check,113.5,1670.47,No
CUST-02588,Female,0,38,Yes,DSL,One year,Bank transfer (automatic),22.31,762.43,No
CUST-02589,Male,1,21,No,Fiber optic,One year,Mailed check,68.53,1430.07,Yes
CUST-02590,Male,0,6,Yes,Fiber optic,One year,Bank transfer (automatic),60.58,350.58,No
CUST-02591,Male,0,45,No,DSL,Two year,Credit card (automatic),85.16,3365.84,No
CUST-02592,Female,0,60,Yes,DSL,Month-to-month,Bank transfer (automatic),110.07,5623.08,No
CUST-02593,Male,0,62,Yes,DSL,Month-to-month,Credit card (automatic),33.78,1885.83,No
CUST-02594,Male,0,71,Yes,Fiber optic,Two year,Bank transfer (automatic),87.97,6140.19,No
CUST-02595,Male,0,36,Yes,DSL,Two year,Bank transfer (automatic),86.13,2778.09,No
CUST-02596,Female,1,56,Yes,No,Two year,Credit card (automatic),85.29,4717.82,No
CUST-02597,Male,1,67,No,No,Two year,Credit card (automatic),96.31,5616.5,No
CUST-02598,Female,0,72,Yes,Fiber optic,Month-to-month,Bank transfer (automatic),41.31,2782.6,No
CUST-02599,Female,0,16,No,Fiber optic,Two year,Electronic check,64.74,889.94,No
CUST-02600,Male,0,10,No,DSL,Month-to-month,Mailed check,119.6,1175.3,No
CUST-02601,Female,0,40,Yes,DSL,One year,Credit card (automatic),92.65,3522.24,No
CUST-02602,Male,1,27,Yes,No,Month-to-month,Electronic check,76.62,2056.87,Yes
CUST-02603,Female,0,52,No,DSL,One year,Credit card (automatic),53.87,2642.61,No
CUST-02604,Female,0,21,Yes,No,Month-to-month,Credit card (automatic),26.75,544.79,Yes
CUST-02605,Female,1,72,Yes,DSL,Two year,Bank transfer (automatic),33.25,2311.46,No
CUST-02606,Male,0,30,No,DSL,Two year,Credit card (automatic),105.22,2827.47,No
CUST-02607,Male,0,63,Yes,Fiber optic,One year,Mailed check,62.07,3619.36,No
CUST-02608,Female,0,40,No,Fiber optic,One year,Credit card (automatic),111.5,4261.94,No
CUST-02609,Female,0,68,Yes,No,One year,Mailed check,42.91,2493.87,No
CUST-02610,Male,0,36,Yes,DSL,Month-to-month,Credit card (automatic),107.17,3423.13,No
CUST-02611,Male,0,19,Yes,No,Month-to-month,Electronic check,43.49,794.66,No
CUST-02612,Male,0,68,No,DSL,Two year,Mailed check,70.15,4436.56,No
CUST-02613,Female,0,18,Yes,Fiber optic,Month-to-month,Bank transfer (automatic),26.11,459.17,Yes
CUST-02614,Male,0,61,No,DSL,Two year,Credit card (automatic),88.7,4974.04,No
CUST-02615,Male,1,61,No,No,Two year,Credit card (automatic),40.55,2252.08,No
CUST-02616,Male,0,21,Yes,Fiber optic,Two year,Credit card (automatic),105.84,2060.88,No
CUST-02617,Male,0,57,No,No,Two year,Electronic check,116.59,5942.61,No
CUST-02618,Female,0,67,No,Fiber optic,Month-to-month,Electronic check,25.36,1668.37,Yes
CUST-02619,Male,0,58,No,DSL,Two year,Mailed check,97.21,5332.09,No
CUST-02620,Female,0,26,Yes,DSL,Month-to-month,Mailed check,41.92,989.64,Yes
CUST-02621,Male,0,63,Yes,No,One year,Mailed check,67.15,3627.26,No
CUST-02622,Female,1,34,Yes,Fiber optic,Two year,Credit card (automatic),78.19,2580.83,No
CUST-02623,Male,0,19,Yes,No,Two year,Credit card (automatic),78.99,1325.56,No
CUST-02624,Female,1,35,Yes,DSL,One year,Bank transfer (automatic),21.13,712.67,No
CUST-02625,Male,1,64,Yes,DSL,Two year,Electronic check,29.75,1851.48,No
CUST-02626,Male,0,26,No,Fiber optic,Month-to-month,Bank transfer (automatic),43.47,1042.66,No
CUST-02627,Female,0,7,Yes,No,One year,Mailed check,90.3,581.1,No
CUST-02628,Male,1,65,Yes,Fiber optic,Two year,Bank transfer (automatic),97.39,5545.26,No
CUST-02629,Female,0,50,Yes,DSL,Month-to-month,Bank transfer (automatic),41.37,1840.09,No
CUST-02630,Male,0,38,Yes,Fiber optic,One year,Mailed check,78.55,2801.36,No
CUST-02631,Male,0,53,No,DSL,Two year,Mailed check,42.16,2206.14,No
CUST-02632,Female,0,40,Yes,No,Month-to-month,Bank transfer (automatic),53.73,2105.97,No
CUST-02633,Female,0,63,No,Fiber optic,Month-to-month,Credit card (automatic),98.47,5430.4,No
CUST-02634,Female,0,63,Yes,Fiber optic,Two year,Electronic check,39.46,2239.29,No
CUST-02635,Male,0,66,No,Fiber optic,Month-to-month,Credit card (automatic),22.22,1465.63,No
CUST-02636,Female,0,18,Yes,DSL,One year,Mailed check,40.17,642.96,No
CUST-02637,Female,1,51,No,No,Month-to-month,Credit card (automatic),55.83,2628.4,No
CUST-02638,Female,1,39,Yes,DSL,Month-to-month,Mailed check,42.81,1493.35,Yes
CUST-02639,Female,0,53,Yes,DSL,One year,Credit card (automatic),87.32,4243.69,No
CUST-02640,Female,0,64,No,No,One year,Bank transfer (automatic),69.71,4066.63,No
CUST-02641,Female,0,51,Yes,DSL,One year,Electronic check,98.84,4983.44,No
CUST-02642,Male,1,55,Yes,No,One year,Bank transfer (automatic),54.34,2896.91,No
CUST-02643,Female,1,19,No,Fiber optic,Month-to-month,Credit card (automatic),45.84,812.03,No
CUST-02644,Male,0,26,No,No,Two year,Mailed check,75.62,1843.16,No
CUST-02645,Male,0,50,No,No,One year,Mailed check,40.18,1911.38,No
CUST-02646,Male,0,58,Yes,DSL,Month-to-month,Mailed check,72.39,4102.06,Yes
CUST-02647,Female,0,50,Yes,Fiber optic,Month-to-month,Electronic check,69.37,3201.31,No
CUST-02648,Female,1,60,Yes,No,Two year,Bank transfer (automatic),61.57,3204.13,No
CUST-02649,Male,0,1,Yes,Fiber optic,One year,Electronic check,71.94,61.96,Yes
CUST-02650,Male,1,55,No,Fiber optic,Month-to-month,Credit card (automatic),92.35,4684.48,No
CUST-02651,Male,1,32,No,Fiber optic,One year,Mailed check,71.69,2106.81,No
CUST-02652,Female,0,25,Yes,No,One year,Electronic check,28.62,658.58,No
CUST-02653,Female,1,11,Yes,DSL,One year,Bank transfer (automatic),47.01,463.5,No
CUST-02654,Male,0,8,Yes,DSL,One year,Mailed check,81.42,636.38,Yes
CUST-02655,Male,0,46,No,Fiber optic,Month-to-month,Credit card (automatic),54.06,2461.86,No
CUST-02656,Male,1,6,Yes,DSL,One year,Credit card (automatic),102.0,529.3,No
CUST-02657,Male,0,16,Yes,DSL,One year,Electronic check,59.19,881.53,Yes
CUST-02658,Female,0,25,Yes,No,Month-to-month,Bank transfer (automatic),54.31,1343.9,No
CUST-02659,Female,0,5,No,DSL,One year,Credit card (automatic),70.88,322.92,No
CUST-02660,Female,0,14,No,Fiber optic,Two year,Bank transfer (automatic),101.0,1257.38,No
CUST-02661,Male,0,32,No,Fiber optic,Two year,Mailed check,36.8,1130.23,No
CUST-02662,Male,0,26,Yes,No,Two year,Bank transfer (automatic),72.89,1676.81,No
CUST-02663,Male,1,60,No,No,One year,Electronic check,110.37,6180.12,No
CUST-02664,Female,0,53,No,No,Two year,Bank transfer (automatic),71.25,3619.14,No
CUST-02665,Female,1,50,No,Fiber optic,Two year,Bank transfer (automatic),73.44,3566.31,No
CUST-02666,Female,1,49,No,No,Month-to-month,Electronic check,105.42,4559.91,No
CUST-02667,Female,0,16,No,Fiber optic,One year,Electronic check,25.14,397.87,No
CUST-02668,Male,0,21,No,No,Month-to-month,Electronic check,34.64,714.82,Yes
CUST-02669,Female,0,69,Yes,Fiber optic,One year,Electronic check,42.34,2541.99,No
CUST-02670,Female,0,56,Yes,No,One year,Electronic check,91.01,4680.58,No
CUST-02671,Male,0,52,No,No,One year,Mailed check,117.18,5265.42,No
CUST-02672,Female,1,31,Yes,Fiber optic,Month-to-month,Credit card (automatic),92.48,2542.24,No
CUST-02673,Female,0,33,Yes,DSL,Two year,Bank transfer (automatic),92.14,3023.78,No
CUST-02674,Male,0,3,No,DSL,Month-to-month,Mailed check,104.47,273.06,Yes
CUST-02675,Male,0,38,No,DSL,Month-to-month,Credit card (automatic),86.89,3116.83,No
CUST-02676,Female,0,3,No,No,Month-to-month,Bank transfer (automatic),80.61,217.73,Yes
CUST-02677,Female,0,18,No,Fiber optic,Month-to-month,Mailed check,58.33,1018.03,Yes
CUST-02678,Male,0,58,Yes,DSL,Month-to-month,Electronic check,47.72,2627.42,No
CUST-02679,Female,0,2,Yes,DSL,Two year,Electronic check,38.52,68.06,No
CUST-02680,Male,0,59,Yes,No,One year,Electronic check,86.93,4890.66,No
CUST-02681,Female,1,71,No,DSL,Month-to-month,Mailed check,29.09,1938.69,No
CUST-02682,Female,0,21,No,DSL,Two year,Bank transfer (automatic),44.12,861.2,No
CUST-02683,Male,1,10,Yes,No,One year,Credit card (automatic),42.46,369.38,No
CUST-02684,Male,0,14,Yes,Fiber optic,Month-to-month,Mailed check,43.98,609.16,Yes
CUST-02685,Male,0,29,No,Fiber optic,Two year,Mailed check,77.81,2031.55,No
CUST-02686,Male,1,16,No,Fiber optic,Month-to-month,Electronic check,37.44,556.61,Yes
CUST-02687,Female,1,32,Yes,No,Two year,Electronic check,107.36,3268.28,No
CUST-02688,Male,1,53,No,Fiber optic,Month-to-month,Bank transfer (automatic),75.89,3442.65,No
CUST-02689,Male,1,15,No,DSL,Month-to-month,Mailed check,87.27,1209.49,Yes
CUST-02690,Female,1,5,Yes,Fiber optic,Month-to-month,Bank transfer (automatic),118.15,549.94,No
CUST-02691,Male,1,71,Yes,No,One year,Mailed check,61.77,4089.24,No
CUST-02692,Male,0,14,No,No,One year,Mailed check,73.74,1031.61,No
CUST-02693,Female,0,26,No,DSL,Two year,Mailed check,92.06,2241.5,No
CUST-02694,Male,0,43,Yes,Fiber optic,Two year,Electronic check,61.08,2430.45,No
CUST-02695,Male,0,50,Yes,No,One year,Bank transfer (automatic),55.25,2421.25,No
CUST-02696,Female,0,51,No,DSL,Month-to-month,Mailed check,31.85,1578.85,No
CUST-02697,Male,1,13,Yes,Fiber optic,Month-to-month,Electronic check,109.88,1368.13,Yes
CUST-02698,Male,0,19,No,No,One year,Credit card (automatic),64.97,1126.6,No
CUST-02699,Male,1,34,No,DSL,Month-to-month,Bank transfer (automatic),27.83,923.88,No
CUST-02700,Female,1,37,No,Fiber optic,One year,Credit card (automatic),34.92,1161.29,No
CUST-02701,Male,0,69,No,DSL,One year,Electronic check,49.64,3261.4,No
CUST-02702,Female,0,72,Yes,No,Month-to-month,Mailed check,86.16,5748.9,No
CUST-02703,Male,0,56,Yes,DSL,One year,Mailed check,96.51,5154.67,No
CUST-02704,Male,0,25,Yes,DSL,Month-to-month,Bank transfer (automatic),119.25,2924.23,Yes
CUST-02705,Male,1,67,Yes,Fiber optic,Month-to-month,Mailed check,82.38,4931.54,No
CUST-02706,Female,0,49,Yes,Fiber optic,Month-to-month,Bank transfer (automatic),69.51,2895.33,No
CUST-02707,Female,0,9,No,No,Month-to-month,Credit card (automatic),44.92,383.09,No
CUST-02708,Male,0,55,Yes,DSL,Month-to-month,Credit card (automatic),113.72,5890.01,No
CUST-02709,Female,0,39,No,No,Two year,Bank transfer (automatic),117.28,4162.1,No
CUST-02710,Female,0,11,Yes,Fiber optic,One year,Electronic check,64.11,600.53,No
CUST-02711,Male,0,16,Yes,DSL,Month-to-month,Credit card (automatic),45.77,716.38,No
CUST-02712,Male,0,49,No,DSL,Month-to-month,Electronic check,100.28,4772.19,No
CUST-02713,Female,0,63,No,Fiber optic,Month-to-month,Electronic check,32.79,1775.09,No
CUST-02714,Female,0,55,No,DSL,Two year,Electronic check,48.79,2682.65,No
CUST-02715,Male,0,65,Yes,No,Two year,Mailed check,107.68,6991.74,No
CUST-02716,Female,1,15,Yes,No,Two year,Electronic check,104.47,1553.06,No
CUST-02717,Female,0,20,Yes,DSL,One year,Mailed check,51.56,969.49,No
CUST-02718,Male,0,26,No,DSL,One year,Bank transfer (automatic),42.36,996.81,No
CUST-02719,Male,0,50,No,No,One year,Bank transfer (automatic),94.54,4561.12,No
CUST-02720,Female,0,67,Yes,DSL,One year,Credit card (automatic),23.2,1353.0,No
CUST-02721,Male,0,36,Yes,No,Month-to-month,Bank transfer (automatic),61.83,2033.3,No
CUST-02722,Female,0,56,No,No,One year,Electronic check,34.75,1737.34,No
CUST-02723,Female,0,18,Yes,DSL,Month-to-month,Credit card (automatic),51.14,826.97,No
CUST-02724,Male,1,68,Yes,No,Two year,Bank transfer (automatic),79.21,4779.99,No
CUST-02725,Male,0,4,No,Fiber optic,Two year,Credit card (automatic),118.27,424.25,No
CUST-02726,Female,0,34,No,DSL,Two year,Electronic check,112.7,3414.09,No
CUST-02727,Male,0,59,No,Fiber optic,Two year,Credit card (automatic),101.78,5180.14,No
CUST-02728,Male,0,32,No,Fiber optic,Month-to-month,Bank transfer (automatic),116.36,3240.52,No
CUST-02729,Male,0,25,No,Fiber optic,Two year,Credit card (automatic),89.58,1923.39,No
CUST-02730,Male,1,17,No,No,One year,Mailed check,85.74,1259.11,No
CUST-02731,Male,0,36,No,Fiber optic,Two year,Mailed check,54.52,1716.27,No
CUST-02732,Female,0,7,Yes,No,One year,Credit card (automatic),25.56,175.18,No
CUST-02733,Male,0,17,No,Fiber optic,Month-to-month,Credit card (automatic),22.49,344.78,No
CUST-02734,Male,0,53,Yes,Fiber optic,Month-to-month,Credit card (automatic),34.66,1711.24,No
CUST-02735,Male,0,3,No,DSL,Month-to-month,Electronic check,93.2,254.68,Yes
CUST-02736,Male,1,33,Yes,DSL,One year,Credit card (automatic),73.9,2383.34,No
CUST-02737,Female,0,21,Yes,Fiber optic,One year,Mailed check,103.98,1886.07,No
CUST-02738,Female,0,22,No,No,One year,Bank transfer (automatic),87.78,1796.77,No
CUST-02739,Male,0,21,Yes,No,Two year,Credit card (automatic),47.0,907.24,No
CUST-02740,Female,0,8,Yes,Fiber optic,One year,Bank transfer (automatic),92.41,688.94,No
CUST-02741,Female,0,7,Yes,No,One year,Credit card (automatic),57.38,395.48,No
CUST-02742,Female,0,62,No,No,One year,Electronic check,84.51,4944.94,No
CUST-02743,Female,0,19,Yes,No,Two year,Mailed check,33.86,642.7,No
CUST-02744,Female,1,70,No,Fiber optic,Month-to-month,Mailed check,31.97,1992.15,No
CUST-02745,Female,0,28,No,No,Two year,Mailed check,58.4,1580.92,No
CUST-02746,Male,0,63,Yes,No,Month-to-month,Credit card (automatic),83.36,4877.45,No
CUST-02747,Female,1,53,No,No,Two year,Electronic check,100.92,4947.35,No
CUST-02748,Male,0,32,Yes,Fiber optic,Two year,Mailed check,55.61,1613.84,No
CUST-02749,Female,0,61,No,DSL,Month-to-month,Credit card (automatic),69.91,3935.54,Yes
CUST-02750,Male,0,5,No,DSL,One year,Credit card (automatic),83.63,368.74,No
CUST-02751,Female,1,19,Yes,DSL,One year,Mailed check,94.38,1547.85,No
CUST-02752,Female,1,12,Yes,DSL,Month-to-month,Bank transfer (automatic),93.39,1060.14,No
CUST-02753,Male,1,16,No,No,Two year,Bank transfer (automatic),103.61,1571.92,No
CUST-02754,Male,0,69,Yes,No,Month-to-month,Electronic check,53.11,3631.97,No
CUST-02755,Male,1,42,Yes,DSL,Month-to-month,Electronic check,83.09,3304.54,Yes
CUST-02756,Female,0,8,No,No,One year,Mailed check,115.28,859.9,No
CUST-02757,Female,1,29,Yes,Fiber optic,Two year,Credit card (automatic),21.2,579.79,No
CUST-02758,Female,1,14,Yes,DSL,Month-to-month,Electronic check,61.62,777.05,Yes
CUST-02759,Female,0,45,No,Fiber optic,Two year,Bank transfer (automatic),48.82,1869.64,No
CUST-02760,Female,0,42,Yes,Fiber optic,One year,Electronic check,46.08,1647.47,No
CUST-02761,Male,0,24,Yes,No,Two year,Credit card (automatic),83.28,1868.63,No
CUST-02762,Male,1,53,Yes,DSL,Two year,Bank transfer (automatic),68.06,3357.94,No
CUST-02763,Female,1,32,No,No,One year,Bank transfer (automatic),22.53,660.83,No
CUST-02764,Female,1,13,No,No,Month-to-month,Electronic check,83.47,1039.51,No
CUST-02765,Male,0,25,No,DSL,Two year,Bank transfer (automatic),54.44,1233.56,No
CUST-02766,Female,1,61,Yes,DSL,Two year,Bank transfer (automatic),58.26,3394.28,No
CUST-02767,Male,0,59,Yes,Fiber optic,Two year,Bank transfer (automatic),32.5,1646.91,No
CUST-02768,Female,0,37,No,No,Month-to-month,Electronic check,91.69,3044.98,Yes
CUST-02769,Female,0,59,Yes,DSL,Month-to-month,Electronic check,51.54,2794.4,No
CUST-02770,Female,0,65,Yes,DSL,Month-to-month,Credit card (automatic),20.89,1237.57,No
CUST-02771,Female,0,52,Yes,Fiber optic,Two year,Electronic check,40.29,1991.05,No
CUST-02772,Male,0,56,No,No,Month-to-month,Mailed check,28.2,1545.18,Yes
CUST-02773,Male,0,47,Yes,No,Two year,Credit card (automatic),65.73,2841.56,No
CUST-02774,Male,0,49,No,Fiber optic,One year,Credit card (automatic),38.49,1825.66,No
CUST-02775,Male,1,53,No,DSL,Month-to-month,Bank transfer (automatic),26.97,1306.3,No
CUST-02776,Male,0,34,Yes,Fiber optic,Two year,Electronic check,111.99,3266.18,No
CUST-02777,Female,0,19,Yes,DSL,Month-to-month,Mailed check,71.87,1344.69,No
CUST-02778,Female,0,20,No,Fiber optic,One year,Credit card (automatic),94.75,1622.79,No
CUST-02779,Female,1,9,Yes,DSL,One year,Bank transfer (automatic),82.37,671.76,No
CUST-02780,Male,0,62,No,No,Two year,Mailed check,50.17,3089.67,No
CUST-02781,Male,0,44,No,DSL,One year,Electronic check,108.97,4085.48,No
CUST-02782,Female,0,55,Yes,No,Month-to-month,Bank transfer (automatic),118.29,6343.76,No
CUST-02783,Female,0,63,Yes,Fiber optic,Two year,Mailed check,25.24,1389.57,No
CUST-02784,Female,1,25,Yes,No,Month-to-month,Bank transfer (automatic),64.91,1463.15,No
CUST-02785,Female,0,69,No,Fiber optic,One year,Electronic check,28.51,1956.69,No
CUST-02786,Male,0,58,Yes,Fiber optic,One year,Bank transfer (automatic),80.36,4555.72,No
CUST-02787,Female,0,60,Yes,Fiber optic,Two year,Credit card (automatic),55.5,2987.67,No
CUST-02788,Female,0,26,No,Fiber optic,Month-to-month,Electronic check,51.92,1323.04,Yes
CUST-02789,Female,0,60,Yes,Fiber optic,Month-to-month,Electronic check,24.95,1452.6,No
CUST-02790,Female,0,20,Yes,No,Month-to-month,Bank transfer (automatic),75.11,1300.05,No
CUST-02791,Female,0,41,No,Fiber optic,Two year,Bank transfer (automatic),54.33,1947.61,No
CUST-02792,Female,0,45,Yes,DSL,Two year,Credit card (automatic),95.97,4183.82,No
CUST-02793,Male,0,22,No,No,One year,Mailed check,39.89,809.55,No
CUST-02794,Male,1,2,No,Fiber optic,One year,Bank transfer (automatic),57.95,98.96,No
CUST-02795,Male,0,46,No,Fiber optic,Two year,Credit card (automatic),29.46,1222.27,No
CUST-02796,Male,1,70,No,No,Two year,Electronic check,87.75,5841.91,No
CUST-02797,Male,0,55,Yes,Fiber optic,Month-to-month,Bank transfer (automatic),104.88,5767.0,No
CUST-02798,Male,0,69,No,DSL,Month-to-month,Electronic check,99.46,6588.29,No
CUST-02799,Female,0,64,Yes,No,Two year,Mailed check,72.96,4514.32,No
CUST-02800,Male,1,68,Yes,No,Two year,Credit card (automatic),65.29,4325.5,No
CUST-02801,Female,1,56,Yes,DSL,Month-to-month,Electronic check,53.05,2711.89,Yes
CUST-02802,Male,0,43,No,DSL,One year,Mailed check,67.18,2743.99,Yes
CUST-02803,Female,0,24,Yes,No,One year,Electronic check,20.99,478.09,No
CUST-02804,Female,0,68,No,DSL,Month-to-month,Credit card (automatic),77.89,5223.06,Yes
CUST-02805,Male,0,46,Yes,No,Month-to-month,Mailed check,54.62,2235.44,No
CUST-02806,Male,0,11,No,No,Month-to-month,Mailed check,112.26,1175.06,Yes
CUST-02807,Male,0,32,Yes,Fiber optic,Two year,Mailed check,89.24,2520.73,No
CUST-02808,Female,0,33,No,No,One year,Electronic check,102.22,3208.17,No
CUST-02809,Female,0,66,No,Fiber optic,Month-to-month,Electronic check,30.19,1944.33,No
CUST-02810,Female,0,68,Yes,Fiber optic,One year,Credit card (automatic),50.49,3024.46,No
CUST-02811,Male,0,66,Yes,DSL,Two year,Credit card (automatic),49.72,3013.54,No
CUST-02812,Female,0,11,No,DSL,Two year,Credit card (automatic),40.46,392.49,No
CUST-02813,Male,1,29,Yes,No,One year,Electronic check,44.33,1231.88,No
CUST-02814,Female,1,72,Yes,Fiber optic,Two year,Credit card (automatic),95.46,6707.57,No
CUST-02815,Female,0,31,Yes,Fiber optic,Month-to-month,Bank transfer (automatic),21.28,587.19,No
CUST-02816,Female,0,17,No,DSL,Month-to-month,Mailed check,60.15,963.8,Yes
CUST-02817,Female,0,39,Yes,DSL,Month-to-month,Mailed check,94.5,3141.66,No
CUST-02818,Female,0,34,No,Fiber optic,Month-to-month,Mailed check,118.38,3768.19,No
CUST-02819,Male,1,49,Yes,DSL,Two year,Bank transfer (automatic),47.46,2234.95,No
CUST-02820,Female,0,21,Yes,DSL,Month-to-month,Mailed check,109.27,2000.4,No
CUST-02821,Male,0,27,Yes,No,Month-to-month,Bank transfer (automatic),41.76,974.18,Yes
CUST-02822,Male,0,22,Yes,No,Month-to-month,Bank transfer (automatic),82.13,1637.57,Yes
CUST-02823,Male,0,24,Yes,No,One year,Credit card (automatic),22.64,463.81,No
CUST-02824,Female,0,46,No,No,Month-to-month,Bank transfer (automatic),59.28,2404.52,No
CUST-02825,Male,1,15,Yes,DSL,Month-to-month,Mailed check,46.57,648.97,Yes
CUST-02826,Male,0,46,Yes,No,One year,Mailed check,81.59,3264.53,No
CUST-02827,Female,0,49,No,No,Two year,Credit card (automatic),96.44,4676.14,No
CUST-02828,Male,0,50,Yes,Fiber optic,Month-to-month,Credit card (automatic),68.58,3310.91,No
CUST-02829,Female,0,30,No,DSL,Month-to-month,Electronic check,117.2,3179.75,Yes
CUST-02830,Female,0,4,No,DSL,Month-to-month,Bank transfer (automatic),30.16,113.21,No
CUST-02831,Male,0,60,Yes,No,Two year,Mailed check,30.33,1799.97,No
CUST-02832,Female,0,53,Yes,DSL,Two year,Bank transfer (automatic),87.31,4281.56,No
CUST-02833,Female,0,37,No,Fiber optic,Month-to-month,Electronic check,84.17,2835.93,No
CUST-02834,Male,0,34,No,DSL,Two year,Credit card (automatic),74.04,2319.88,No
CUST-02835,Female,0,6,Yes,No,Month-to-month,Bank transfer (automatic),92.63,518.1,No
CUST-02836,Male,1,2,Yes,DSL,One year,Bank transfer (automatic),33.52,65.04,No
CUST-02837,Male,0,27,No,Fiber optic,One year,Credit card (automatic),88.47,2378.35,No
CUST-02838,Female,0,43,Yes,Fiber optic,Month-to-month,Credit card (automatic),56.38,2104.93,No
CUST-02839,Female,1,11,Yes,Fiber optic,Two year,Bank transfer (automatic),117.59,1125.1,No
CUST-02840,Female,0,34,No,DSL,Month-to-month,Bank transfer (automatic),112.42,3776.3,Yes
CUST-02841,Male,1,54,No,Fiber optic,One year,Electronic check,90.64,4371.06,No
CUST-02842,Male,0,21,No,DSL,Month-to-month,Electronic check,58.56,1073.61,Yes
CUST-02843,Male,0,55,Yes,Fiber optic,Month-to-month,Electronic check,114.25,5820.65,No
CUST-02844,Male,0,66,No,No,Two year,Credit card (automatic),113.7,6448.31,No
CUST-02845,Male,0,50,No,No,Two year,Bank transfer (automatic),88.66,4320.41,No
CUST-02846,Male,0,53,Yes,No,Month-to-month,Mailed check,119.13,5422.8,No
CUST-02847,Male,1,21,No,Fiber optic,Month-to-month,Credit card (automatic),94.18,1866.31,No
CUST-02848,Female,1,28,No,Fiber optic,Two year,Mailed check,99.85,2653.07,No
CUST-02849,Female,0,38,No,No,Two year,Bank transfer (automatic),88.49,3138.98,No
CUST-02850,Female,0,15,No,No,Two year,Credit card (automatic),109.24,1616.11,No
CUST-02851,Male,1,68,No,Fiber optic,Two year,Electronic check,93.18,5402.99,No
CUST-02852,Female,0,53,Yes,Fiber optic,One year,Mailed check,96.76,4699.69,No
CUST-02853,Male,0,29,Yes,No,Month-to-month,Bank transfer (automatic),59.89,1488.63,No
CUST-02854,Female,1,4,Yes,No,Two year,Mailed check,68.16,257.47,No
CUST-02855,Male,0,32,Yes,No,One year,Electronic check,112.15,3127.49,No
CUST-02856,Male,0,11,No,Fiber optic,Month-to-month,Bank transfer (automatic),46.96,445.42,Yes
CUST-02857,Female,0,33,Yes,No,Two year,Electronic check,41.91,1220.76,No
CUST-02858,Female,0,17,No,No,Two year,Credit card (automatic),117.79,1806.79,No
CUST-02859,Male,0,70,Yes,Fiber optic,One year,Mailed check,38.77,2542.87,No
CUST-02860,Female,1,2,No,Fiber optic,Month-to-month,Credit card (automatic),64.61,122.38,No
CUST-02861,Male,0,51,Yes,Fiber optic,Month-to-month,Mailed check,119.79,5290.79,No
CUST-02862,Female,0,30,Yes,No,Month-to-month,Mailed check,48.26,1445.51,No
CUST-02863,Female,0,8,Yes,DSL,Month-to-month,Credit card (automatic),23.6,165.08,Yes
CUST-02864,Female,0,16,Yes,Fiber optic,Month-to-month,Credit card (automatic),68.14,1064.15,No
CUST-02865,Female,0,26,No,No,Month-to-month,Bank transfer (automatic),119.23,2798.36,Yes
CUST-02866,Male,0,45,No,DSL,One year,Mailed check,109.37,4901.02,No
CUST-02867,Male,0,35,No,Fiber optic,One year,Credit card (automatic),118.77,3774.01,No
CUST-02868,Female,0,1,No,No,Two year,Credit card (automatic),96.57,88.09,No
CUST-02869,Female,0,40,Yes,No,Two year,Credit card (automatic),80.47,3005.73,No
CUST-02870,Male,0,30,Yes,DSL,Month-to-month,Credit card (automatic),55.07,1475.88,No
CUST-02871,Female,0,63,No,No,Two year,Mailed check,94.55,5453.42,No
CUST-02872,Male,0,36,Yes,No,Month-to-month,Electronic check,104.85,3476.73,No
CUST-02873,Female,0,61,Yes,No,Month-to-month,Mailed check,78.79,4168.62,Yes
CUST-02874,Male,0,57,Yes,No,One year,Credit card (automatic),25.24,1315.39,No
CUST-02875,Male,1,57,Yes,Fiber optic,One year,Credit card (automatic),62.57,3414.29,No
CUST-02876,Female,0,45,Yes,No,Month-to-month,Electronic check,48.42,2034.42,Yes
CUST-02877,Male,0,14,Yes,Fiber optic,Two year,Bank transfer (automatic),64.32,801.27,No
CUST-02878,Male,1,32,Yes,DSL,Two year,Mailed check,97.58,2818.77,No
CUST-02879,Male,0,50,Yes,No,Two year,Electronic check,96.42,4456.03,No
CUST-02880,Female,0,7,No,Fiber optic,Two year,Electronic check,21.03,129.89,Yes
CUST-02881,Male,1,1,Yes,Fiber optic,Month-to-month,Bank transfer (automatic),87.11,80.77,Yes
CUST-02882,Male,0,72,Yes,DSL,Month-to-month,Mailed check,34.62,2158.66,No
CUST-02883,Female,1,15,Yes,No,One year,Mailed check,88.63,1240.66,No
CUST-02884,Male,1,50,Yes,DSL,Two year,Mailed check,111.7,4962.61,No
CUST-02885,Male,0,5,Yes,DSL,Two year,Credit card (automatic),42.09,186.27,No
CUST-02886,Male,1,28,Yes,Fiber optic,Month-to-month,Bank transfer (automatic),65.83,1656.85,No
CUST-02887,Female,0,41,Yes,Fiber optic,Two year,Mailed check,22.81,804.0,No
CUST-02888,Female,1,47,No,No,Two year,Credit card (automatic),106.55,4878.24,No
CUST-02889,Male,1,16,Yes,DSL,Two year,Credit card (automatic),38.97,530.92,No
CUST-02890,Female,0,55,No,Fiber optic,Month-to-month,Credit card (automatic),41.27,2139.53,No
CUST-02891,Male,1,52,No,DSL,Two year,Mailed check,66.53,3362.99,Yes
CUST-02892,Male,0,68,Yes,No,Month-to-month,Mailed check,27.69,1803.86,No
CUST-02893,Male,0,12,No,No,Two year,Electronic check,55.35,584.95,No
CUST-02894,Female,0,48,No,Fiber optic,Two year,Mailed check,87.03,3740.37,No
CUST-02895,Female,0,36,Yes,Fiber optic,One year,Electronic check,111.55,3963.11,No
CUST-02896,Female,1,13,Yes,No,One year,Electronic check,97.41,1217.79,No
CUST-02897,Female,0,30,No,DSL,One year,Bank transfer (automatic),84.47,2293.15,No
CUST-02898,Male,0,42,Yes,No,One year,Mailed check,77.27,3041.71,No
CUST-02899,Female,0,66,No,No,One year,Electronic check,92.77,5421.0,No
CUST-02900,Male,0,40,Yes,No,One year,Mailed check,84.92,3047.75,No
CUST-02901,Male,0,19,Yes,Fiber optic,One year,Bank transfer (automatic),78.43,1425.65,No
CUST-02902,Male,1,71,Yes,Fiber optic,Month-to-month,Credit card (automatic),99.23,6131.85,No
CUST-02903,Female,0,10,No,Fiber optic,Two year,Electronic check,40.23,386.17,No
CUST-02904,Male,0,66,No,No,Month-to-month,Bank transfer (automatic),34.32,2020.22,No
CUST-02905,Female,0,42,Yes,No,One year,Bank transfer (automatic),110.1,4075.52,No
CUST-02906,Female,0,70,No,No,One year,Electronic check,55.89,3351.54,No
CUST-02907,Female,0,35,No,No,Two year,Electronic check,95.9,3336.92,No
CUST-02908,Male,0,16,No,No,One year,Credit card (automatic),66.49,930.06,Yes
CUST-02909,Male,0,61,Yes,Fiber optic,One year,Mailed check,39.38,2121.16,No
CUST-02910,Male,0,60,No,No,One year,Mailed check,48.29,2698.49,No
CUST-02911,Female,0,46,Yes,DSL,One year,Electronic check,35.01,1393.24,No
CUST-02912,Female,0,42,Yes,DSL,Month-to-month,Bank transfer (automatic),112.89,4355.14,Yes
CUST-02913,Male,0,21,No,DSL,Month-to-month,Mailed check,106.52,1911.85,Yes
CUST-02914,Male,1,26,No,No,One year,Mailed check,88.63,2046.09,No
CUST-02915,Male,0,8,No,DSL,One year,Bank transfer (automatic),102.01,744.63,Yes
CUST-02916,Male,0,46,No,Fiber optic,Two year,Credit card (automatic),70.58,2915.29,No
CUST-02917,Male,1,27,Yes,Fiber optic,One year,Electronic check,37.34,979.4,No
CUST-02918,Female,0,4,Yes,Fiber optic,Month-to-month,Bank transfer (automatic),27.96,108.66,Yes
CUST-02919,Male,0,2,No,Fiber optic,One year,Electronic check,106.1,193.11,Yes
CUST-02920,Male,0,60,Yes,No,One year,Electronic check,88.57,5157.26,No
CUST-02921,Female,0,3,No,Fiber optic,Month-to-month,Credit card (automatic),90.07,255.67,Yes
CUST-02922,Male,0,64,Yes,No,Month-to-month,Bank transfer (automatic),81.67,5145.24,Yes
CUST-02923,Male,1,42,Yes,DSL,Month-to-month,Mailed check,79.26,3260.32,Yes
CUST-02924,Female,0,38,Yes,Fiber optic,One year,Mailed check,88.45,2992.37,Yes
CUST-02925,Female,0,34,Yes,DSL,Month-to-month,Mailed check,22.96,726.92,Yes
CUST-02926,Male,0,18,Yes,No,One year,Electronic check,117.48,1995.83,No
CUST-02927,Male,1,46,Yes,DSL,Month-to-month,Credit card (automatic),47.74,2061.53,No
CUST-02928,Female,0,17,No,DSL,Two year,Bank transfer (automatic),93.74,1472.79,No
CUST-02929,Male,0,25,Yes,Fiber optic,One year,Electronic check,39.01,974.51,No
CUST-02930,Female,0,19,Yes,No,Two year,Mailed check,21.33,357.53,No
CUST-02931,Female,0,33,Yes,DSL,Month-to-month,Mailed check,77.29,2364.82,No
CUST-02932,Male,0,49,No,DSL,Month-to-month,Credit card (automatic),28.58,1197.15,No
CUST-02933,Male,0,6,Yes,No,Month-to-month,Bank transfer (automatic),87.2,473.92,No
CUST-02934,Female,0,23,No,Fiber optic,Two year,Credit card (automatic),80.9,1631.85,No
CUST-02935,Female,0,3,No,DSL,Month-to-month,Credit card (automatic),41.87,113.13,Yes
CUST-02936,Male,0,20,No,Fiber optic,One year,Bank transfer (automatic),115.65,2004.23,No
CUST-02937,Female,0,15,No,Fiber optic,Two year,Bank transfer (automatic),86.29,1241.85,No
CUST-02938,Male,1,68,No,Fiber optic,One year,Credit card (automatic),94.29,5590.85,No
CUST-02939,Male,1,68,No,No,Month-to-month,Electronic check,106.85,6659.9,Yes
CUST-02940,Male,0,2,Yes,Fiber optic,Two year,Electronic check,61.55,114.8,No
CUST-02941,Female,0,60,No,No,One year,Credit card (automatic),66.19,3852.16,No
CUST-02942,Male,1,36,No,Fiber optic,Month-to-month,Bank transfer (automatic),50.12,1745.0,No
CUST-02943,Female,0,68,Yes,No,One year,Credit card (automatic),119.6,7537.61,No
CUST-02944,Male,0,63,Yes,Fiber optic,Two year,Credit card (automatic),114.42,7146.25,No
CUST-02945,Male,0,64,No,No,Two year,Electronic check,94.37,5265.13,No
CUST-02946,Male,0,2,Yes,DSL,Month-to-month,Credit card (automatic),21.11,37.8,Yes
CUST-02947,Male,1,37,Yes,No,Two year,Electronic check,33.37,1217.14,No
CUST-02948,Male,0,29,No,Fiber optic,Two year,Bank transfer (automatic),71.1,1812.06,No
CUST-02949,Male,0,32,Yes,DSL,Month-to-month,Electronic check,91.57,2539.09,Yes
CUST-02950,Female,1,25,Yes,No,Month-to-month,Mailed check,108.61,2609.1,No
CUST-02951,Female,1,26,No,No,Month-to-month,Credit card (automatic),28.87,678.7,No
CUST-02952,Male,0,65,Yes,No,Month-to-month,Mailed check,104.73,6152.81,Yes
CUST-02953,Male,1,65,No,DSL,One year,Electronic check,25.66,1426.32,No
CUST-02954,Female,0,37,Yes,Fiber optic,One year,Mailed check,20.76,693.73,No
CUST-02955,Male,0,67,Yes,No,Two year,Credit card (automatic),42.49,2820.03,No
CUST-02956,Female,0,9,Yes,No,Two year,Electronic check,100.87,848.4,No
CUST-02957,Female,1,63,No,No,Two year,Mailed check,66.31,4153.32,No
CUST-02958,Female,0,51,No,Fiber optic,One year,Credit card (automatic),63.68,2835.83,No
CUST-02959,Female,0,49,Yes,Fiber optic,Month-to-month,Bank transfer (automatic),56.0,2450.1,No
CUST-02960,Male,0,28,Yes,No,Two year,Electronic check,34.55,900.46,No
CUST-02961,Male,0,46,Yes,Fiber optic,Two year,Bank transfer (automatic),70.2,3068.15,No
CUST-02962,Male,0,58,Yes,DSL,One year,Electronic check,30.81,1711.88,No
CUST-02963,Female,0,48,No,Fiber optic,One year,Credit card (automatic),34.31,1476.7,No
CUST-02964,Male,1,28,No,DSL,One year,Bank transfer (automatic),26.72,655.89,Yes
CUST-02965,Male,0,58,No,DSL,Month-to-month,Bank transfer (automatic),38.55,2095.79,No
CUST-02966,Male,0,45,Yes,DSL,Two year,Electronic check,32.12,1275.92,No
CUST-02967,Male,0,13,No,No,One year,Credit card (automatic),55.11,636.31,No
CUST-02968,Male,0,21,Yes,No,One year,Mailed check,43.86,860.32,No
CUST-02969,Female,0,63,Yes,Fiber optic,One year,Bank transfer (automatic),22.62,1273.58,No
CUST-02970,Female,0,40,Yes,No,Two year,Bank transfer (automatic),42.89,1561.69,No
CUST-02971,Male,1,15,No,Fiber optic,One year,Mailed check,67.88,950.01,No
CUST-02972,Male,1,50,No,No,Month-to-month,Bank transfer (automatic),74.99,3256.96,No
CUST-02973,Male,0,20,Yes,No,Two year,Credit card (automatic),65.05,1244.72,No
CUST-02974,Male,0,16,No,DSL,Month-to-month,Credit card (automatic),24.15,358.11,Yes
CUST-02975,Female,0,38,No,Fiber optic,One year,Electronic check,91.14,3201.71,No
CUST-02976,Male,0,48,Yes,Fiber optic,Two year,Electronic check,33.57,1545.02,No
CUST-02977,Male,1,8,Yes,No,Month-to-month,Credit card (automatic),82.84,604.69,Yes
CUST-02978,Female,1,7,No,Fiber optic,One year,Electronic check,103.06,662.06,Yes
CUST-02979,Female,0,9,No,No,Two year,Bank transfer (automatic),88.61,723.89,No
CUST-02980,Female,1,40,No,Fiber optic,Two year,Bank transfer (automatic),46.58,1621.78,No
CUST-02981,Male,1,72,No,DSL,Month-to-month,Credit card (automatic),118.89,8236.02,No
CUST-02982,Male,0,54,No,DSL,One year,Credit card (automatic),114.79,5682.26,No
CUST-02983,Male,0,12,Yes,DSL,One year,Bank transfer (automatic),89.52,1046.81,No
CUST-02984,Female,0,71,No,Fiber optic,One year,Electronic check,61.24,3937.29,No
CUST-02985,Male,0,54,No,Fiber optic,Two year,Bank transfer (automatic),94.67,4797.67,No
CUST-02986,Female,0,65,No,DSL,Two year,Credit card (automatic),118.57,7416.83,No
CUST-02987,Female,0,27,Yes,Fiber optic,One year,Mailed check,55.96,1326.17,No
CUST-02988,Male,0,11,No,DSL,Month-to-month,Bank transfer (automatic),99.64,996.47,Yes
CUST-02989,Female,1,13,No,DSL,Two year,Mailed check,26.52,306.34,No
CUST-02990,Male,0,45,No,DSL,One year,Electronic check,83.21,3357.79,Yes
CUST-02991,Male,0,59,No,DSL,One year,Bank transfer (automatic),83.06,4342.7,No
CUST-02992,Female,0,56,Yes,DSL,Month-to-month,Mailed check,75.37,3806.29,Yes
CUST-02993,Female,0,30,No,DSL,Two year,Mailed check,83.5,2264.04,No
CUST-02994,Male,1,67,Yes,Fiber optic,Two year,Mailed check,50.8,2924.89,No
CUST-02995,Male,0,56,No,No,One year,Bank transfer (automatic),30.19,1637.83,No
CUST-02996,Female,1,1,No,No,One year,Electronic check,49.03,43.65,Yes
CUST-02997,Female,1,26,No,DSL,Two year,Mailed check,44.42,1120.15,No
CUST-02998,Female,1,35,Yes,Fiber optic,Two year,Bank transfer (automatic),22.2,746.15,No
CUST-02999,Female,0,20,No,DSL,Two year,Credit card (automatic),71.11,1341.32,No
CUST-03000,Male,1,49,Yes,Fiber optic,Month-to-month,Bank transfer (automatic),112.3,4720.66,No
CUST-03001,Male,0,58,No,Fiber optic,Month-to-month,Bank transfer (automatic),94.78,4795.39,No
CUST-03002,Female,0,12,No,DSL,Month-to-month,Electronic check,31.09,346.07,Yes
CUST-03003,Female,1,18,Yes,DSL,Month-to-month,Electronic check,31.25,546.15,Yes
CUST-03004,Female,1,61,Yes,DSL,Month-to-month,Electronic check,116.83,6774.17,No
CUST-03005,Female,0,4,Yes,Fiber optic,One year,Credit card (automatic),108.7,410.12,Yes
CUST-03006,Female,0,31,Yes,Fiber optic,Month-to-month,Electronic check,57.92,1688.66,No
CUST-03007,Male,0,53,No,No,Two year,Mailed check,45.08,2096.74,No
CUST-03008,Female,0,10,Yes,Fiber optic,One year,Mailed check,78.91,763.34,Yes
CUST-03009,Male,0,2,No,DSL,Two year,Bank transfer (automatic),49.51,91.51,No
CUST-03010,Female,0,54,No,Fiber optic,One year,Bank transfer (automatic),24.79,1287.21,No
CUST-03011,Male,0,49,No,No,Two year,Bank transfer (automatic),46.98,2245.63,No
CUST-03012,Female,1,33,Yes,DSL,Month-to-month,Mailed check,73.24,2237.05,No
CUST-03013,Female,0,2,Yes,No,Month-to-month,Mailed check,86.53,158.61,Yes
CUST-03014,Male,1,48,No,DSL,Two year,Credit card (automatic),88.79,4016.61,No
CUST-03015,Male,0,39,Yes,No,Month-to-month,Mailed check,114.18,3866.65,No
CUST-03016,Female,0,31,No,Fiber optic,One year,Electronic check,66.13,1800.01,No
CUST-03017,Female,0,49,Yes,DSL,Month-to-month,Electronic check,84.28,3574.51,No
CUST-03018,Female,0,51,Yes,Fiber optic,One year,Credit card (automatic),113.5,4996.79,No
CUST-03019,Male,0,44,Yes,DSL,Month-to-month,Mailed check,31.74,1354.73,No
CUST-03020,Male,0,7,No,Fiber optic,One year,Credit card (automatic),83.69,573.15,No
CUST-03021,Male,1,5,Yes,DSL,One year,Mailed check,97.4,414.12,No
CUST-03022,Male,0,71,Yes,Fiber optic,Two year,Credit card (automatic),77.27,4875.58,No
CUST-03023,Male,1,59,No,DSL,Month-to-month,Credit card (automatic),38.09,1979.28,No
CUST-03024,Female,0,39,Yes,DSL,Month-to-month,Mailed check,75.95,2708.99,No
CUST-03025,Male,0,18,No,No,Month-to-month,Electronic check,36.32,555.99,Yes
CUST-03026,Female,1,40,No,DSL,Two year,Bank transfer (automatic),40.9,1406.43,No
CUST-03027,Male,0,37,Yes,DSL,Two year,Electronic check,20.64,683.58,No
CUST-03028,Male,1,68,Yes,Fiber optic,Two year,Bank transfer (automatic),66.71,4486.6,No
CUST-03029,Male,0,11,No,DSL,Month-to-month,Bank transfer (automatic),108.87,1024.48,Yes
CUST-03030,Female,1,15,Yes,Fiber optic,Month-to-month,Credit card (automatic),70.77,938.43,No
CUST-03031,Male,0,71,No,DSL,Month-to-month,Credit card (automatic),26.55,1734.56,No
CUST-03032,Male,0,29,No,DSL,Two year,Mailed check,54.41,1554.19,No
CUST-03033,Female,0,22,No,No,Month-to-month,Mailed check,50.09,1070.37,No
CUST-03034,Male,1,64,Yes,DSL,One year,Mailed check,28.56,1649.66,No
CUST-03035,Male,1,58,No,DSL,Two year,Bank transfer (automatic),108.77,5929.62,No
CUST-03036,Male,1,61,Yes,No,One year,Credit card (automatic),81.72,4822.36,No
CUST-03037,Female,0,63,Yes,DSL,One year,Bank transfer (automatic),38.52,2110.5,No
CUST-03038,Male,0,16,Yes,DSL,One year,Electronic check,103.1,1466.34,No
CUST-03039,Female,0,68,Yes,Fiber optic,Month-to-month,Mailed check,63.05,4085.1,No
CUST-03040,Male,0,36,Yes,Fiber optic,Two year,Mailed check,80.72,2682.59,No
CUST-03041,Male,0,72,Yes,No,One year,Mailed check,111.83,7855.74,No
CUST-03042,Male,1,53,No,DSL,Month-to-month,Electronic check,47.44,2152.96,No
CUST-03043,Female,0,68,Yes,DSL,Month-to-month,Electronic check,110.9,6432.96,No
CUST-03044,Male,1,9,Yes,Fiber optic,One year,Mailed check,80.85,681.42,Yes
CUST-03045,Female,1,68,No,No,One year,Electronic check,51.57,2991.73,No
CUST-03046,Female,1,3,Yes,DSL,Month-to-month,Bank transfer (automatic),80.52,218.66,Yes
CUST-03047,Male,0,33,No,No,Two year,Mailed check,42.21,1254.66,No
CUST-03048,Female,0,67,No,No,Month-to-month,Mailed check,84.62,5481.56,No
CUST-03049,Male,0,55,No,Fiber optic,One year,Mailed check,36.63,1794.08,No
CUST-03050,Female,0,57,No,DSL,Month-to-month,Credit card (automatic),105.72,5962.58,Yes
CUST-03051,Male,0,37,No,DSL,Month-to-month,Credit card (automatic),72.5,2643.21,Yes
CUST-03052,Male,1,49,Yes,Fiber optic,One year,Bank transfer (automatic),86.93,3910.29,No
CUST-03053,Male,0,41,No,Fiber optic,Two year,Credit card (automatic),95.54,3421.84,No
CUST-03054,Male,0,56,Yes,No,Two year,Bank transfer (automatic),49.27,2390.15,No
CUST-03055,Male,0,28,Yes,DSL,One year,Electronic check,112.79,2770.81,No
CUST-03056,Female,1,40,Yes,DSL,Two year,Mailed check,40.14,1430.23,No
CUST-03057,Female,0,49,Yes,Fiber optic,Two year,Electronic check,62.64,2752.99,No
CUST-03058,Male,1,40,Yes,No,One year,Bank transfer (automatic),60.8,2201.74,No
CUST-03059,Female,0,2,No,Fiber optic,Month-to-month,Electronic check,118.51,220.16,Yes
CUST-03060,Male,0,6,Yes,No,One year,Bank transfer (automatic),67.53,395.53,No
CUST-03061,Female,1,35,No,Fiber optic,One year,Bank transfer (automatic),23.01,690.87,Yes
CUST-03062,Female,0,29,No,DSL,Two year,Electronic check,113.86,3164.87,No
CUST-03063,Male,1,15,No,No,Two year,Mailed check,102.34,1438.93,No
CUST-03064,Male,0,38,No,DSL,One year,Mailed check,70.0,2634.86,No
CUST-03065,Male,0,11,No,No,Month-to-month,Mailed check,51.59,548.21,No
CUST-03066,Male,0,41,No,Fiber optic,One year,Electronic check,65.72,2504.58,No
CUST-03067,Male,1,47,No,No,One year,Credit card (automatic),26.35,1101.19,No
CUST-03068,Female,0,19,No,No,Month-to-month,Electronic check,100.26,1850.14,Yes
CUST-03069,Male,0,9,No,No,Two year,Credit card (automatic),67.86,585.46,No
CUST-03070,Male,0,48,Yes,DSL,Month-to-month,Electronic check,92.02,3993.44,No
CUST-03071,Female,0,52,No,No,Two year,Mailed check,108.43,4868.81,No
CUST-03072,Male,0,22,No,DSL,Two year,Mailed check,26.04,564.66,No
CUST-03073,Male,1,71,Yes,No,Month-to-month,Bank transfer (automatic),38.84,2600.83,No
CUST-03074,Female,1,43,Yes,DSL,Two year,Bank transfer (automatic),60.55,2487.76,No
CUST-03075,Female,1,38,No,DSL,Month-to-month,Mailed check,75.76,2654.36,Yes
CUST-03076,Male,0,20,No,Fiber optic,Month-to-month,Electronic check,32.21,619.82,Yes
CUST-03077,Female,0,15,Yes,Fiber optic,Month-to-month,Mailed check,63.7,853.6,No
CUST-03078,Female,0,47,No,DSL,Month-to-month,Electronic check,106.84,4604.75,Yes
CUST-03079,Male,0,66,No,DSL,Month-to-month,Electronic check,60.12,3527.92,No
CUST-03080,Male,0,61,No,Fiber optic,One year,Electronic check,60.82,3691.59,No
CUST-03081,Female,0,8,No,DSL,Month-to-month,Mailed check,39.47,314.66,Yes
CUST-03082,Female,1,24,Yes,DSL,Two year,Credit card (automatic),21.11,497.79,No
CUST-03083,Male,0,38,No,DSL,Two year,Credit card (automatic),104.99,3392.52,No
CUST-03084,Male,0,60,No,No,Two year,Credit card (automatic),100.23,5513.82,No
CUST-03085,Male,0,11,Yes,No,Month-to-month,Electronic check,90.32,938.55,Yes
CUST-03086,Female,0,46,Yes,Fiber optic,Month-to-month,Mailed check,90.97,3697.39,No
CUST-03087,Female,0,52,Yes,DSL,Two year,Bank transfer (automatic),23.76,1075.68,No
CUST-03088,Male,0,66,Yes,No,One year,Mailed check,36.53,2162.98,No
CUST-03089,Male,1,19,Yes,No,Two year,Credit card (automatic),47.84,901.72,No
CUST-03090,Male,0,7,No,DSL,Two year,Credit card (automatic),99.54,653.13,No
CUST-03091,Male,1,59,No,DSL,One year,Electronic check,26.97,1558.58,No
CUST-03092,Male,0,69,Yes,No,Two year,Bank transfer (automatic),56.21,3681.01,No
CUST-03093,Female,0,72,Yes,No,Two year,Mailed check,42.84,2793.96,No
CUST-03094,Male,1,22,No,No,Month-to-month,Bank transfer (automatic),91.66,1920.52,No
CUST-03095,Male,0,41,No,Fiber optic,One year,Electronic check,64.69,2436.13,No
CUST-03096,Female,0,35,No,No,Two year,Credit card (automatic),80.51,2467.2,No
CUST-03097,Male,0,24,Yes,Fiber optic,Month-to-month,Electronic check,91.04,1980.84,No
CUST-03098,Female,0,52,No,DSL,One year,Credit card (automatic),47.96,2457.99,No
CUST-03099,Female,0,70,Yes,DSL,Two year,Mailed check,29.04,1884.76,No
CUST-03100,Male,1,9,Yes,DSL,One year,Credit card (automatic),68.44,573.15,No
CUST-03101,Male,1,3,Yes,DSL,Month-to-month,Credit card (automatic),75.69,207.59,Yes
CUST-03102,Female,0,7,Yes,Fiber optic,One year,Bank transfer (automatic),31.72,194.75,No
CUST-03103,Male,1,54,No,Fiber optic,Month-to-month,Credit card (automatic),20.4,1047.57,No
CUST-03104,Male,0,67,Yes,DSL,Two year,Mailed check,57.87,3308.52,No
CUST-03105,Male,0,52,No,DSL,Two year,Credit card (automatic),92.1,4425.42,No
CUST-03106,Male,0,20,No,DSL,Month-to-month,Electronic check,32.95,619.9,Yes
CUST-03107,Male,0,2,Yes,Fiber optic,Month-to-month,Credit card (automatic),84.63,160.32,No
CUST-03108,Female,0,29,No,Fiber optic,Month-to-month,Bank transfer (automatic),37.35,950.06,Yes
CUST-03109,Male,0,68,No,No,Two year,Mailed check,44.3,2961.85,No
CUST-03110,Male,0,36,Yes,DSL,Month-to-month,Credit card (automatic),50.82,1799.13,Yes
CUST-03111,Male,0,55,Yes,Fiber optic,Month-to-month,Credit card (automatic),105.7,5692.67,No
CUST-03112,Female,0,50,Yes,DSL,One year,Electronic check,45.8,2019.78,No
CUST-03113,Male,0,52,Yes,DSL,Two year,Credit card (automatic),90.24,4590.27,No
CUST-03114,Female,0,51,No,DSL,Two year,Credit card (automatic),78.46,3872.75,No
CUST-03115,Female,0,30,No,Fiber optic,One year,Credit card (automatic),115.82,3010.38,No
CUST-03116,Male,0,28,Yes,DSL,One year,Mailed check,55.13,1467.02,No
CUST-03117,Male,1,32,No,Fiber optic,Month-to-month,Bank transfer (automatic),118.52,3335.88,No
CUST-03118,Female,0,67,Yes,Fiber optic,Month-to-month,Mailed check,81.92,4797.6,No
CUST-03119,Female,1,51,No,No,Two year,Electronic check,57.77,2837.49,No
CUST-03120,Male,0,51,No,DSL,Two year,Mailed check,94.89,4476.63,No
CUST-03121,Male,1,14,Yes,No,Two year,Electronic check,72.75,896.86,Yes
CUST-03122,Female,0,44,Yes,Fiber optic,Two year,Bank transfer (automatic),50.78,2036.43,No
CUST-03123,Female,0,69,Yes,No,Month-to-month,Mailed check,61.81,4247.37,No
CUST-03124,Male,0,20,Yes,DSL,Two year,Mailed check,100.07,1933.0,No
CUST-03125,Male,0,4,No,Fiber optic,Two year,Electronic check,54.43,206.75,No
CUST-03126,Male,0,68,No,DSL,One year,Electronic check,30.9,1985.5,No
CUST-03127,Female,1,19,No,No,Two year,Credit card (automatic),59.88,1016.84,No
CUST-03128,Female,0,64,No,No,Month-to-month,Bank transfer (automatic),61.77,3440.99,No
CUST-03129,Female,0,20,Yes,DSL,One year,Mailed check,24.8,424.83,No
CUST-03130,Male,0,56,Yes,DSL,One year,Bank transfer (automatic),67.57,3714.62,No
CUST-03131,Female,1,52,No,No,Two year,Credit card (automatic),44.77,2134.72,No
CUST-03132,Male,0,25,No,DSL,Month-to-month,Electronic check,105.15,2620.82,Yes
CUST-03133,Female,0,43,Yes,No,One year,Mailed check,37.89,1624.99,No
CUST-03134,Female,0,60,No,Fiber optic,One year,Mailed check,54.0,3129.01,No
CUST-03135,Female,0,10,Yes,Fiber optic,Month-to-month,Mailed check,97.96,947.44,Yes
CUST-03136,Female,0,68,Yes,Fiber optic,Month-to-month,Mailed check,77.18,4659.32,No
CUST-03137,Male,0,45,No,Fiber optic,Two year,Bank transfer (automatic),44.61,1770.22,No
CUST-03138,Male,0,70,No,Fiber optic,One year,Mailed check,52.42,3325.54,No
CUST-03139,Female,0,1,Yes,DSL,One year,Bank transfer (automatic),91.17,82.56,Yes
CUST-03140,Female,1,1,Yes,DSL,Two year,Credit card (automatic),52.29,48.28,No
CUST-03141,Female,0,23,No,Fiber optic,Month-to-month,Credit card (automatic),75.59,1662.32,No
CUST-03142,Male,0,45,No,Fiber optic,Month-to-month,Credit card (automatic),41.2,1794.46,No
CUST-03143,Female,1,57,No,No,Month-to-month,Credit card (automatic),100.15,5604.93,Yes
CUST-03144,Female,0,16,Yes,No,One year,Credit card (automatic),88.95,1408.79,No
CUST-03145,Female,0,37,Yes,DSL,Month-to-month,Bank transfer (automatic),114.84,3843.54,No
CUST-03146,Male,0,5,No,Fiber optic,One year,Credit card (automatic),99.03,474.5,No
CUST-03147,Female,0,5,No,DSL,Month-to-month,Electronic check,85.49,408.1,Yes
CUST-03148,Male,0,20,Yes,No,One year,Bank transfer (automatic),94.04,1877.67,No
CUST-03149,Female,0,68,Yes,Fiber optic,One year,Mailed check,25.48,1668.89,No
CUST-03150,Female,1,23,No,Fiber optic,One year,Electronic check,92.51,1814.26,No
CUST-03151,Female,0,10,Yes,Fiber optic,Two year,Credit card (automatic),102.34,957.36,No
CUST-03152,Male,0,69,Yes,Fiber optic,Month-to-month,Bank transfer (automatic),73.47,4690.79,No
CUST-03153,Male,0,45,Yes,DSL,Month-to-month,Credit card (automatic),99.52,3906.94,Yes
CUST-03154,Male,0,46,No,Fiber optic,Month-to-month,Mailed check,30.24,1279.63,Yes
CUST-03155,Female,0,25,No,No,One year,Mailed check,79.75,1922.27,No
CUST-03156,Male,0,9,Yes,Fiber optic,Month-to-month,Credit card (automatic),102.88,797.79,No
CUST-03157,Female,0,47,No,No,One year,Mailed check,49.06,2119.4,No
CUST-03158,Male,0,53,No,Fiber optic,Two year,Credit card (automatic),37.82,1831.76,No
CUST-03159,Female,1,3,Yes,Fiber optic,Month-to-month,Credit card (automatic),111.42,293.4,No
CUST-03160,Female,0,18,Yes,Fiber optic,One year,Mailed check,99.29,1600.47,No
CUST-03161,Male,0,38,Yes,No,One year,Electronic check,54.96,2028.75,No
CUST-03162,Male,0,12,Yes,No,Two year,Electronic check,20.99,218.22,No
CUST-03163,Male,0,58,Yes,DSL,Month-to-month,Electronic check,91.9,4984.36,No
CUST-03164,Male,1,55,Yes,No,Two year,Electronic check,87.69,4426.96,No
CUST-03165,Male,0,25,Yes,Fiber optic,One year,Electronic check,45.98,986.56,No
CUST-03166,Female,0,37,Yes,DSL,One year,Credit card (automatic),82.8,2981.9,No
CUST-03167,Female,0,63,Yes,Fiber optic,One year,Credit card (automatic),79.35,4795.26,No
CUST-03168,Male,0,66,Yes,DSL,One year,Mailed check,36.02,2307.07,No
CUST-03169,Male,0,71,No,Fiber optic,Two year,Mailed check,97.52,6811.28,No
CUST-03170,Male,1,44,Yes,Fiber optic,Month-to-month,Mailed check,62.01,2345.32,No
CUST-03171,Male,0,50,No,DSL,One year,Bank transfer (automatic),33.78,1549.05,No
CUST-03172,Male,0,38,Yes,Fiber optic,Month-to-month,Bank transfer (automatic),107.38,3900.67,No
CUST-03173,Male,0,37,No,Fiber optic,One year,Mailed check,68.87,2476.93,No
CUST-03174,Female,0,70,No,Fiber optic,Month-to-month,Electronic check,93.71,6549.59,No
CUST-03175,Male,0,19,Yes,Fiber optic,Month-to-month,Electronic check,39.73,687.24,Yes
CUST-03176,Female,0,33,Yes,Fiber optic,One year,Electronic check,105.62,3005.18,No
CUST-03177,Female,0,25,Yes,No,Two year,Electronic check,64.24,1487.23,No
CUST-03178,Female,0,70,Yes,No,Month-to-month,Electronic check,107.33,6883.42,No
CUST-03179,Female,1,66,No,DSL,Two year,Mailed check,78.91,4954.94,No
CUST-03180,Female,0,34,No,DSL,Month-to-month,Mailed check,69.1,2290.02,Yes
CUST-03181,Female,0,16,No,DSL,Two year,Credit card (automatic),53.19,806.03,No
CUST-03182,Male,1,5,No,DSL,Month-to-month,Bank transfer (automatic),108.38,531.81,No
CUST-03183,Female,1,3,Yes,DSL,Month-to-month,Bank transfer (automatic),88.52,242.89,Yes
CUST-03184,Female,0,51,No,DSL,Two year,Mailed check,118.87,5592.49,No
CUST-03185,Male,0,6,Yes,No,Month-to-month,Bank transfer (automatic),84.17,449.0,Yes
CUST-03186,Female,0,30,No,DSL,Two year,Bank transfer (automatic),21.35,582.16,No
CUST-03187,Female,0,47,Yes,DSL,Two year,Mailed check,68.34,2787.78,No
CUST-03188,Female,0,69,Yes,No,One year,Mailed check,101.44,6284.59,No
CUST-03189,Male,1,16,Yes,No,Month-to-month,Electronic check,66.51,966.08,No
CUST-03190,Female,1,10,Yes,DSL,Month-to-month,Credit card (automatic),54.39,465.31,No
CUST-03191,Female,0,39,Yes,No,Month-to-month,Mailed check,75.95,2543.43,Yes
CUST-03192,Female,0,61,Yes,Fiber optic,Month-to-month,Electronic check,50.99,2704.36,Yes
CUST-03193,Female,0,12,No,No,Two year,Credit card (automatic),113.85,1240.58,No
CUST-03194,Male,0,50,Yes,Fiber optic,Month-to-month,Electronic check,108.86,5131.19,No
CUST-03195,Male,0,64,Yes,No,Two year,Mailed check,30.39,1672.98,No
CUST-03196,Male,0,36,Yes,No,One year,Mailed check,86.53,2691.54,No
CUST-03197,Male,0,13,No,DSL,Two year,Mailed check,45.94,535.47,No
CUST-03198,Female,0,12,Yes,No,Month-to-month,Mailed check,35.38,398.41,Yes
CUST-03199,Female,0,28,Yes,Fiber optic,One year,Bank transfer (automatic),93.97,2308.91,Yes
CUST-03200,Female,0,71,Yes,Fiber optic,Two year,Electronic check,78.37,5307.92,No
CUST-03201,Male,0,21,Yes,No,Two year,Credit card (automatic),44.41,899.79,No
CUST-03202,Male,0,28,Yes,Fiber optic,Month-to-month,Credit card (automatic),71.3,1715.79,No
CUST-03203,Female,1,37,Yes,Fiber optic,One year,Credit card (automatic),27.14,896.89,No
CUST-03204,Male,0,41,No,DSL,One year,Bank transfer (automatic),60.99,2423.29,No
CUST-03205,Male,0,12,Yes,No,Two year,Bank transfer (automatic),42.7,502.45,Yes
CUST-03206,Male,1,23,Yes,No,One year,Electronic check,107.88,2453.58,No
CUST-03207,Female,1,15,No,Fiber optic,Month-to-month,Credit card (automatic),74.32,966.18,No
CUST-03208,Male,0,60,No,Fiber optic,Month-to-month,Mailed check,73.05,4055.43,Yes
CUST-03209,Male,0,26,Yes,DSL,One year,Mailed check,95.61,2116.53,No
CUST-03210,Male,0,22,No,No,Month-to-month,Mailed check,76.91,1647.71,No
CUST-03211,Male,0,14,Yes,DSL,Month-to-month,Bank transfer (automatic),83.0,1049.51,No
CUST-03212,Male,0,10,Yes,Fiber optic,Month-to-month,Bank transfer (automatic),30.35,283.09,No
CUST-03213,Male,0,29,Yes,Fiber optic,One year,Bank transfer (automatic),54.2,1532.32,No
CUST-03214,Female,0,17,No,No,Two year,Bank transfer (automatic),109.07,1822.94,No
CUST-03215,Male,1,12,No,No,Two year,Mailed check,68.35,734.93,No
CUST-03216,Female,1,23,Yes,No,Two year,Bank transfer (automatic),33.88,733.35,No
CUST-03217,Female,0,4,No,DSL,Month-to-month,Credit card (automatic),24.74,89.98,Yes
CUST-03218,Female,0,45,No,Fiber optic,Two year,Electronic check,32.6,1383.49,Yes
CUST-03219,Female,0,57,No,Fiber optic,Month-to-month,Credit card (automatic),72.58,3907.96,No
CUST-03220,Female,0,66,Yes,No,One year,Bank transfer (automatic),113.75,7499.51,No
CUST-03221,Female,0,26,Yes,DSL,One year,Mailed check,51.87,1340.48,No
CUST-03222,Female,0,66,Yes,DSL,One year,Bank transfer (automatic),112.36,7095.02,No
CUST-03223,Male,0,53,Yes,No,One year,Credit card (automatic),20.69,1046.23,No
CUST-03224,Male,0,52,No,No,One year,Bank transfer (automatic),57.47,2716.88,No
CUST-03225,Female,1,68,Yes,DSL,Month-to-month,Mailed check,64.38,3979.6,No
CUST-03226,Female,0,3,Yes,No,Two year,Electronic check,33.02,84.79,No
CUST-03227,Male,0,54,Yes,No,Two year,Mailed check,53.28,2758.15,No
CUST-03228,Female,0,72,Yes,DSL,One year,Credit card (automatic),110.27,7410.69,No
CUST-03229,Female,0,46,Yes,Fiber optic,Two year,Credit card (automatic),32.61,1286.99,No
CUST-03230,Female,0,61,No,DSL,One year,Mailed check,102.92,6232.87,No
CUST-03231,Female,1,23,No,Fiber optic,One year,Mailed check,85.61,1783.2,No
CUST-03232,Female,0,1,Yes,Fiber optic,Two year,Bank transfer (automatic),72.23,63.18,No
CUST-03233,Female,1,1,Yes,No,Month-to-month,Credit card (automatic),57.74,53.22,No
CUST-03234,Female,1,14,Yes,Fiber optic,Month-to-month,Bank transfer (automatic),101.79,1414.1,No
CUST-03235,Female,1,66,Yes,No,Month-to-month,Credit card (automatic),88.2,5089.3,No
CUST-03236,Male,1,46,No,DSL,One year,Electronic check,48.87,1952.53,No
CUST-03237,Male,0,60,No,Fiber optic,One year,Credit card (automatic),103.83,6049.12,No
CUST-03238,Male,0,44,No,DSL,One year,Bank transfer (automatic),110.6,4328.64,No
CUST-03239,Male,0,30,No,No,Month-to-month,Bank transfer (automatic),35.83,1000.99,No
CUST-03240,Female,0,42,Yes,DSL,Month-to-month,Electronic check,86.46,3479.73,Yes
CUST-03241,Male,0,55,Yes,No,Two year,Electronic check,69.94,3618.17,No
CUST-03242,Female,0,60,No,No,Two year,Credit card (automatic),94.53,5388.09,No
CUST-03243,Female,1,39,Yes,DSL,One year,Mailed check,105.56,3914.93,No
CUST-03244,Female,0,36,Yes,Fiber optic,Two year,Mailed check,112.66,3605.52,No
CUST-03245,Female,0,70,Yes,DSL,One year,Electronic check,104.52,6912.83,Yes
CUST-03246,Female,0,31,No,No,One year,Bank transfer (automatic),95.61,2622.74,No
CUST-03247,Male,0,70,Yes,No,One year,Bank transfer (automatic),71.07,4582.09,No
CUST-03248,Female,0,32,No,No,One year,Credit card (automatic),74.28,2114.76,No
CUST-03249,Male,0,30,Yes,DSL,One year,Electronic check,106.45,2805.52,Yes
CUST-03250,Female,0,50,Yes,Fiber optic,Two year,Mailed check,83.15,3802.92,No
CUST-03251,Male,0,54,No,Fiber optic,Two year,Credit card (automatic),47.33,2531.49,No
CUST-03252,Male,0,45,Yes,No,Month-to-month,Electronic check,23.3,900.85,Yes
CUST-03253,Male,0,54,Yes,Fiber optic,Two year,Mailed check,113.97,5867.33,No
CUST-03254,Female,0,1,Yes,DSL,Two year,Credit card (automatic),95.0,89.39,No
CUST-03255,Male,0,29,Yes,No,One year,Credit card (automatic),90.4,2365.67,No
CUST-03256,Male,0,19,Yes,DSL,One year,Bank transfer (automatic),84.43,1567.45,No
CUST-03257,Male,0,17,Yes,DSL,Two year,Bank transfer (automatic),22.6,373.87,No
CUST-03258,Male,1,16,Yes,DSL,One year,Credit card (automatic),112.37,1665.68,No
CUST-03259,Female,0,62,Yes,Fiber optic,One year,Credit card (automatic),50.6,2706.74,No
CUST-03260,Female,1,66,Yes,Fiber optic,Two year,Bank transfer (automatic),50.59,3166.24,No
CUST-03261,Female,0,54,No,No,Two year,Mailed check,116.36,5433.17,No
CUST-03262,Male,0,15,No,Fiber optic,Month-to-month,Bank transfer (automatic),114.12,1539.35,Yes
CUST-03263,Male,0,37,No,Fiber optic,Month-to-month,Electronic check,87.46,3168.25,Yes
CUST-03264,Male,0,14,Yes,No,Two year,Electronic check,83.67,1088.31,No
CUST-03265,Male,1,44,Yes,No,Two year,Mailed check,52.93,1992.1,No
CUST-03266,Male,0,39,Yes,Fiber optic,Two year,Bank transfer (automatic),114.59,4031.61,No
CUST-03267,Female,0,20,No,DSL,Month-to-month,Bank transfer (automatic),22.88,437.56,Yes
CUST-03268,Male,0,41,No,Fiber optic,Two year,Electronic check,75.98,2720.64,No
CUST-03269,Female,1,25,Yes,No,Two year,Credit card (automatic),119.0,2753.96,No
CUST-03270,Female,0,70,No,No,One year,Electronic check,111.08,6876.12,No
CUST-03271,Female,0,23,Yes,Fiber optic,Month-to-month,Electronic check,100.14,2035.4,Yes
CUST-03272,Female,0,63,Yes,DSL,One year,Bank transfer (automatic),21.22,1204.34,No
CUST-03273,Female,1,4,No,DSL,Month-to-month,Bank transfer (automatic),76.53,280.68,No
CUST-03274,Female,1,55,No,No,Two year,Mailed check,69.71,3345.15,No
CUST-03275,Male,0,71,No,Fiber optic,Month-to-month,Credit card (automatic),96.27,5856.42,No
CUST-03276,Male,0,29,No,No,Two year,Mailed check,40.34,1104.4,No
CUST-03277,Female,0,29,Yes,DSL,One year,Mailed check,58.46,1504.12,No
CUST-03278,Female,0,48,No,DSL,Two year,Bank transfer (automatic),68.7,3064.18,No
CUST-03279,Female,0,39,No,No,Two year,Credit card (automatic),51.31,1737.93,No
CUST-03280,Male,0,5,Yes,No,Month-to-month,Electronic check,22.42,98.62,No
CUST-03281,Male,0,13,No,No,One year,Bank transfer (automatic),66.38,755.86,No
CUST-03282,Male,0,55,No,No,One year,Mailed check,111.35,6111.58,No
CUST-03283,Female,1,46,Yes,Fiber optic,Two year,Bank transfer (automatic),93.3,3766.25,No
CUST-03284,Female,0,61,Yes,Fiber optic,Two year,Mailed check,23.11,1315.74,No
CUST-03285,Female,0,70,No,No,Two year,Mailed check,44.53,2650.49,No
CUST-03286,Male,0,32,No,DSL,One year,Bank transfer (automatic),28.7,807.29,No
CUST-03287,Female,0,60,No,No,One year,Electronic check,117.78,6935.06,No
CUST-03288,Male,0,65,Yes,DSL,Month-to-month,Mailed check,116.75,7296.71,No
CUST-03289,Female,0,21,Yes,No,One year,Electronic check,48.62,992.76,No
CUST-03290,Male,0,45,Yes,No,Two year,Bank transfer (automatic),25.68,1130.57,No
CUST-03291,Male,1,23,Yes,Fiber optic,Month-to-month,Credit card (automatic),54.3,1233.09,No
CUST-03292,Male,0,47,No,DSL,One year,Electronic check,104.83,4252.16,No
CUST-03293,Male,0,9,Yes,DSL,Month-to-month,Mailed check,106.3,874.8,Yes
CUST-03294,Male,0,36,Yes,Fiber optic,Month-to-month,Credit card (automatic),118.03,4043.62,Yes
CUST-03295,Female,1,58,No,Fiber optic,One year,Electronic check,101.28,5362.27,Yes
CUST-03296,Male,0,1,Yes,No,Two year,Mailed check,111.3,95.23,No
CUST-03297,Male,0,12,No,No,Month-to-month,Mailed check,37.49,424.27,Yes
CUST-03298,Male,0,45,No,DSL,Two year,Electronic check,46.89,1856.69,No
CUST-03299,Female,1,35,No,No,One year,Credit card (automatic),116.62,4063.25,No
CUST-03300,Female,0,50,No,DSL,One year,Bank transfer (automatic),91.59,4127.57,No
CUST-03301,Male,0,44,Yes,DSL,One year,Mailed check,47.68,1827.54,No
CUST-03302,Male,0,34,No,Fiber optic,One year,Bank transfer (automatic),65.03,2154.68,No
CUST-03303,Male,0,22,Yes,Fiber optic,Month-to-month,Bank transfer (automatic),54.1,1128.48,No
CUST-03304,Female,0,62,No,Fiber optic,Month-to-month,Mailed check,84.73,5018.05,No
CUST-03305,Female,0,71,Yes,DSL,Two year,Credit card (automatic),64.96,4487.87,No
CUST-03306,Female,1,51,Yes,DSL,Two year,Credit card (automatic),106.45,4683.94,No
CUST-03307,Female,0,55,No,No,Month-to-month,Credit card (automatic),107.12,5643.66,No
CUST-03308,Female,0,71,No,DSL,Two year,Electronic check,103.2,6864.5,No
CUST-03309,Female,0,67,Yes,No,Month-to-month,Bank transfer (automatic),60.02,3741.37,No
CUST-03310,Female,1,4,No,Fiber optic,One year,Electronic check,97.7,383.59,Yes
CUST-03311,Male,0,65,Yes,No,Month-to-month,Electronic check,101.34,6528.81,No
CUST-03312,Male,0,64,No,Fiber optic,One year,Mailed check,89.62,5245.77,Yes
CUST-03313,Female,0,16,No,Fiber optic,One year,Mailed check,117.44,1821.87,Yes
CUST-03314,Female,0,29,Yes,Fiber optic,Two year,Mailed check,103.34,2780.06,No
CUST-03315,Female,0,50,No,No,One year,Credit card (automatic),78.26,3559.82,No
CUST-03316,Female,0,15,No,No,Month-to-month,Electronic check,49.96,655.92,No
CUST-03317,Male,0,36,No,Fiber optic,Month-to-month,Electronic check,38.76,1378.89,No
CUST-03318,Male,1,10,Yes,Fiber optic,Month-to-month,Mailed check,83.67,803.32,No
CUST-03319,Male,1,63,No,Fiber optic,Two year,Bank transfer (automatic),32.28,1874.52,No
CUST-03320,Female,0,50,No,Fiber optic,Month-to-month,Electronic check,117.19,5262.21,No
CUST-03321,Male,1,18,Yes,Fiber optic,Two year,Credit card (automatic),73.41,1271.28,No
CUST-03322,Male,1,55,No,DSL,Two year,Bank transfer (automatic),30.68,1616.86,No
CUST-03323,Male,1,71,Yes,No,Month-to-month,Bank transfer (automatic),112.64,7702.1,Yes
CUST-03324,Female,0,36,Yes,Fiber optic,Month-to-month,Credit card (automatic),91.55,2975.68,No
CUST-03325,Female,0,23,No,Fiber optic,Month-to-month,Credit card (automatic),38.95,881.77,No
CUST-03326,Female,0,72,No,Fiber optic,One year,Credit card (automatic),115.62,7145.87,No
CUST-03327,Female,0,28,No,No,Two year,Credit card (automatic),53.69,1483.34,No
CUST-03328,Female,0,52,No,DSL,Month-to-month,Credit card (automatic),115.72,5630.31,Yes
CUST-03329,Male,0,26,Yes,Fiber optic,Month-to-month,Mailed check,32.35,748.12,No
CUST-03330,Female,0,43,No,Fiber optic,One year,Mailed check,70.54,2625.04,No
CUST-03331,Female,0,62,No,No,Two year,Mailed check,114.38,6515.85,No
CUST-03332,Male,0,35,Yes,DSL,Two year,Mailed check,36.78,1117.21,No
CUST-03333,Female,0,51,No,DSL,One year,Electronic check,69.22,3454.2,No
CUST-03334,Male,0,72,Yes,Fiber optic,Two year,Mailed check,41.5,2911.01,No
CUST-03335,Male,0,67,No,DSL,Month-to-month,Mailed check,52.21,3266.25,No
CUST-03336,Male,0,64,No,Fiber optic,Month-to-month,Credit card (automatic),35.78,2132.43,No
CUST-03337,Female,1,62,Yes,DSL,Month-to-month,Electronic check,52.88,3177.04,No
CUST-03338,Male,0,68,Yes,DSL,One year,Electronic check,107.43,6472.21,No
CUST-03339,Male,0,44,Yes,No,One year,Electronic check,64.13,2599.91,No
CUST-03340,Female,1,48,No,No,Month-to-month,Electronic check,57.89,2466.73,No
CUST-03341,Male,0,41,Yes,No,Month-to-month,Credit card (automatic),110.52,4216.06,Yes
CUST-03342,Male,0,17,Yes,No,Two year,Electronic check,110.65,1623.35,No
CUST-03343,Female,0,13,No,DSL,Month-to-month,Credit card (automatic),105.45,1242.85,Yes
CUST-03344,Female,0,2,No,DSL,Month-to-month,Electronic check,79.34,154.5,Yes
CUST-03345,Female,1,32,Yes,DSL,Month-to-month,Mailed check,62.9,1762.98,No
CUST-03346,Female,0,61,Yes,DSL,One year,Credit card (automatic),30.8,1714.13,No
CUST-03347,Female,0,54,No,Fiber optic,Two year,Credit card (automatic),81.45,3769.15,No
CUST-03348,Male,0,3,Yes,No,One year,Mailed check,77.73,205.32,No
CUST-03349,Female,0,57,Yes,DSL,Two year,Electronic check,54.48,3013.58,No
CUST-03350,Male,0,36,Yes,Fiber optic,Two year,Electronic check,69.39,2376.39,No
CUST-03351,Female,0,58,Yes,No,Two year,Electronic check,47.97,2577.76,No
CUST-03352,Male,0,54,Yes,Fiber optic,Month-to-month,Bank transfer (automatic),66.73,3079.7,No
CUST-03353,Male,0,29,Yes,No,Two year,Credit card (automatic),93.29,2600.56,No
CUST-03354,Female,0,69,No,Fiber optic,Two year,Bank transfer (automatic),88.63,5762.25,No
CUST-03355,Female,1,17,Yes,Fiber optic,Two year,Credit card (automatic),32.72,555.82,No
CUST-03356,Male,0,69,Yes,No,One year,Mailed check,79.64,4723.47,No
CUST-03357,Female,0,6,No,DSL,Month-to-month,Mailed check,27.01,147.33,No
CUST-03358,Male,0,63,Yes,No,One year,Bank transfer (automatic),64.1,4033.05,No
CUST-03359,Female,1,54,No,No,One year,Credit card (automatic),48.25,2457.66,No
CUST-03360,Male,0,31,No,No,Month-to-month,Mailed check,55.82,1539.97,No
CUST-03361,Male,0,52,No,Fiber optic,Month-to-month,Credit card (automatic),54.93,2695.42,No
CUST-03362,Female,0,53,Yes,DSL,Two year,Bank transfer (automatic),80.83,4144.25,No
CUST-03363,Female,0,34,No,DSL,Two year,Electronic check,118.8,3817.72,No
CUST-03364,Female,0,9,Yes,Fiber optic,Month-to-month,Credit card (automatic),37.39,306.93,No
CUST-03365,Male,0,8,No,No,Two year,Credit card (automatic),59.65,449.55,No
CUST-03366,Female,0,50,Yes,Fiber optic,Month-to-month,Credit card (automatic),85.46,4261.51,No
CUST-03367,Female,0,63,Yes,DSL,One year,Credit card (automatic),96.45,5314.96,No
CUST-03368,Female,0,66,Yes,Fiber optic,Two year,Credit card (automatic),110.18,6375.59,No
CUST-03369,Male,0,40,Yes,Fiber optic,One year,Credit card (automatic),75.71,2764.28,No
CUST-03370,Male,1,49,Yes,DSL,One year,Mailed check,28.34,1276.39,No
CUST-03371,Male,1,14,Yes,DSL,Month-to-month,Bank transfer (automatic),112.56,1470.85,Yes
CUST-03372,Male,0,31,Yes,DSL,One year,Mailed check,46.21,1232.48,No
CUST-03373,Male,0,29,Yes,Fiber optic,Month-to-month,Electronic check,76.28,1904.0,Yes
CUST-03374,Male,0,23,Yes,DSL,Month-to-month,Credit card (automatic),113.14,2307.41,Yes
CUST-03375,Female,0,22,Yes,Fiber optic,Month-to-month,Mailed check,74.28,1468.16,Yes
CUST-03376,Female,0,35,Yes,Fiber optic,Month-to-month,Mailed check,29.38,1021.99,No
CUST-03377,Male,0,33,Yes,Fiber optic,One year,Mailed check,65.32,1972.66,Yes
CUST-03378,Male,0,35,Yes,Fiber optic,One year,Electronic check,109.75,3292.06,No
CUST-03379,Male,0,59,Yes,No,Two year,Mailed check,75.11,4312.01,No
CUST-03380,Male,0,63,No,No,Two year,Mailed check,48.96,2726.21,No
CUST-03381,Male,1,69,No,No,One year,Electronic check,54.42,3356.48,No
CUST-03382,Male,1,19,Yes,Fiber optic,Month-to-month,Electronic check,118.8,2094.16,No
CUST-03383,Female,0,39,Yes,DSL,Two year,Bank transfer (automatic),53.71,1855.23,No
CUST-03384,Female,0,56,Yes,DSL,Month-to-month,Mailed check,58.11,3212.3,No
CUST-03385,Female,0,60,No,DSL,Two year,Electronic check,41.74,2409.65,No
CUST-03386,Male,0,46,Yes,Fiber optic,Month-to-month,Bank transfer (automatic),97.76,4011.45,No
CUST-03387,Male,1,26,No,No,Two year,Credit card (automatic),71.84,1803.96,No
CUST-03388,Female,0,16,No,Fiber optic,Month-to-month,Mailed check,83.23,1241.45,Yes
CUST-03389,Male,0,4,No,Fiber optic,Two year,Electronic check,101.16,398.62,No
CUST-03390,Male,0,47,No,DSL,Two year,Credit card (automatic),30.26,1310.71,No
CUST-03391,Male,0,62,Yes,DSL,Two year,Mailed check,39.06,2065.96,No
CUST-03392,Male,0,28,Yes,No,Month-to-month,Electronic check,78.76,2152.84,Yes
CUST-03393,Female,0,1,No,DSL,Month-to-month,Electronic check,39.73,39.49,No
CUST-03394,Female,0,60,Yes,Fiber optic,One year,Electronic check,70.37,4122.53,No
CUST-03395,Female,0,18,No,DSL,Month-to-month,Bank transfer (automatic),79.46,1413.63,No
CUST-03396,Male,0,12,No,No,Two year,Credit card (automatic),51.73,555.82,No
CUST-03397,Female,1,18,No,Fiber optic,Two year,Mailed check,90.87,1445.95,No
CUST-03398,Female,1,28,Yes,Fiber optic,One year,Credit card (automatic),38.16,1043.5,No
CUST-03399,Male,0,33,Yes,No,One year,Mailed check,71.07,2047.62,No
CUST-03400,Male,1,13,Yes,No,One year,Mailed check,115.42,1492.17,No
CUST-03401,Male,0,6,No,DSL,One year,Credit card (automatic),45.44,241.73,No
CUST-03402,Female,1,48,No,DSL,Two year,Electronic check,46.67,1962.93,No
CUST-03403,Male,0,71,Yes,No,One year,Electronic check,95.86,6780.46,No
CUST-03404,Male,0,47,No,DSL,Two year,Electronic check,28.38,1189.67,No
CUST-03405,Female,1,45,No,No,One year,Electronic check,85.86,3478.18,No
CUST-03406,Male,1,55,Yes,Fiber optic,Month-to-month,Electronic check,32.74,1680.58,No
CUST-03407,Male,0,16,Yes,DSL,Month-to-month,Bank transfer (automatic),77.52,1140.44,No
CUST-03408,Female,0,40,No,DSL,Two year,Bank transfer (automatic),46.63,1843.91,Yes
CUST-03409,Female,0,12,No,No,Two year,Mailed check,75.38,829.06,Yes
CUST-03410,Female,1,6,Yes,No,One year,Electronic check,75.82,439.81,No
CUST-03411,Male,1,66,No,Fiber optic,One year,Credit card (automatic),103.81,6821.21,No
CUST-03412,Female,0,26,No,No,Month-to-month,Mailed check,102.73,2518.24,No
CUST-03413,Male,0,40,No,No,Two year,Electronic check,77.05,2803.89,No
CUST-03414,Male,0,15,Yes,DSL,Month-to-month,Mailed check,98.46,1304.29,No
CUST-03415,Female,0,17,Yes,Fiber optic,Month-to-month,Bank transfer (automatic),26.67,434.57,Yes
CUST-03416,Female,0,9,Yes,No,One year,Mailed check,80.64,637.08,No
CUST-03417,Female,0,14,Yes,Fiber optic,One year,Mailed check,49.85,640.52,No
CUST-03418,Female,1,51,Yes,DSL,Two year,Credit card (automatic),20.31,898.67,No
CUST-03419,Female,0,69,No,Fiber optic,One year,Electronic check,31.46,1851.12,No
CUST-03420,Female,0,16,No,Fiber optic,Two year,Credit card (automatic),84.5,1321.33,No
CUST-03421,Male,0,7,Yes,Fiber optic,Month-to-month,Electronic check,106.1,714.98,Yes
CUST-03422,Female,1,45,Yes,DSL,Two year,Electronic check,49.56,1926.96,No
CUST-03423,Female,0,14,No,DSL,Two year,Credit card (automatic),40.57,492.24,No
CUST-03424,Male,1,26,Yes,DSL,Month-to-month,Electronic check,61.88,1460.56,Yes
CUST-03425,Female,1,68,Yes,Fiber optic,Two year,Credit card (automatic),75.75,4966.45,No
CUST-03426,Male,0,42,Yes,Fiber optic,Two year,Bank transfer (automatic),84.96,3417.03,No
CUST-03427,Male,0,41,Yes,No,Month-to-month,Credit card (automatic),86.57,3340.56,Yes
CUST-03428,Male,0,33,Yes,DSL,Two year,Credit card (automatic),47.88,1395.51,No
CUST-03429,Male,0,4,Yes,Fiber optic,Month-to-month,Electronic check,50.8,183.42,Yes
CUST-03430,Male,0,66,Yes,Fiber optic,Month-to-month,Credit card (automatic),73.47,4666.14,No
CUST-03431,Female,0,26,No,DSL,Two year,Credit card (automatic),88.9,2107.43,No
CUST-03432,Male,1,15,Yes,DSL,Two year,Mailed check,107.22,1558.13,No
CUST-03433,Female,0,64,Yes,DSL,Two year,Electronic check,74.26,4456.17,No
CUST-03434,Male,0,28,No,DSL,Month-to-month,Electronic check,86.24,2060.32,No
CUST-03435,Male,0,20,Yes,DSL,One year,Bank transfer (automatic),70.69,1366.1,No
CUST-03436,Female,0,64,Yes,No,Month-to-month,Bank transfer (automatic),107.38,6769.64,Yes
CUST-03437,Male,0,1,Yes,Fiber optic,Month-to-month,Credit card (automatic),89.91,80.73,Yes
CUST-03438,Female,0,32,No,DSL,Month-to-month,Mailed check,92.93,2551.12,No
CUST-03439,Female,0,36,No,No,Two year,Mailed check,42.93,1401.03,No
CUST-03440,Female,0,4,Yes,No,Month-to-month,Mailed check,59.22,215.9,No
CUST-03441,Female,1,32,No,DSL,Month-to-month,Electronic check,70.82,2089.8,No
CUST-03442,Female,0,24,Yes,No,Month-to-month,Bank transfer (automatic),75.64,1605.98,No
CUST-03443,Male,0,12,Yes,No,One year,Credit card (automatic),50.79,562.42,No
CUST-03444,Female,0,37,Yes,DSL,Month-to-month,Bank transfer (automatic),99.58,3292.46,No
CUST-03445,Male,1,19,Yes,DSL,Month-to-month,Bank transfer (automatic),51.85,962.15,No
CUST-03446,Female,1,69,Yes,Fiber optic,Month-to-month,Credit card (automatic),61.83,3861.48,No
CUST-03447,Female,0,46,Yes,DSL,One year,Electronic check,56.15,2428.18,No
CUST-03448,Female,0,40,Yes,DSL,Month-to-month,Bank transfer (automatic),60.98,2170.87,Yes
CUST-03449,Male,0,52,Yes,DSL,Two year,Credit card (automatic),70.24,3649.14,No
CUST-03450,Female,0,12,No,Fiber optic,One year,Bank transfer (automatic),114.46,1292.74,No
CUST-03451,Female,0,48,No,DSL,Month-to-month,Electronic check,37.34,1529.39,Yes
CUST-03452,Female,0,46,Yes,DSL,Month-to-month,Credit card (automatic),91.86,3730.36,No
CUST-03453,Female,0,8,Yes,DSL,Month-to-month,Credit card (automatic),101.92,730.79,No
CUST-03454,Male,1,44,Yes,No,One year,Mailed check,46.25,1941.15,No
CUST-03455,Male,1,38,Yes,Fiber optic,Two year,Electronic check,51.95,1910.56,No
CUST-03456,Male,0,61,No,Fiber optic,Two year,Bank transfer (automatic),113.5,6901.18,No
CUST-03457,Male,0,8,No,Fiber optic,Two year,Bank transfer (automatic),55.17,378.18,No
CUST-03458,Female,0,32,No,DSL,Month-to-month,Credit card (automatic),113.98,3534.97,No
CUST-03459,Female,0,37,No,DSL,Month-to-month,Credit card (automatic),26.17,950.79,Yes
CUST-03460,Male,0,26,Yes,Fiber optic,Month-to-month,Electronic check,86.46,2244.07,Yes
CUST-03461,Female,0,32,Yes,No,Two year,Credit card (automatic),106.52,3089.77,No
CUST-03462,Female,0,6,Yes,DSL,Two year,Electronic check,78.25,434.34,Yes
CUST-03463,Male,0,16,No,DSL,Two year,Bank transfer (automatic),47.2,745.27,No
CUST-03464,Male,1,59,No,No,One year,Electronic check,95.53,5202.39,No
CUST-03465,Male,0,71,Yes,No,One year,Credit card (automatic),22.65,1554.65,No
CUST-03466,Male,0,57,Yes,DSL,Month-to-month,Bank transfer (automatic),87.2,4568.4,Yes
CUST-03467,Female,1,8,Yes,Fiber optic,Month-to-month,Credit card (automatic),94.16,705.93,Yes
CUST-03468,Male,1,59,No,No,Two year,Credit card (automatic),86.92,4511.92,No
CUST-03469,Female,0,32,Yes,No,Month-to-month,Mailed check,93.15,2960.43,No
CUST-03470,Male,0,45,No,No,Two year,Electronic check,94.62,3830.04,Yes
CUST-03471,Male,0,11,Yes,DSL,Two year,Mailed check,88.85,892.1,No
CUST-03472,Female,0,6,Yes,DSL,One year,Bank transfer (automatic),33.95,189.68,Yes
CUST-03473,Female,0,16,No,DSL,One year,Mailed check,21.82,308.54,No
CUST-03474,Male,1,43,Yes,DSL,Two year,Electronic check,57.09,2204.89,No
CUST-03475,Female,0,69,No,Fiber optic,Two year,Electronic check,28.04,1828.35,No
CUST-03476,Female,1,36,Yes,No,Month-to-month,Mailed check,32.88,1015.05,Yes
CUST-03477,Female,0,61,Yes,DSL,Two year,Electronic check,35.45,2058.45,No
CUST-03478,Male,1,50,No,Fiber optic,Two year,Mailed check,62.41,3069.86,No
CUST-03479,Male,0,48,No,No,Month-to-month,Credit card (automatic),60.98,2809.9,Yes
CUST-03480,Female,0,29,No,DSL,One year,Electronic check,49.85,1422.71,No
CUST-03481,Female,1,8,Yes,Fiber optic,One year,Credit card (automatic),68.04,535.19,No
CUST-03482,Female,0,46,No,Fiber optic,Two year,Electronic check,38.71,1670.08,No
CUST-03483,Female,0,33,Yes,Fiber optic,One year,Credit card (automatic),30.49,983.93,No
CUST-03484,Male,0,16,No,DSL,Two year,Bank transfer (automatic),81.24,1121.99,No
CUST-03485,Male,0,19,No,Fiber optic,Two year,Bank transfer (automatic),96.75,1809.44,No
CUST-03486,Female,0,22,Yes,No,Two year,Credit card (automatic),25.66,512.43,No
CUST-03487,Female,1,60,Yes,No,One year,Electronic check,57.2,2935.51,Yes
CUST-03488,Female,1,67,Yes,DSL,Month-to-month,Mailed check,72.75,4661.31,No
CUST-03489,Male,1,65,Yes,DSL,Two year,Mailed check,68.3,4231.18,No
CUST-03490,Male,0,72,No,No,One year,Mailed check,94.28,5877.86,No
CUST-03491,Male,0,65,No,Fiber optic,Two year,Mailed check,69.88,4525.07,No
CUST-03492,Female,0,29,No,DSL,Month-to-month,Bank transfer (automatic),26.69,691.78,No
CUST-03493,Male,0,23,No,Fiber optic,Two year,Mailed check,70.4,1613.44,No
CUST-03494,Male,0,70,No,Fiber optic,One year,Bank transfer (automatic),101.03,6134.0,No
CUST-03495,Male,0,70,Yes,No,Two year,Electronic check,76.96,5366.05,No
CUST-03496,Male,0,62,Yes,Fiber optic,Month-to-month,Bank transfer (automatic),29.85,1639.07,No
CUST-03497,Male,0,4,No,No,Two year,Bank transfer (automatic),110.77,437.47,No
CUST-03498,Male,0,8,No,DSL,One year,Electronic check,107.96,793.64,No
CUST-03499,Female,0,58,Yes,DSL,Two year,Credit card (automatic),118.66,6420.54,No
CUST-03500,Male,1,55,No,Fiber optic,One year,Credit card (automatic),37.66,1777.17,No
CUST-03501,Male,1,48,Yes,No,Month-to-month,Credit card (automatic),95.47,4171.12,No
CUST-03502,Female,0,72,Yes,DSL,One year,Mailed check,102.16,6273.1,No
CUST-03503,Male,0,7,Yes,No,Month-to-month,Bank transfer (automatic),22.73,140.37,Yes
CUST-03504,Female,0,8,Yes,Fiber optic,One year,Bank transfer (automatic),40.86,320.63,No
CUST-03505,Female,0,25,Yes,No,Two year,Credit card (automatic),97.75,2422.07,No
CUST-03506,Female,0,16,Yes,DSL,Month-to-month,Electronic check,91.21,1376.87,No
CUST-03507,Male,1,22,Yes,Fiber optic,Month-to-month,Electronic check,21.01,427.49,Yes
CUST-03508,Female,0,11,No,No,Two year,Electronic check,22.1,219.0,No
CUST-03509,Female,0,23,No,DSL,One year,Credit card (automatic),63.35,1425.66,No
CUST-03510,Male,0,64,Yes,Fiber optic,Two year,Mailed check,39.01,2253.37,No
CUST-03511,Female,1,19,No,DSL,Two year,Mailed check,72.48,1340.75,No
CUST-03512,Male,0,50,No,DSL,Two year,Mailed check,37.08,1736.1,No
CUST-03513,Female,0,69,Yes,Fiber optic,Month-to-month,Bank transfer (automatic),106.22,7029.46,No
CUST-03514,Male,0,7,No,DSL,One year,Credit card (automatic),72.54,434.68,No
CUST-03515,Male,0,6,Yes,DSL,Two year,Mailed check,99.46,534.56,No
CUST-03516,Female,0,52,Yes,Fiber optic,One year,Electronic check,112.76,5187.98,No
CUST-03517,Male,0,10,Yes,No,Two year,Bank transfer (automatic),96.05,827.41,No
CUST-03518,Female,1,19,Yes,DSL,Month-to-month,Mailed check,106.91,1957.02,Yes
CUST-03519,Male,1,40,Yes,No,Two year,Credit card (automatic),71.5,2811.9,No
CUST-03520,Female,0,44,Yes,Fiber optic,Month-to-month,Mailed check,117.88,4846.39,Yes
CUST-03521,Female,1,24,Yes,No,Two year,Bank transfer (automatic),100.71,2092.92,No
CUST-03522,Male,0,17,Yes,Fiber optic,Two year,Bank transfer (automatic),106.25,1551.81,No
CUST-03523,Female,1,4,Yes,No,Month-to-month,Electronic check,87.31,340.33,Yes
CUST-03524,Female,0,26,No,No,One year,Bank transfer (automatic),49.51,1161.23,Yes
CUST-03525,Female,0,59,Yes,Fiber optic,Two year,Bank transfer (automatic),100.38,5753.21,No
CUST-03526,Female,0,17,No,DSL,One year,Credit card (automatic),78.26,1193.87,Yes
CUST-03527,Male,0,67,Yes,No,Month-to-month,Electronic check,68.67,4508.42,No
CUST-03528,Female,0,38,Yes,Fiber optic,Two year,Mailed check,60.92,2026.02,No
CUST-03529,Female,0,41,Yes,DSL,One year,Bank transfer (automatic),65.43,2453.87,No
CUST-03530,Female,1,4,Yes,No,Month-to-month,Mailed check,80.87,306.59,No
CUST-03531,Male,0,11,Yes,Fiber optic,One year,Credit card (automatic),77.28,740.01,No
CUST-03532,Male,0,40,Yes,No,Month-to-month,Electronic check,119.63,4224.6,Yes
CUST-03533,Male,1,26,Yes,DSL,Month-to-month,Electronic check,25.1,565.5,Yes
CUST-03534,Female,1,66,Yes,Fiber optic,Two year,Credit card (automatic),49.85,2997.93,No
CUST-03535,Male,0,46,Yes,DSL,Two year,Electronic check,88.47,4009.99,No
CUST-03536,Female,0,33,No,Fiber optic,Two year,Electronic check,39.26,1278.53,No
CUST-03537,Female,0,35,No,No,Two year,Electronic check,95.89,3060.65,No
CUST-03538,Male,1,34,No,DSL,Two year,Credit card (automatic),50.25,1618.38,No
CUST-03539,Female,0,47,No,DSL,Two year,Electronic check,40.88,1882.15,No
CUST-03540,Female,1,14,No,Fiber optic,Two year,Credit card (automatic),23.3,278.24,No
CUST-03541,Female,0,19,No,No,Month-to-month,Mailed check,71.73,1166.31,Yes
CUST-03542,Female,0,64,Yes,Fiber optic,Month-to-month,Bank transfer (automatic),115.6,6532.04,No
CUST-03543,Female,0,66,Yes,Fiber optic,Month-to-month,Electronic check,80.22,4627.4,No
CUST-03544,Male,0,14,Yes,No,Two year,Mailed check,53.48,704.97,Yes
CUST-03545,Male,1,37,Yes,DSL,One year,Credit card (automatic),96.75,3540.09,No
CUST-03546,Female,0,5,Yes,No,Two year,Mailed check,107.92,530.03,No
CUST-03547,Female,0,18,No,Fiber optic,Month-to-month,Electronic check,28.97,445.04,No
CUST-03548,Male,1,27,Yes,Fiber optic,Month-to-month,Electronic check,45.47,1054.82,No
CUST-03549,Female,0,70,Yes,Fiber optic,Two year,Electronic check,96.41,6629.84,No
CUST-03550,Male,0,60,No,No,One year,Electronic check,117.93,6939.36,No
CUST-03551,Male,1,17,No,No,Two year,Electronic check,67.48,993.15,No
CUST-03552,Male,0,69,Yes,Fiber optic,Two year,Credit card (automatic),96.56,5734.05,No
CUST-03553,Female,0,30,No,Fiber optic,Two year,Credit card (automatic),27.37,759.57,No
CUST-03554,Female,0,63,Yes,DSL,One year,Credit card (automatic),73.98,4388.29,No
CUST-03555,Female,0,12,No,DSL,One year,Credit card (automatic),28.64,310.57,No
CUST-03556,Female,0,56,Yes,Fiber optic,One year,Credit card (automatic),77.02,4247.72,No
CUST-03557,Male,0,65,Yes,DSL,Two year,Mailed check,100.58,5673.88,No
CUST-03558,Female,0,35,Yes,No,One year,Credit card (automatic),87.04,2721.98,No
CUST-03559,Female,0,13,No,No,Month-to-month,Bank transfer (automatic),20.28,226.87,Yes
CUST-03560,Female,0,9,Yes,No,One year,Electronic check,73.87,566.33,No
CUST-03561,Female,0,45,Yes,DSL,Month-to-month,Bank transfer (automatic),57.7,2473.37,No
CUST-03562,Male,0,6,No,Fiber optic,Month-to-month,Mailed check,35.1,205.04,No
CUST-03563,Female,0,48,No,DSL,Month-to-month,Mailed check,65.09,2764.91,No
CUST-03564,Female,1,71,Yes,Fiber optic,Two year,Credit card (automatic),27.35,1882.55,No
CUST-03565,Female,0,37,No,No,Month-to-month,Bank transfer (automatic),118.15,3965.04,No
CUST-03566,Female,0,35,No,No,One year,Credit card (automatic),68.49,2090.44,No
CUST-03567,Male,0,59,No,No,One year,Bank transfer (automatic),54.09,3041.05,No
CUST-03568,Male,1,55,Yes,No,Month-to-month,Mailed check,84.13,4260.12,No
CUST-03569,Male,0,57,No,No,Month-to-month,Electronic check,103.68,5561.49,No
CUST-03570,Male,0,71,No,No,Month-to-month,Credit card (automatic),116.61,8139.26,No
CUST-03571,Female,0,72,Yes,Fiber optic,Two year,Credit card (automatic),42.97,2751.23,No
CUST-03572,Male,0,41,No,DSL,One year,Electronic check,85.41,3090.37,Yes
CUST-03573,Female,1,49,Yes,Fiber optic,Two year,Mailed check,96.33,4373.9,No
CUST-03574,Female,1,39,Yes,No,Month-to-month,Electronic check,74.68,2537.5,Yes
CUST-03575,Male,0,12,No,DSL,Month-to-month,Bank transfer (automatic),55.46,605.74,Yes
CUST-03576,Female,1,11,No,DSL,Two year,Mailed check,83.49,854.16,No
CUST-03577,Female,0,46,No,DSL,One year,Bank transfer (automatic),90.36,3992.73,No
CUST-03578,Male,1,28,Yes,Fiber optic,Month-to-month,Electronic check,61.34,1477.53,Yes
CUST-03579,Female,0,14,No,No,One year,Credit card (automatic),43.97,551.83,No
CUST-03580,Female,0,13,No,Fiber optic,One year,Mailed check,91.86,1038.32,No
CUST-03581,Female,0,32,No,Fiber optic,Month-to-month,Bank transfer (automatic),23.69,716.97,No
CUST-03582,Male,0,25,Yes,DSL,Month-to-month,Credit card (automatic),109.6,2463.0,No
CUST-03583,Male,0,29,Yes,DSL,Month-to-month,Bank transfer (automatic),22.3,552.43,Yes
CUST-03584,Female,0,38,No,DSL,One year,Electronic check,64.87,2203.94,No
CUST-03585,Female,0,42,No,DSL,Month-to-month,Bank transfer (automatic),26.75,1116.21,No
CUST-03586,Male,1,61,Yes,Fiber optic,Two year,Bank transfer (automatic),102.32,5440.03,No
CUST-03587,Male,1,69,No,Fiber optic,Month-to-month,Credit card (automatic),104.31,6995.11,No
CUST-03588,Male,0,51,Yes,DSL,Two year,Credit card (automatic),26.95,1241.64,No
CUST-03589,Male,0,13,Yes,No,One year,Credit card (automatic),85.88,1025.5,No
CUST-03590,Female,0,44,Yes,No,Month-to-month,Bank transfer (automatic),89.1,3598.63,No
CUST-03591,Female,0,12,Yes,Fiber optic,Two year,Electronic check,76.34,857.27,No
CUST-03592,Male,0,51,No,Fiber optic,Month-to-month,Bank transfer (automatic),98.6,4290.11,No
CUST-03593,Male,0,2,No,Fiber optic,Month-to-month,Mailed check,24.93,46.49,Yes
CUST-03594,Male,1,64,Yes,DSL,Two year,Mailed check,113.37,6170.74,No
CUST-03595,Female,0,21,Yes,DSL,Two year,Mailed check,52.87,1001.3,No
CUST-03596,Male,0,72,Yes,No,Month-to-month,Bank transfer (automatic),46.57,3198.16,No
CUST-03597,Male,0,36,Yes,Fiber optic,One year,Bank transfer (automatic),117.84,4058.87,No
CUST-03598,Male,0,60,Yes,DSL,One year,Credit card (automatic),38.67,2039.05,No
CUST-03599,Male,0,66,Yes,Fiber optic,Two year,Electronic check,119.52,7620.89,No
CUST-03600,Male,0,68,Yes,DSL,One year,Mailed check,111.56,7319.78,No
CUST-03601,Female,1,43,No,DSL,Month-to-month,Credit card (automatic),107.76,4023.67,No
CUST-03602,Female,1,57,No,No,Two year,Mailed check,57.59,2814.11,No
CUST-03603,Female,0,63,No,DSL,One year,Bank transfer (automatic),43.5,2448.96,Yes
CUST-03604,Female,0,13,No,No,Month-to-month,Electronic check,79.83,933.64,No
CUST-03605,Male,0,43,No,No,Two year,Mailed check,97.03,3833.42,Yes
CUST-03606,Male,0,19,No,DSL,Two year,Bank transfer (automatic),57.53,1003.55,No
CUST-03607,Male,0,21,Yes,DSL,Month-to-month,Mailed check,75.08,1445.52,Yes
CUST-03608,Female,0,27,Yes,DSL,Two year,Credit card (automatic),38.65,1009.5,No
CUST-03609,Male,0,28,No,No,One year,Bank transfer (automatic),50.0,1247.61,No
CUST-03610,Male,0,65,No,Fiber optic,Two year,Mailed check,27.13,1539.54,No
CUST-03611,Female,0,3,Yes,Fiber optic,One year,Mailed check,46.56,138.01,No
CUST-03612,Female,0,71,Yes,No,One year,Mailed check,101.82,6509.71,No
CUST-03613,Female,0,50,Yes,DSL,One year,Bank transfer (automatic),56.45,2651.19,No
CUST-03614,Male,1,12,Yes,DSL,Month-to-month,Credit card (automatic),25.31,264.85,Yes
CUST-03615,Female,0,34,No,Fiber optic,Two year,Mailed check,94.45,3116.23,No
CUST-03616,Male,1,43,No,No,Two year,Credit card (automatic),60.2,2361.31,No
CUST-03617,Female,0,41,Yes,Fiber optic,Month-to-month,Bank transfer (automatic),27.95,1129.31,No
CUST-03618,Female,0,38,Yes,No,Two year,Mailed check,90.66,3360.43,No
CUST-03619,Female,0,22,No,DSL,One year,Bank transfer (automatic),63.57,1330.53,No
CUST-03620,Female,0,45,No,No,One year,Credit card (automatic),47.17,1898.46,No
CUST-03621,Male,0,2,No,Fiber optic,Month-to-month,Bank transfer (automatic),37.31,65.18,No
CUST-03622,Male,0,10,Yes,No,Two year,Electronic check,58.0,520.45,Yes
CUST-03623,Male,0,16,No,No,One year,Credit card (automatic),101.1,1487.82,No
CUST-03624,Female,1,6,Yes,DSL,Two year,Credit card (automatic),72.51,370.66,No
CUST-03625,Female,0,31,No,Fiber optic,One year,Electronic check,51.02,1528.81,No
CUST-03626,Female,0,65,No,No,Month-to-month,Mailed check,98.98,5826.31,Yes
CUST-03627,Male,0,63,No,DSL,Two year,Mailed check,33.97,2012.11,No
CUST-03628,Male,1,52,No,No,Month-to-month,Electronic check,25.74,1165.66,No
CUST-03629,Female,0,24,No,Fiber optic,Two year,Credit card (automatic),117.45,2793.4,No
CUST-03630,Female,1,3,No,No,Month-to-month,Bank transfer (automatic),85.82,251.83,Yes
CUST-03631,Male,0,11,Yes,Fiber optic,Month-to-month,Mailed check,73.29,778.45,No
CUST-03632,Male,0,53,No,No,One year,Bank transfer (automatic),92.6,4848.45,No
CUST-03633,Male,0,70,No,Fiber optic,Month-to-month,Bank transfer (automatic),109.9,6597.27,No
CUST-03634,Male,0,4,No,No,Month-to-month,Credit card (automatic),34.14,121.78,Yes
CUST-03635,Female,0,50,No,DSL,Month-to-month,Bank transfer (automatic),35.4,1624.14,No
CUST-03636,Male,0,9,No,No,One year,Electronic check,43.96,377.86,Yes
CUST-03637,Female,0,36,Yes,No,One year,Electronic check,50.65,1740.35,Yes
CUST-03638,Male,0,5,Yes,Fiber optic,One year,Mailed check,70.97,335.93,Yes
CUST-03639,Male,0,47,No,DSL,Month-to-month,Mailed check,70.99,3301.19,No
CUST-03640,Male,0,41,No,Fiber optic,Month-to-month,Mailed check,24.44,876.85,No
CUST-03641,Female,0,11,Yes,No,Month-to-month,Credit card (automatic),68.98,703.73,No
CUST-03642,Female,1,17,Yes,Fiber optic,One year,Electronic check,57.37,847.59,No
CUST-03643,Male,0,58,Yes,DSL,Month-to-month,Mailed check,30.97,1760.05,No
CUST-03644,Male,0,45,No,No,Two year,Bank transfer (automatic),34.65,1540.74,No
CUST-03645,Female,0,36,No,No,Month-to-month,Mailed check,94.72,3150.46,No
CUST-03646,Male,0,20,No,No,Two year,Credit card (automatic),58.65,1129.29,No
CUST-03647,Male,0,53,No,Fiber optic,Two year,Electronic check,89.42,4211.89,No
CUST-03648,Female,1,66,Yes,Fiber optic,Month-to-month,Electronic check,74.29,4606.45,No
CUST-03649,Male,1,65,Yes,Fiber optic,One year,Bank transfer (automatic),104.37,5854.21,No
CUST-03650,Female,0,38,No,Fiber optic,One year,Bank transfer (automatic),89.23,3268.03,No
CUST-03651,Male,0,69,No,Fiber optic,Month-to-month,Credit card (automatic),39.7,2410.3,No
CUST-03652,Female,0,67,No,Fiber optic,Month-to-month,Mailed check,23.23,1367.36,No
CUST-03653,Male,0,63,Yes,DSL,Month-to-month,Mailed check,114.55,7117.99,Yes
CUST-03654,Female,0,68,No,No,Month-to-month,Bank transfer (automatic),79.26,4709.98,No
CUST-03655,Female,1,56,Yes,Fiber optic,Month-to-month,Credit card (automatic),29.66,1596.35,No
CUST-03656,Female,0,17,Yes,No,Two year,Bank transfer (automatic),108.53,1658.31,No
CUST-03657,Female,1,20,No,Fiber optic,Two year,Electronic check,22.57,399.06,No
CUST-03658,Female,0,42,Yes,DSL,Two year,Credit card (automatic),83.14,3008.54,No
CUST-03659,Male,0,8,Yes,Fiber optic,Two year,Electronic check,52.02,388.91,No
CUST-03660,Male,0,49,Yes,No,One year,Electronic check,69.94,3326.9,No
CUST-03661,Male,1,60,No,No,Two year,Electronic check,71.32,3758.06,Yes
CUST-03662,Female,0,2,Yes,No,Month-to-month,Bank transfer (automatic),33.08,64.26,No
CUST-03663,Male,0,66,No,DSL,One year,Electronic check,47.24,2887.69,No
CUST-03664,Female,0,12,No,Fiber optic,Two year,Bank transfer (automatic),88.43,1046.13,No
CUST-03665,Male,0,30,No,DSL,Month-to-month,Mailed check,99.71,2751.3,Yes
CUST-03666,Female,0,47,No,No,Month-to-month,Electronic check,79.21,3377.07,No
CUST-03667,Female,1,59,No,DSL,Two year,Electronic check,75.01,4391.7,No
CUST-03668,Female,0,56,Yes,No,One year,Electronic check,38.39,1899.19,No
CUST-03669,Female,0,30,No,Fiber optic,Month-to-month,Credit card (automatic),77.39,2307.74,Yes
CUST-03670,Female,1,72,Yes,Fiber optic,Month-to-month,Mailed check,62.85,4343.83,No
CUST-03671,Male,0,41,No,Fiber optic,One year,Mailed check,98.27,3995.09,No
CUST-03672,Female,1,13,Yes,No,One year,Mailed check,113.76,1396.67,No
CUST-03673,Male,0,50,Yes,Fiber optic,One year,Mailed check,54.03,2315.53,No
CUST-03674,Female,0,56,Yes,DSL,One year,Mailed check,62.13,3123.56,No
CUST-03675,Female,0,26,Yes,DSL,Month-to-month,Bank transfer (automatic),20.54,459.6,Yes
CUST-03676,Male,0,14,No,No,Two year,Mailed check,53.84,720.67,No
CUST-03677,Male,0,6,Yes,DSL,Month-to-month,Bank transfer (automatic),85.49,510.1,No
CUST-03678,Female,0,72,Yes,DSL,Two year,Electronic check,89.43,5902.07,No
CUST-03679,Male,1,13,Yes,No,Month-to-month,Electronic check,94.43,1084.2,No
CUST-03680,Male,0,25,No,No,One year,Electronic check,42.67,950.89,No
CUST-03681,Male,0,17,No,Fiber optic,Month-to-month,Credit card (automatic),99.12,1559.25,No
CUST-03682,Male,0,1,No,No,Two year,Credit card (automatic),83.87,72.71,No
CUST-03683,Male,0,35,Yes,DSL,Two year,Electronic check,46.81,1491.71,Yes
CUST-03684,Male,0,8,No,No,One year,Mailed check,37.7,295.77,No
CUST-03685,Female,0,42,Yes,DSL,Month-to-month,Bank transfer (automatic),96.88,3523.63,No
CUST-03686,Male,0,55,Yes,Fiber optic,Month-to-month,Electronic check,68.66,3656.66,No
CUST-03687,Male,0,42,No,Fiber optic,One year,Mailed check,39.75,1609.53,No
CUST-03688,Male,0,62,No,Fiber optic,Two year,Mailed check,54.78,3158.16,No
CUST-03689,Female,0,11,No,Fiber optic,Month-to-month,Bank transfer (automatic),46.89,478.35,No
CUST-03690,Male,0,33,Yes,Fiber optic,One year,Bank transfer (automatic),93.24,3067.97,No
CUST-03691,Male,0,61,Yes,Fiber optic,Month-to-month,Mailed check,113.28,6020.88,Yes
CUST-03692,Male,0,16,Yes,Fiber optic,Month-to-month,Credit card (automatic),62.0,927.57,Yes
CUST-03693,Male,0,36,No,Fiber optic,Month-to-month,Electronic check,57.88,1916.29,Yes
CUST-03694,Male,0,46,Yes,Fiber optic,Month-to-month,Bank transfer (automatic),64.82,2550.78,Yes
CUST-03695,Male,0,58,No,DSL,Two year,Credit card (automatic),85.4,4698.79,No
CUST-03696,Male,0,69,No,DSL,One year,Mailed check,42.51,2604.7,No
CUST-03697,Female,1,17,No,Fiber optic,Month-to-month,Bank transfer (automatic),98.46,1573.05,No
CUST-03698,Male,0,32,No,Fiber optic,Month-to-month,Credit card (automatic),92.23,2823.61,No
CUST-03699,Female,0,23,No,Fiber optic,Month-to-month,Electronic check,83.2,1705.39,No
CUST-03700,Male,0,17,No,DSL,Month-to-month,Credit card (automatic),94.66,1480.89,No
CUST-03701,Male,1,29,No,Fiber optic,Two year,Credit card (automatic),112.98,2922.04,No
CUST-03702,Female,0,65,Yes,Fiber optic,One year,Credit card (automatic),38.66,2314.08,No
CUST-03703,Female,0,3,No,DSL,One year,Credit card (automatic),46.58,131.96,No
CUST-03704,Female,0,8,Yes,No,One year,Mailed check,39.27,286.72,No
CUST-03705,Male,0,33,No,DSL,One year,Credit card (automatic),42.58,1361.43,No
CUST-03706,Male,0,59,No,No,One year,Credit card (automatic),42.27,2230.86,No
CUST-03707,Female,1,55,Yes,No,One year,Electronic check,85.33,4165.21,No
CUST-03708,Female,1,60,No,DSL,Month-to-month,Bank transfer (automatic),92.91,5045.77,No
CUST-03709,Male,0,20,No,No,Two year,Bank transfer (automatic),75.93,1332.63,No
CUST-03710,Male,0,17,Yes,DSL,Two year,Credit card (automatic),119.38,1800.76,No
CUST-03711,Female,0,20,Yes,Fiber optic,Month-to-month,Mailed check,91.09,1663.03,No
CUST-03712,Female,1,7,No,No,Two year,Credit card (automatic),81.05,549.17,No
CUST-03713,Male,0,39,Yes,No,One year,Mailed check,46.02,1566.54,No
CUST-03714,Female,0,10,No,Fiber optic,One year,Bank transfer (automatic),63.92,600.07,No
CUST-03715,Female,0,41,Yes,Fiber optic,Two year,Bank transfer (automatic),25.41,924.57,No
CUST-03716,Male,1,57,No,No,Two year,Electronic check,101.61,5405.68,No
CUST-03717,Female,1,65,No,DSL,Month-to-month,Credit card (automatic),104.06,6620.1,No
CUST-03718,Female,1,62,No,Fiber optic,Month-to-month,Bank transfer (automatic),107.98,5980.29,No
CUST-03719,Female,0,28,Yes,No,One year,Bank transfer (automatic),79.75,2068.84,No
CUST-03720,Female,0,1,Yes,No,One year,Electronic check,48.12,43.86,Yes
CUST-03721,Male,0,18,Yes,DSL,One year,Electronic check,100.9,1675.94,No
CUST-03722,Male,1,4,Yes,Fiber optic,One year,Bank transfer (automatic),115.46,460.37,No
CUST-03723,Male,0,41,Yes,DSL,One year,Mailed check,49.68,1887.17,Yes
CUST-03724,Female,0,12,Yes,DSL,One year,Electronic check,51.43,598.0,Yes
CUST-03725,Male,0,1,No,DSL,Two year,Credit card (automatic),103.92,92.89,No
CUST-03726,Male,0,61,No,Fiber optic,Month-to-month,Credit card (automatic),24.72,1373.49,No
CUST-03727,Female,0,60,No,Fiber optic,Month-to-month,Bank transfer (automatic),62.71,3650.72,No
CUST-03728,Female,0,64,No,Fiber optic,Month-to-month,Credit card (automatic),112.12,6942.83,No
CUST-03729,Male,1,59,No,No,Month-to-month,Electronic check,29.03,1667.34,No
CUST-03730,Female,0,72,No,No,Two year,Bank transfer (automatic),112.23,7904.26,No
CUST-03731,Female,0,28,No,No,Month-to-month,Bank transfer (automatic),106.67,2702.32,No
CUST-03732,Male,0,16,Yes,No,Two year,Bank transfer (automatic),96.23,1472.81,No
CUST-03733,Female,1,22,Yes,DSL,Two year,Credit card (automatic),57.59,1206.75,No
CUST-03734,Female,0,17,Yes,Fiber optic,One year,Mailed check,107.0,1771.25,No
CUST-03735,Male,0,25,No,Fiber optic,Two year,Electronic check,77.96,1801.41,No
CUST-03736,Female,1,6,No,Fiber optic,Two year,Credit card (automatic),69.56,360.73,No
CUST-03737,Female,0,20,No,DSL,Month-to-month,Electronic check,73.31,1353.04,No
CUST-03738,Male,0,6,No,Fiber optic,Month-to-month,Bank transfer (automatic),103.54,611.62,Yes
CUST-03739,Female,0,14,Yes,No,Two year,Credit card (automatic),38.51,501.99,No
CUST-03740,Male,1,17,No,Fiber optic,Two year,Credit card (automatic),64.18,1052.0,No
CUST-03741,Female,0,5,No,No,Month-to-month,Credit card (automatic),45.49,203.26,Yes
CUST-03742,Female,0,20,Yes,DSL,Month-to-month,Electronic check,67.93,1341.13,No
CUST-03743,Female,0,46,No,Fiber optic,Two year,Electronic check,24.64,1127.13,No
CUST-03744,Female,0,1,Yes,DSL,Two year,Credit card (automatic),101.4,93.63,No
CUST-03745,Female,0,56,No,Fiber optic,Month-to-month,Mailed check,20.85,1166.36,No
CUST-03746,Female,1,29,Yes,No,Month-to-month,Credit card (automatic),35.74,897.11,Yes
CUST-03747,Male,0,66,No,Fiber optic,One year,Electronic check,72.37,4643.53,No
CUST-03748,Female,0,33,No,Fiber optic,Two year,Electronic check,28.42,823.0,No
CUST-03749,Female,0,5,No,DSL,Month-to-month,Mailed check,95.91,429.38,Yes
CUST-03750,Female,1,32,Yes,Fiber optic,Month-to-month,Bank transfer (automatic),83.98,2459.83,No
CUST-03751,Male,0,13,No,No,One year,Credit card (automatic),99.37,1210.37,No
CUST-03752,Male,0,7,No,No,One year,Credit card (automatic),67.13,415.13,No
CUST-03753,Male,1,64,No,DSL,One year,Mailed check,89.4,5484.7,No
CUST-03754,Male,0,64,Yes,DSL,One year,Electronic check,28.03,1558.38,No
CUST-03755,Male,0,19,Yes,DSL,Month-to-month,Credit card (automatic),43.15,785.74,Yes
CUST-03756,Female,0,39,No,DSL,Two year,Bank transfer (automatic),112.57,4075.4,No
CUST-03757,Female,0,33,No,No,Month-to-month,Mailed check,61.27,1727.45,Yes
CUST-03758,Female,1,37,Yes,No,One year,Electronic check,26.02,843.62,No
CUST-03759,Male,0,66,Yes,DSL,Month-to-month,Bank transfer (automatic),103.62,6536.12,No
CUST-03760,Male,0,25,Yes,No,Two year,Bank transfer (automatic),67.53,1652.11,No
CUST-03761,Female,0,11,Yes,Fiber optic,Two year,Bank transfer (automatic),90.29,890.87,No
CUST-03762,Male,0,69,Yes,Fiber optic,Two year,Credit card (automatic),29.81,1794.16,No
CUST-03763,Female,0,72,No,No,Month-to-month,Credit card (automatic),84.49,5387.46,Yes
CUST-03764,Female,1,72,No,DSL,Two year,Credit card (automatic),84.09,5529.51,No
CUST-03765,Female,0,13,Yes,No,One year,Electronic check,56.34,668.61,No
CUST-03766,Female,1,69,No,No,Month-to-month,Electronic check,29.87,1965.5,No
CUST-03767,Male,1,58,Yes,Fiber optic,Two year,Electronic check,119.66,6804.49,No
CUST-03768,Male,0,3,Yes,DSL,One year,Mailed check,77.78,231.09,No
CUST-03769,Male,0,18,No,DSL,Two year,Electronic check,31.75,570.54,No
CUST-03770,Male,1,31,No,No,One year,Electronic check,32.52,987.39,No
CUST-03771,Female,0,6,Yes,DSL,Month-to-month,Bank transfer (automatic),59.98,311.8,No
CUST-03772,Female,1,2,Yes,DSL,Month-to-month,Credit card (automatic),108.47,213.75,Yes
CUST-03773,Female,1,36,No,No,One year,Bank transfer (automatic),57.35,1952.08,No
CUST-03774,Male,0,37,Yes,DSL,Month-to-month,Electronic check,32.03,1044.43,Yes
CUST-03775,Male,0,39,No,DSL,Two year,Mailed check,94.88,3577.78,No
CUST-03776,Female,0,15,No,No,One year,Credit card (automatic),56.09,762.54,No
CUST-03777,Female,0,9,No,No,Two year,Electronic check,23.54,200.13,No
CUST-03778,Female,0,7,Yes,No,Two year,Mailed check,117.79,745.42,No
CUST-03779,Female,0,26,Yes,DSL,One year,Credit card (automatic),25.86,613.43,No
CUST-03780,Female,0,13,Yes,DSL,One year,Electronic check,115.05,1341.04,No
CUST-03781,Male,0,1,Yes,DSL,Two year,Credit card (automatic),48.88,44.39,No
CUST-03782,Male,1,60,No,DSL,Month-to-month,Credit card (automatic),37.13,2024.19,Yes
CUST-03783,Male,0,30,No,No,One year,Bank transfer (automatic),99.62,2856.18,No
CUST-03784,Female,0,18,No,DSL,One year,Electronic check,91.66,1516.06,No
CUST-03785,Female,0,4,No,No,One year,Electronic check,73.58,268.76,No
CUST-03786,Female,0,69,Yes,Fiber optic,One year,Electronic check,115.05,7185.15,No
CUST-03787,Male,0,27,No,DSL,One year,Mailed check,102.62,2573.28,No
CUST-03788,Female,0,8,Yes,DSL,Month-to-month,Electronic check,117.24,849.08,Yes
CUST-03789,Male,0,36,No,Fiber optic,Two year,Mailed check,30.43,955.15,No
CUST-03790,Female,0,53,Yes,Fiber optic,Month-to-month,Bank transfer (automatic),52.28,2470.4,No
CUST-03791,Female,0,16,Yes,Fiber optic,One year,Credit card (automatic),82.13,1155.04,No
CUST-03792,Female,0,60,Yes,DSL,One year,Bank transfer (automatic),116.92,6471.83,No
CUST-03793,Male,1,17,Yes,DSL,Month-to-month,Mailed check,56.78,894.64,Yes
CUST-03794,Male,1,67,No,No,Month-to-month,Credit card (automatic),67.65,4235.4,No
CUST-03795,Female,0,61,Yes,DSL,One year,Electronic check,41.72,2215.15,No
CUST-03796,Male,0,10,No,No,Month-to-month,Credit card (automatic),86.56,747.22,No
CUST-03797,Male,1,70,No,DSL,Month-to-month,Electronic check,68.9,4553.52,No
CUST-03798,Male,0,21,Yes,DSL,One year,Bank transfer (automatic),24.74,499.33,Yes
CUST-03799,Female,1,10,Yes,Fiber optic,Two year,Bank transfer (automatic),60.42,539.35,No
CUST-03800,Female,0,17,No,No,Two year,Mailed check,39.68,581.63,No
CUST-03801,Female,1,48,No,Fiber optic,One year,Electronic check,34.32,1403.49,No
CUST-03802,Female,0,49,Yes,No,Two year,Electronic check,28.52,1393.42,No
CUST-03803,Female,0,37,No,Fiber optic,One year,Credit card (automatic),68.81,2360.3,No
CUST-03804,Female,0,20,No,Fiber optic,One year,Credit card (automatic),55.46,983.8,No
CUST-03805,Male,0,44,Yes,Fiber optic,One year,Electronic check,118.75,5032.28,No
CUST-03806,Male,0,30,Yes,No,Two year,Electronic check,90.38,2635.79,Yes
CUST-03807,Female,0,5,No,No,Month-to-month,Bank transfer (automatic),43.87,213.29,Yes
CUST-03808,Female,1,60,Yes,DSL,Month-to-month,Credit card (automatic),28.66,1484.19,No
CUST-03809,Male,0,2,Yes,DSL,One year,Electronic check,70.57,139.55,No
CUST-03810,Female,0,69,Yes,Fiber optic,Month-to-month,Electronic check,108.18,6544.79,No
CUST-03811,Female,0,63,Yes,No,Two year,Mailed check,43.42,2637.4,No
CUST-03812,Female,0,68,Yes,No,Month-to-month,Bank transfer (automatic),99.4,6017.2,No
CUST-03813,Male,0,31,No,No,Month-to-month,Credit card (automatic),102.79,2939.88,No
CUST-03814,Male,0,59,Yes,Fiber optic,Two year,Bank transfer (automatic),112.16,6461.92,No
CUST-03815,Female,0,67,Yes,No,One year,Bank transfer (automatic),34.29,2198.85,No
CUST-03816,Male,0,3,No,DSL,One year,Mailed check,85.92,222.65,No
CUST-03817,Female,1,67,No,Fiber optic,Month-to-month,Electronic check,94.05,5953.11,No
CUST-03818,Male,1,23,No,DSL,Two year,Mailed check,34.61,745.47,No
CUST-03819,Female,0,71,No,No,Month-to-month,Mailed check,80.47,4932.73,No
CUST-03820,Male,0,5,No,Fiber optic,One year,Bank transfer (automatic),60.73,267.29,No
CUST-03821,Female,1,48,Yes,No,Two year,Electronic check,80.57,3713.53,No
CUST-03822,Male,1,49,No,Fiber optic,Month-to-month,Bank transfer (automatic),79.99,3387.56,No
CUST-03823,Male,0,12,Yes,DSL,Two year,Bank transfer (automatic),44.24,453.79,No
CUST-03824,Male,0,6,No,Fiber optic,Month-to-month,Electronic check,112.53,607.61,Yes
CUST-03825,Female,1,18,Yes,DSL,Month-to-month,Bank transfer (automatic),45.1,770.77,Yes
CUST-03826,Female,0,50,No,Fiber optic,One year,Bank transfer (automatic),57.68,2694.76,No
CUST-03827,Male,0,16,No,No,Two year,Credit card (automatic),103.38,1620.82,No
CUST-03828,Female,0,38,No,Fiber optic,Two year,Electronic check,94.84,3102.14,No
CUST-03829,Male,1,66,No,Fiber optic,Month-to-month,Mailed check,75.65,4748.58,No
CUST-03830,Female,1,53,Yes,DSL,One year,Bank transfer (automatic),38.06,1856.31,No
CUST-03831,Female,0,58,No,No,Month-to-month,Credit card (automatic),108.79,5557.45,No
CUST-03832,Male,1,58,No,Fiber optic,Two year,Mailed check,36.98,1840.63,No
CUST-03833,Male,1,42,Yes,DSL,Two year,Electronic check,26.93,1122.06,No
CUST-03834,Male,0,7,Yes,DSL,Two year,Bank transfer (automatic),38.75,243.02,No
CUST-03835,Female,0,18,Yes,No,Two year,Credit card (automatic),35.19,550.97,No
CUST-03836,Male,0,57,Yes,Fiber optic,Two year,Electronic check,32.07,1822.62,No
CUST-03837,Male,0,1,No,Fiber optic,Month-to-month,Electronic check,100.15,92.18,Yes
CUST-03838,Female,0,8,No,DSL,One year,Bank transfer (automatic),110.96,768.05,No
CUST-03839,Female,0,33,No,DSL,One year,Bank transfer (automatic),99.64,3055.61,Yes
CUST-03840,Male,0,40,Yes,No,Two year,Bank transfer (automatic),81.58,2799.48,No
CUST-03841,Male,0,45,Yes,DSL,Month-to-month,Electronic check,40.62,1736.27,Yes
CUST-03842,Female,0,65,No,No,Month-to-month,Electronic check,61.54,3464.83,No
CUST-03843,Female,0,50,Yes,DSL,One year,Bank transfer (automatic),25.43,1178.9,No
CUST-03844,Male,1,63,No,No,Month-to-month,Bank transfer (automatic),83.45,4517.19,Yes
CUST-03845,Male,0,7,No,DSL,Month-to-month,Electronic check,103.5,690.63,Yes
CUST-03846,Male,1,11,Yes,DSL,One year,Mailed check,54.74,577.19,No
CUST-03847,Male,0,58,Yes,Fiber optic,Two year,Bank transfer (automatic),64.15,3528.36,No
CUST-03848,Male,1,25,No,No,Month-to-month,Credit card (automatic),54.48,1273.0,No
CUST-03849,Male,0,29,Yes,Fiber optic,Month-to-month,Mailed check,94.94,2703.48,No
CUST-03850,Male,0,18,No,Fiber optic,Month-to-month,Bank transfer (automatic),106.75,1758.45,No
CUST-03851,Female,0,14,No,Fiber optic,Month-to-month,Mailed check,99.32,1380.67,No
CUST-03852,Male,1,30,No,DSL,Month-to-month,Mailed check,47.77,1329.81,Yes
CUST-03853,Male,0,42,Yes,No,One year,Mailed check,104.78,4397.12,No
CUST-03854,Female,0,68,Yes,DSL,One year,Credit card (automatic),99.88,6160.0,No
CUST-03855,Male,1,32,No,DSL,Two year,Electronic check,115.13,3492.35,No
CUST-03856,Male,0,28,Yes,Fiber optic,One year,Credit card (automatic),28.64,754.26,No
CUST-03857,Male,0,46,Yes,DSL,Two year,Electronic check,74.37,2985.24,Yes
CUST-03858,Male,1,60,Yes,DSL,One year,Credit card (automatic),99.47,5922.74,No
CUST-03859,Male,0,58,No,No,One year,Credit card (automatic),97.83,5618.26,No
CUST-03860,Female,0,52,No,No,Two year,Mailed check,52.44,2434.33,No
CUST-03861,Female,0,47,Yes,Fiber optic,Month-to-month,Mailed check,67.61,3119.14,Yes
CUST-03862,Male,0,19,No,No,Month-to-month,Bank transfer (automatic),79.35,1503.21,No
CUST-03863,Female,0,24,No,Fiber optic,Two year,Credit card (automatic),107.79,2236.35,No
CUST-03864,Male,0,23,No,DSL,Two year,Credit card (automatic),23.37,496.91,No
CUST-03865,Female,0,66,Yes,DSL,Two year,Electronic check,37.32,2447.61,No
CUST-03866,Male,0,29,No,No,Month-to-month,Electronic check,110.76,3163.86,Yes
CUST-03867,Female,0,27,No,No,One year,Credit card (automatic),39.92,943.6,No
CUST-03868,Male,0,26,Yes,No,One year,Electronic check,42.74,1045.68,No
CUST-03869,Male,0,53,No,DSL,Two year,Electronic check,89.86,4615.94,No
CUST-03870,Male,0,27,No,No,One year,Credit card (automatic),77.11,1883.99,No
CUST-03871,Male,0,9,Yes,DSL,Month-to-month,Electronic check,38.95,338.43,Yes
CUST-03872,Male,0,13,No,Fiber optic,Two year,Bank transfer (automatic),75.33,942.08,No
CUST-03873,Female,0,37,No,Fiber optic,One year,Electronic check,90.26,2985.94,No
CUST-03874,Female,0,28,Yes,No,Two year,Electronic check,110.21,2807.57,No
CUST-03875,Female,0,40,Yes,DSL,One year,Credit card (automatic),44.58,1641.03,No
CUST-03876,Female,0,26,No,DSL,One year,Mailed check,35.42,863.44,No
CUST-03877,Female,0,55,No,DSL,Month-to-month,Electronic check,31.8,1510.39,Yes
CUST-03878,Male,1,45,Yes,Fiber optic,One year,Credit card (automatic),22.57,1006.04,No
CUST-03879,Male,1,40,No,No,Month-to-month,Credit card (automatic),78.81,2969.62,No
CUST-03880,Male,0,62,No,Fiber optic,Two year,Electronic check,88.72,4767.69,No
CUST-03881,Female,1,41,No,DSL,Month-to-month,Credit card (automatic),88.17,3436.56,No
CUST-03882,Female,1,6,Yes,DSL,One year,Electronic check,89.98,466.08,No
CUST-03883,Female,0,62,Yes,Fiber optic,Two year,Credit card (automatic),45.99,2634.08,No
CUST-03884,Female,0,62,Yes,Fiber optic,Month-to-month,Credit card (automatic),24.27,1447.11,No
CUST-03885,Female,0,32,No,Fiber optic,One year,Electronic check,99.18,2769.68,No
CUST-03886,Male,0,53,No,Fiber optic,One year,Mailed check,114.37,5881.05,No
CUST-03887,Male,1,47,No,Fiber optic,Month-to-month,Bank transfer (automatic),51.69,2200.27,Yes
CUST-03888,Male,0,66,No,Fiber optic,Two year,Bank transfer (automatic),41.66,2573.19,No
CUST-03889,Female,1,54,No,DSL,Month-to-month,Bank transfer (automatic),50.65,2694.22,No
CUST-03890,Male,1,65,No,Fiber optic,Month-to-month,Electronic check,52.76,3056.85,No
CUST-03891,Male,1,62,No,No,Two year,Mailed check,50.57,3023.29,No
CUST-03892,Female,0,66,No,No,Two year,Mailed check,95.77,6009.07,No
CUST-03893,Male,0,47,Yes,Fiber optic,One year,Electronic check,63.75,2928.37,No
CUST-03894,Female,0,44,No,Fiber optic,Month-to-month,Mailed check,92.7,4011.44,Yes
CUST-03895,Female,1,72,No,Fiber optic,One year,Credit card (automatic),113.98,7041.04,No
CUST-03896,Male,0,59,Yes,No,Month-to-month,Credit card (automatic),37.4,2083.87,Yes
CUST-03897,Female,0,7,Yes,DSL,Month-to-month,Mailed check,22.19,134.15,No
CUST-03898,Male,0,37,Yes,Fiber optic,One year,Mailed check,111.71,4038.95,No
CUST-03899,Male,0,39,No,Fiber optic,Month-to-month,Mailed check,65.84,2299.12,No
CUST-03900,Male,0,3,Yes,Fiber optic,Two year,Credit card (automatic),51.88,144.86,No
CUST-03901,Female,0,65,No,Fiber optic,One year,Mailed check,48.52,2775.6,No
CUST-03902,Female,0,51,No,No,Month-to-month,Mailed check,20.14,1004.76,No
CUST-03903,Female,1,12,No,No,Month-to-month,Electronic check,115.0,1173.85,Yes
CUST-03904,Male,0,46,Yes,DSL,Two year,Electronic check,28.72,1196.82,No
CUST-03905,Male,0,24,No,DSL,Two year,Electronic check,115.21,2418.2,No
CUST-03906,Male,0,5,Yes,DSL,One year,Bank transfer (automatic),96.71,440.27,No
CUST-03907,Male,1,12,No,Fiber optic,Two year,Bank transfer (automatic),52.89,552.65,No
CUST-03908,Female,0,6,No,No,One year,Electronic check,37.37,223.38,No
CUST-03909,Male,1,71,No,Fiber optic,Two year,Electronic check,90.66,6229.36,No
CUST-03910,Female,1,44,No,No,Month-to-month,Electronic check,110.28,4221.15,Yes
CUST-03911,Female,0,30,Yes,DSL,Month-to-month,Credit card (automatic),102.74,2686.44,No
CUST-03912,Female,0,37,No,DSL,Month-to-month,Mailed check,83.24,2900.41,No
CUST-03913,Male,0,68,No,DSL,One year,Credit card (automatic),79.67,4868.33,Yes
CUST-03914,Female,0,33,Yes,No,One year,Credit card (automatic),32.56,924.96,No
CUST-03915,Female,0,40,No,DSL,One year,Mailed check,59.8,2301.49,No
CUST-03916,Male,0,31,No,No,One year,Credit card (automatic),119.99,3611.31,No
CUST-03917,Female,0,50,No,Fiber optic,Two year,Mailed check,75.12,3581.64,No
CUST-03918,Female,0,7,Yes,Fiber optic,Month-to-month,Credit card (automatic),59.45,357.83,No
CUST-03919,Female,0,58,Yes,Fiber optic,Month-to-month,Bank transfer (automatic),42.18,2079.81,No
CUST-03920,Female,0,39,Yes,Fiber optic,Two year,Mailed check,74.12,2847.21,No
CUST-03921,Female,1,30,Yes,Fiber optic,One year,Bank transfer (automatic),41.3,1184.09,No
CUST-03922,Female,0,29,No,No,Month-to-month,Electronic check,71.7,2069.33,No
CUST-03923,Male,0,65,No,No,One year,Electronic check,93.6,5498.8,No
CUST-03924,Male,0,25,No,No,One year,Bank transfer (automatic),34.22,780.08,No
CUST-03925,Male,1,13,No,DSL,One year,Electronic check,115.36,1336.81,No
CUST-03926,Male,0,50,Yes,DSL,Month-to-month,Electronic check,67.39,3007.97,No
CUST-03927,Male,0,9,Yes,No,Two year,Electronic check,95.45,839.88,No
CUST-03928,Male,0,51,No,DSL,One year,Bank transfer (automatic),48.08,2405.94,No
CUST-03929,Male,0,5,No,DSL,Two year,Credit card (automatic),115.74,544.99,No
CUST-03930,Female,0,13,No,Fiber optic,Two year,Mailed check,79.67,979.07,No
CUST-03931,Female,0,57,No,DSL,One year,Electronic check,73.39,3688.01,No
CUST-03932,Male,0,13,No,No,Two year,Bank transfer (automatic),111.26,1380.81,No
CUST-03933,Female,0,1,Yes,Fiber optic,One year,Bank transfer (automatic),78.2,66.63,Yes
CUST-03934,Male,0,57,Yes,DSL,Two year,Bank transfer (automatic),28.4,1427.83,No
CUST-03935,Female,0,20,Yes,DSL,One year,Electronic check,92.18,1652.08,Yes
CUST-03936,Male,0,59,No,DSL,One year,Mailed check,20.55,1200.12,No
CUST-03937,Female,0,31,No,DSL,Month-to-month,Credit card (automatic),116.44,3443.12,No
CUST-03938,Male,1,5,No,Fiber optic,Two year,Electronic check,25.69,116.92,No
CUST-03939,Male,0,19,Yes,No,Month-to-month,Mailed check,118.89,2104.04,No
CUST-03940,Male,0,5,No,Fiber optic,Month-to-month,Bank transfer (automatic),97.43,417.53,No
CUST-03941,Male,1,2,Yes,DSL,One year,Electronic check,44.91,85.11,Yes
CUST-03942,Female,0,12,No,Fiber optic,Month-to-month,Credit card (automatic),105.96,1129.14,Yes
CUST-03943,Female,1,65,Yes,Fiber optic,Two year,Credit card (automatic),36.51,2323.89,No
CUST-03944,Female,1,56,No,DSL,Month-to-month,Bank transfer (automatic),38.25,1927.19,No
CUST-03945,Male,1,43,Yes,No,Month-to-month,Bank transfer (automatic),23.12,917.17,No
CUST-03946,Female,0,22,No,No,Month-to-month,Bank transfer (automatic),39.02,756.85,Yes
CUST-03947,Male,0,18,Yes,DSL,One year,Electronic check,75.6,1208.66,No
CUST-03948,Male,0,59,Yes,Fiber optic,Month-to-month,Electronic check,107.59,5977.53,No
CUST-03949,Female,1,45,No,Fiber optic,Two year,Bank transfer (automatic),106.15,4201.78,No
CUST-03950,Male,0,56,Yes,No,Two year,Bank transfer (automatic),69.11,3720.27,No
CUST-03951,Female,0,12,No,DSL,Two year,Bank transfer (automatic),85.95,1014.26,No
CUST-03952,Male,0,33,Yes,No,One year,Mailed check,65.72,1890.81,No
CUST-03953,Female,0,13,No,Fiber optic,Month-to-month,Credit card (automatic),48.36,554.76,No
CUST-03954,Male,0,44,Yes,DSL,Month-to-month,Electronic check,38.76,1544.95,Yes
CUST-03955,Male,1,49,Yes,No,One year,Electronic check,21.14,1013.62,No
CUST-03956,Male,1,10,Yes,Fiber optic,One year,Electronic check,96.35,839.13,No
CUST-03957,Male,1,43,Yes,DSL,One year,Electronic check,69.8,2564.21,No
CUST-03958,Female,1,70,Yes,Fiber optic,One year,Mailed check,82.79,5569.9,No
CUST-03959,Male,0,53,Yes,Fiber optic,Two year,Credit card (automatic),88.96,4433.16,No
CUST-03960,Male,0,52,No,DSL,One year,Electronic check,30.6,1370.89,No
CUST-03961,Male,1,50,No,No,Month-to-month,Bank transfer (automatic),44.07,2113.52,No
CUST-03962,Female,0,13,No,No,Month-to-month,Mailed check,38.08,480.46,No
CUST-03963,Male,0,42,No,No,One year,Mailed check,30.22,1151.16,Yes
CUST-03964,Male,0,18,No,No,Month-to-month,Electronic check,59.28,939.91,No
CUST-03965,Female,1,20,Yes,Fiber optic,One year,Mailed check,76.14,1490.46,Yes
CUST-03966,Female,0,71,No,No,Two year,Electronic check,61.68,4105.26,No
CUST-03967,Male,0,35,Yes,DSL,Two year,Electronic check,92.87,3040.89,No
CUST-03968,Female,0,71,No,Fiber optic,Month-to-month,Electronic check,90.47,6120.12,Yes
CUST-03969,Male,0,48,No,No,One year,Credit card (automatic),60.28,2625.66,No
CUST-03970,Female,0,58,No,Fiber optic,Month-to-month,Mailed check,85.22,4436.9,No
CUST-03971,Female,0,58,Yes,Fiber optic,Two year,Credit card (automatic),23.36,1293.45,No
CUST-03972,Female,0,9,No,DSL,One year,Bank transfer (automatic),108.71,874.21,No
CUST-03973,Female,0,29,Yes,DSL,One year,Credit card (automatic),84.3,2178.71,No
CUST-03974,Male,0,65,Yes,Fiber optic,Two year,Mailed check,82.35,4758.83,No
CUST-03975,Male,0,21,Yes,No,Two year,Bank transfer (automatic),36.31,758.58,No
CUST-03976,Female,0,36,No,No,Month-to-month,Credit card (automatic),108.42,3611.51,Yes
CUST-03977,Female,0,16,Yes,No,Two year,Electronic check,25.52,388.03,No
CUST-03978,Male,0,64,No,Fiber optic,Two year,Bank transfer (automatic),39.02,2369.84,No
CUST-03979,Male,0,38,Yes,Fiber optic,One year,Credit card (automatic),61.62,2093.91,No
CUST-03980,Male,1,33,Yes,DSL,One year,Credit card (automatic),38.4,1200.44,Yes
CUST-03981,Female,1,67,No,Fiber optic,Two year,Bank transfer (automatic),65.6,4325.25,No
CUST-03982,Male,0,34,No,Fiber optic,One year,Mailed check,71.63,2432.48,No
CUST-03983,Male,0,58,No,DSL,Two year,Credit card (automatic),40.66,2094.11,No
CUST-03984,Male,1,56,No,Fiber optic,One year,Bank transfer (automatic),67.0,3469.73,No
CUST-03985,Female,0,66,No,DSL,Month-to-month,Mailed check,116.95,7187.9,No
CUST-03986,Female,0,54,No,Fiber optic,Two year,Mailed check,21.84,1032.46,No
CUST-03987,Female,0,69,No,DSL,One year,Credit card (automatic),118.59,7199.62,No
CUST-03988,Female,1,65,Yes,DSL,One year,Mailed check,86.83,5582.91,No
CUST-03989,Female,0,44,No,DSL,One year,Credit card (automatic),35.4,1376.89,No
CUST-03990,Female,1,7,No,No,Two year,Electronic check,118.66,817.2,No
CUST-03991,Female,0,42,Yes,Fiber optic,One year,Electronic check,60.95,2417.91,No
CUST-03992,Male,0,60,Yes,DSL,One year,Credit card (automatic),84.81,4617.65,No
CUST-03993,Female,0,13,Yes,Fiber optic,One year,Mailed check,43.91,497.02,No
CUST-03994,Male,0,61,No,No,One year,Bank transfer (automatic),81.86,4348.65,No
CUST-03995,Female,0,11,Yes,Fiber optic,Month-to-month,Mailed check,32.06,332.13,No
CUST-03996,Female,0,59,Yes,No,Two year,Credit card (automatic),94.08,4955.3,No
CUST-03997,Male,1,5,Yes,DSL,Month-to-month,Bank transfer (automatic),41.4,193.34,Yes
CUST-03998,Female,0,55,Yes,No,Two year,Electronic check,92.0,4664.81,No
CUST-03999,Male,0,36,Yes,No,One year,Credit card (automatic),64.8,2069.47,No
CUST-04000,Female,0,70,No,No,Month-to-month,Credit card (automatic),30.26,1949.95,No
CUST-04001,Male,1,26,Yes,No,One year,Electronic check,23.05,511.67,No
CUST-04002,Male,0,12,Yes,DSL,One year,Credit card (automatic),58.83,626.16,No
CUST-04003,Female,0,26,No,No,Month-to-month,Credit card (automatic),104.68,2455.4,Yes
CUST-04004,Male,0,57,No,No,Month-to-month,Mailed check,93.17,4564.51,No
CUST-04005,Male,0,60,No,Fiber optic,Two year,Credit card (automatic),74.56,4378.93,No
CUST-04006,Female,0,67,No,No,Two year,Credit card (automatic),22.19,1360.52,No
CUST-04007,Female,0,58,No,No,Two year,Credit card (automatic),36.54,2048.41,No
CUST-04008,Male,0,63,Yes,Fiber optic,Two year,Electronic check,67.66,3658.8,No
CUST-04009,Female,1,34,No,Fiber optic,Two year,Credit card (automatic),30.96,914.36,No
CUST-04010,Female,1,26,Yes,No,Month-to-month,Credit card (automatic),72.68,1720.42,Yes
CUST-04011,Female,0,50,Yes,DSL,Month-to-month,Bank transfer (automatic),79.65,3650.97,No
CUST-04012,Male,0,63,No,No,Month-to-month,Mailed check,83.32,4831.09,Yes
CUST-04013,Male,0,25,No,No,Month-to-month,Bank transfer (automatic),119.35,2822.55,No
CUST-04014,Male,0,28,No,No,Month-to-month,Credit card (automatic),80.4,2216.74,Yes
CUST-04015,Male,1,25,Yes,DSL,Two year,Electronic check,96.05,2221.83,No
CUST-04016,Male,0,66,Yes,DSL,Two year,Bank transfer (automatic),64.68,4146.14,No
CUST-04017,Male,0,61,Yes,No,Two year,Credit card (automatic),106.32,5576.29,No
CUST-04018,Female,1,28,No,No,Two year,Electronic check,90.73,2389.21,No
CUST-04019,Female,0,23,No,No,Two year,Credit card (automatic),98.74,1997.29,No
CUST-04020,Female,0,17,No,DSL,One year,Bank transfer (automatic),40.27,656.43,No
CUST-04021,Male,0,25,Yes,No,Month-to-month,Credit card (automatic),40.3,908.06,No
CUST-04022,Female,0,38,Yes,No,One year,Mailed check,69.75,2481.89,No
CUST-04023,Female,0,17,No,Fiber optic,One year,Credit card (automatic),102.24,1508.46,No
CUST-04024,Female,0,66,Yes,DSL,Two year,Credit card (automatic),46.55,2717.71,No
CUST-04025,Female,1,16,Yes,No,One year,Mailed check,101.01,1405.3,No
CUST-04026,Male,0,66,No,Fiber optic,Two year,Credit card (automatic),103.38,6030.96,No
CUST-04027,Male,0,12,Yes,DSL,Month-to-month,Electronic check,24.76,262.56,Yes
CUST-04028,Female,1,60,No,Fiber optic,Month-to-month,Credit card (automatic),84.57,4947.84,No
CUST-04029,Female,0,39,No,No,Two year,Mailed check,35.0,1196.3,No
CUST-04030,Female,0,12,Yes,No,Two year,Mailed check,42.27,493.4,No
CUST-04031,Male,0,69,Yes,No,Month-to-month,Credit card (automatic),61.01,3934.58,No
CUST-04032,Female,0,46,No,Fiber optic,One year,Bank transfer (automatic),86.19,3787.26,No
CUST-04033,Female,0,54,Yes,No,Two year,Electronic check,59.76,2877.38,No
CUST-04034,Female,0,56,Yes,No,Two year,Mailed check,70.51,3735.01,No
CUST-04035,Female,1,20,Yes,DSL,One year,Credit card (automatic),30.77,554.72,No
CUST-04036,Female,0,19,Yes,DSL,Two year,Bank transfer (automatic),57.38,1010.03,No
CUST-04037,Male,0,8,Yes,No,Two year,Bank transfer (automatic),34.33,242.21,No
CUST-04038,Male,0,31,No,No,Two year,Credit card (automatic),28.62,781.03,No
CUST-04039,Male,1,50,No,No,Two year,Electronic check,44.04,2131.15,No
CUST-04040,Female,0,45,No,No,One year,Bank transfer (automatic),109.23,4179.64,No
CUST-04041,Female,1,68,Yes,Fiber optic,One year,Mailed check,91.11,5698.6,No
CUST-04042,Male,0,33,Yes,DSL,One year,Electronic check,80.1,2458.63,No
CUST-04043,Male,0,4,No,No,Month-to-month,Mailed check,108.05,379.37,No
CUST-04044,Female,0,49,Yes,No,One year,Mailed check,59.25,2468.27,No
CUST-04045,Female,0,24,No,Fiber optic,Two year,Mailed check,93.39,2173.97,No
CUST-04046,Male,0,17,Yes,No,Month-to-month,Electronic check,98.12,1653.07,Yes
CUST-04047,Female,1,32,No,Fiber optic,Two year,Mailed check,71.89,2002.44,No
CUST-04048,Female,1,26,Yes,DSL,Two year,Credit card (automatic),92.94,2111.76,No
CUST-04049,Female,0,3,No,DSL,Month-to-month,Electronic check,48.01,130.93,Yes
CUST-04050,Male,0,8,No,Fiber optic,Two year,Bank transfer (automatic),65.69,475.0,No
CUST-04051,Male,1,14,No,DSL,Month-to-month,Electronic check,61.9,742.71,Yes
CUST-04052,Female,0,58,Yes,No,One year,Mailed check,119.58,5928.91,No
CUST-04053,Female,0,55,No,No,Month-to-month,Mailed check,84.02,4251.91,No
CUST-04054,Male,0,39,No,Fiber optic,Two year,Bank transfer (automatic),110.35,3924.64,No
CUST-04055,Female,0,22,No,Fiber optic,Two year,Mailed check,31.86,666.34,No
CUST-04056,Male,1,17,No,DSL,Month-to-month,Mailed check,107.2,1549.26,No
CUST-04057,Male,0,15,No,No,Month-to-month,Electronic check,99.05,1311.06,Yes
CUST-04058,Female,1,20,No,Fiber optic,Two year,Electronic check,36.42,724.47,No
CUST-04059,Male,0,16,Yes,No,One year,Bank transfer (automatic),85.55,1336.07,Yes
CUST-04060,Male,0,31,No,No,Two year,Mailed check,102.93,3069.44,No
CUST-04061,Female,0,61,No,No,Two year,Mailed check,94.4,5030.21,No
CUST-04062,Male,0,38,Yes,DSL,Month-to-month,Mailed check,48.31,1781.21,No
CUST-04063,Male,0,62,No,DSL,Month-to-month,Bank transfer (automatic),23.3,1416.88,Yes
CUST-04064,Male,1,3,No,DSL,Two year,Electronic check,110.58,315.22,No
CUST-04065,Male,0,65,Yes,Fiber optic,Month-to-month,Credit card (automatic),57.4,3409.88,Yes
CUST-04066,Male,0,29,No,Fiber optic,One year,Bank transfer (automatic),119.54,3026.37,No
CUST-04067,Female,0,56,Yes,No,Month-to-month,Mailed check,65.19,3231.02,No
CUST-04068,Female,1,39,Yes,DSL,Two year,Credit card (automatic),89.06,3166.89,No
CUST-04069,Male,0,65,Yes,DSL,One year,Credit card (automatic),84.39,5301.5,No
CUST-04070,Male,0,64,No,No,One year,Credit card (automatic),106.48,6234.18,No
CUST-04071,Female,1,71,No,No,One year,Credit card (automatic),28.68,1927.14,No
CUST-04072,Male,1,49,No,DSL,One year,Electronic check,57.78,2684.52,No
CUST-04073,Male,0,50,Yes,No,One year,Bank transfer (automatic),114.21,5213.0,No
CUST-04074,Male,1,10,No,No,Two year,Bank transfer (automatic),96.99,966.83,No
CUST-04075,Female,0,48,Yes,No,Month-to-month,Bank transfer (automatic),61.52,2695.36,No
CUST-04076,Male,1,20,No,Fiber optic,Two year,Electronic check,53.92,968.91,No
CUST-04077,Female,1,45,Yes,No,Month-to-month,Mailed check,31.7,1272.27,Yes
CUST-04078,Male,0,60,No,DSL,Month-to-month,Mailed check,56.38,3332.02,No
CUST-04079,Male,1,52,No,Fiber optic,One year,Bank transfer (automatic),32.63,1693.01,No
CUST-04080,Male,1,36,Yes,Fiber optic,Two year,Credit card (automatic),73.03,2473.42,No
CUST-04081,Male,0,15,No,No,Two year,Mailed check,71.32,1054.8,No
CUST-04082,Female,0,55,No,No,One year,Electronic check,30.47,1565.64,No
CUST-04083,Male,0,53,No,No,One year,Electronic check,90.58,4609.88,No
CUST-04084,Male,0,19,Yes,Fiber optic,Two year,Mailed check,36.44,680.56,No
CUST-04085,Male,0,24,No,DSL,Two year,Mailed check,91.64,2138.69,No
CUST-04086,Male,0,64,No,DSL,Month-to-month,Credit card (automatic),88.05,5190.36,No
CUST-04087,Female,0,49,Yes,Fiber optic,Two year,Electronic check,34.28,1653.6,No
CUST-04088,Male,0,62,Yes,No,Month-to-month,Bank transfer (automatic),55.56,3154.76,No
CUST-04089,Female,0,72,Yes,DSL,Two year,Bank transfer (automatic),45.14,2938.53,No
CUST-04090,Male,0,13,No,Fiber optic,Month-to-month,Credit card (automatic),47.49,614.97,No
CUST-04091,Male,1,61,Yes,Fiber optic,Month-to-month,Bank transfer (automatic),27.47,1443.43,Yes
CUST-04092,Female,1,18,No,DSL,Month-to-month,Electronic check,77.24,1256.67,Yes
CUST-04093,Female,0,34,No,Fiber optic,One year,Electronic check,34.25,1043.69,No
CUST-04094,Male,1,28,No,Fiber optic,One year,Mailed check,25.04,660.5,Yes
CUST-04095,Male,0,47,Yes,No,One year,Bank transfer (automatic),29.27,1323.21,No
CUST-04096,Female,1,26,No,No,Month-to-month,Mailed check,74.55,1692.49,Yes
CUST-04097,Female,0,53,No,No,Month-to-month,Credit card (automatic),90.07,4621.99,No
CUST-04098,Male,0,62,No,No,One year,Mailed check,110.82,6608.16,No
CUST-04099,Female,0,36,No,DSL,Month-to-month,Bank transfer (automatic),69.1,2349.06,No
CUST-04100,Male,1,25,Yes,DSL,One year,Credit card (automatic),51.97,1270.38,No
CUST-04101,Female,0,25,Yes,Fiber optic,One year,Bank transfer (automatic),60.62,1306.87,No
CUST-04102,Female,0,38,Yes,DSL,One year,Mailed check,25.44,929.02,Yes
CUST-04103,Male,0,37,Yes,Fiber optic,Two year,Bank transfer (automatic),118.06,3726.43,No
CUST-04104,Male,0,22,No,Fiber optic,Two year,Bank transfer (automatic),75.32,1550.89,No
CUST-04105,Female,0,46,Yes,No,One year,Bank transfer (automatic),81.12,3456.3,No
CUST-04106,Male,0,18,Yes,DSL,Month-to-month,Electronic check,30.97,506.56,Yes
CUST-04107,Male,0,24,No,Fiber optic,Month-to-month,Mailed check,66.7,1489.95,Yes
CUST-04108,Female,1,45,Yes,No,Two year,Credit card (automatic),22.16,920.51,No
CUST-04109,Female,0,33,No,No,Month-to-month,Mailed check,69.25,2038.53,Yes
CUST-04110,Female,1,6,Yes,DSL,One year,Bank transfer (automatic),59.57,348.66,Yes
CUST-04111,Male,0,49,Yes,No,One year,Credit card (automatic),111.86,5128.6,No
CUST-04112,Female,0,59,No,Fiber optic,Two year,Mailed check,106.99,5546.76,No
CUST-04113,Female,1,25,No,No,One year,Electronic check,24.57,547.0,No
CUST-04114,Male,0,34,Yes,Fiber optic,One year,Mailed check,39.0,1172.41,No
CUST-04115,Male,0,54,No,DSL,Month-to-month,Mailed check,89.42,4664.67,No
CUST-04116,Female,0,43,No,DSL,Two year,Mailed check,98.28,3756.66,No
CUST-04117,Female,0,21,Yes,DSL,Month-to-month,Credit card (automatic),101.63,2097.34,No
CUST-04118,Male,0,43,No,No,One year,Mailed check,91.08,3713.58,No
CUST-04119,Male,0,19,No,DSL,Two year,Mailed check,116.16,1977.91,No
CUST-04120,Female,1,26,Yes,Fiber optic,Two year,Electronic check,109.09,2685.58,Yes
CUST-04121,Female,0,54,Yes,No,One year,Mailed check,116.82,5659.41,No
CUST-04122,Male,0,50,Yes,No,Month-to-month,Credit card (automatic),65.42,3168.06,No
CUST-04123,Male,0,40,No,No,Two year,Electronic check,62.36,2465.43,No
CUST-04124,Male,0,56,Yes,No,One year,Electronic check,40.6,2152.96,No
CUST-04125,Male,0,35,Yes,No,One year,Mailed check,90.94,2959.31,No
CUST-04126,Male,1,68,No,Fiber optic,Two year,Mailed check,86.29,5282.63,No
CUST-04127,Female,0,44,Yes,No,Two year,Bank transfer (automatic),99.96,3962.57,No
CUST-04128,Female,0,40,Yes,DSL,Two year,Electronic check,81.67,2783.62,No
CUST-04129,Male,1,56,No,No,One year,Electronic check,20.48,1135.13,No
CUST-04130,Female,0,46,Yes,DSL,Two year,Bank transfer (automatic),116.87,5332.0,No
CUST-04131,Male,0,60,No,No,One year,Credit card (automatic),111.95,6364.55,No
CUST-04132,Male,0,61,Yes,No,Month-to-month,Credit card (automatic),97.7,5377.56,No
CUST-04133,Female,0,63,Yes,No,Two year,Mailed check,115.66,6359.7,No
CUST-04134,Male,0,24,No,No,One year,Electronic check,86.78,1906.75,No
CUST-04135,Female,1,42,No,Fiber optic,Two year,Mailed check,52.99,1897.5,No
CUST-04136,Male,0,15,No,No,Month-to-month,Credit card (automatic),44.19,628.73,No
CUST-04137,Male,0,30,No,Fiber optic,Month-to-month,Electronic check,102.17,3002.07,No
CUST-04138,Female,0,42,No,Fiber optic,One year,Mailed check,66.08,2447.39,No
CUST-04139,Male,0,42,No,Fiber optic,One year,Bank transfer (automatic),35.58,1443.28,No
CUST-04140,Female,0,60,Yes,No,Two year,Mailed check,30.57,1751.25,No
CUST-04141,Male,0,15,Yes,DSL,Month-to-month,Credit card (automatic),37.85,553.62,No
CUST-04142,Male,0,50,Yes,Fiber optic,One year,Bank transfer (automatic),24.25,1056.42,No
CUST-04143,Female,0,46,Yes,No,Month-to-month,Credit card (automatic),86.04,3637.73,No
CUST-04144,Male,0,63,Yes,No,Two year,Mailed check,63.1,3520.88,No
CUST-04145,Male,0,71,Yes,Fiber optic,Month-to-month,Electronic check,48.95,3236.07,No
CUST-04146,Female,0,17,Yes,DSL,Month-to-month,Credit card (automatic),97.09,1431.55,Yes
CUST-04147,Female,0,66,Yes,DSL,One year,Electronic check,89.0,5157.98,No
CUST-04148,Female,0,55,No,Fiber optic,One year,Mailed check,75.3,4113.18,No
CUST-04149,Female,0,18,Yes,Fiber optic,Two year,Electronic check,112.91,1750.63,No
CUST-04150,Female,0,37,Yes,Fiber optic,Month-to-month,Bank transfer (automatic),50.2,1828.17,No
CUST-04151,Male,1,9,Yes,Fiber optic,Two year,Mailed check,51.36,409.43,No
CUST-04152,Male,0,13,Yes,DSL,Two year,Bank transfer (automatic),119.93,1460.22,No
CUST-04153,Female,0,28,No,No,One year,Bank transfer (automatic),96.28,2490.13,No
CUST-04154,Male,1,51,Yes,No,Month-to-month,Credit card (automatic),83.94,3733.46,No
CUST-04155,Male,0,39,Yes,Fiber optic,Month-to-month,Electronic check,92.36,3158.42,Yes
CUST-04156,Female,1,64,Yes,DSL,One year,Mailed check,83.53,4680.24,Yes
CUST-04157,Female,0,54,No,No,Two year,Electronic check,58.45,2742.07,No
CUST-04158,Male,0,38,No,Fiber optic,One year,Mailed check,39.4,1327.41,No
CUST-04159,Female,0,32,No,Fiber optic,Month-to-month,Bank transfer (automatic),94.78,2907.87,Yes
CUST-04160,Male,1,62,Yes,No,Two year,Mailed check,28.32,1504.24,No
CUST-04161,Female,1,34,No,DSL,One year,Electronic check,118.54,3826.31,No
CUST-04162,Male,0,56,Yes,No,Two year,Bank transfer (automatic),104.28,5226.93,No
CUST-04163,Male,0,31,Yes,Fiber optic,Month-to-month,Bank transfer (automatic),81.2,2499.89,Yes
CUST-04164,Male,0,26,No,No,Two year,Credit card (automatic),102.59,2278.74,No
CUST-04165,Female,0,11,Yes,No,Month-to-month,Credit card (automatic),79.25,779.86,Yes
CUST-04166,Male,0,30,No,DSL,Month-to-month,Bank transfer (automatic),108.43,3010.03,No
CUST-04167,Female,1,24,No,Fiber optic,Two year,Mailed check,63.96,1379.15,No
CUST-04168,Male,0,40,Yes,DSL,One year,Bank transfer (automatic),83.86,3053.95,No
CUST-04169,Female,0,51,Yes,DSL,Month-to-month,Bank transfer (automatic),65.25,3084.38,No
CUST-04170,Female,0,62,No,No,One year,Bank transfer (automatic),28.11,1502.18,No
CUST-04171,Female,0,59,Yes,Fiber optic,Two year,Credit card (automatic),66.59,3520.35,No
CUST-04172,Male,0,9,No,DSL,Month-to-month,Electronic check,67.76,595.36,Yes
CUST-04173,Female,0,72,No,DSL,Month-to-month,Electronic check,26.94,1715.35,No
CUST-04174,Male,1,39,Yes,DSL,Two year,Mailed check,59.96,2056.61,No
CUST-04175,Male,1,63,No,No,Month-to-month,Credit card (automatic),44.24,2616.43,No
CUST-04176,Female,0,71,No,DSL,Month-to-month,Credit card (automatic),64.97,3945.98,Yes
CUST-04177,Female,0,17,Yes,No,Two year,Mailed check,35.17,516.53,No
CUST-04178,Female,0,10,Yes,No,Month-to-month,Mailed check,60.3,536.79,Yes
CUST-04179,Male,0,3,No,DSL,Month-to-month,Electronic check,35.91,93.58,Yes
CUST-04180,Female,1,22,No,No,Two year,Electronic check,88.36,1654.94,No
CUST-04181,Female,0,51,Yes,DSL,One year,Mailed check,89.63,4156.66,No
CUST-04182,Female,0,71,No,DSL,Two year,Electronic check,91.37,5820.12,No
CUST-04183,Male,1,9,Yes,No,One year,Credit card (automatic),71.26,562.55,No
CUST-04184,Female,0,7,No,Fiber optic,Two year,Electronic check,117.46,770.96,No
CUST-04185,Female,0,23,No,DSL,Month-to-month,Electronic check,46.25,1034.57,No
CUST-04186,Male,0,17,Yes,Fiber optic,Two year,Bank transfer (automatic),109.08,1636.86,No
CUST-04187,Male,0,30,Yes,Fiber optic,Two year,Bank transfer (automatic),79.96,2181.8,No
CUST-04188,Female,1,36,No,DSL,Two year,Mailed check,66.54,2364.27,No
CUST-04189,Male,0,30,Yes,Fiber optic,Month-to-month,Credit card (automatic),75.09,2037.52,No
CUST-04190,Female,1,21,Yes,Fiber optic,Month-to-month,Bank transfer (automatic),91.13,1784.02,No
CUST-04191,Female,0,63,No,No,Month-to-month,Bank transfer (automatic),61.56,3373.42,No
CUST-04192,Female,0,71,No,DSL,Two year,Electronic check,33.75,2144.73,No
CUST-04193,Female,0,5,Yes,No,One year,Mailed check,114.49,538.9,No
CUST-04194,Male,0,5,No,No,Month-to-month,Credit card (automatic),68.25,324.01,Yes
CUST-04195,Female,0,19,No,Fiber optic,Two year,Mailed check,116.24,2071.92,No
CUST-04196,Female,1,54,Yes,No,Two year,Electronic check,53.15,2572.82,No
CUST-04197,Male,0,30,Yes,DSL,Two year,Credit card (automatic),70.67,1867.41,No
CUST-04198,Male,0,72,Yes,DSL,Month-to-month,Electronic check,98.83,6915.1,No
CUST-04199,Female,0,44,Yes,Fiber optic,One year,Mailed check,69.54,2903.68,No
CUST-04200,Male,0,23,No,Fiber optic,Two year,Electronic check,109.35,2307.62,No
CUST-04201,Female,0,17,Yes,No,One year,Credit card (automatic),105.61,1724.91,No
CUST-04202,Female,0,61,Yes,No,Month-to-month,Electronic check,38.05,2168.21,No
CUST-04203,Female,0,66,Yes,No,Two year,Mailed check,96.18,5403.2,No
CUST-04204,Female,0,71,No,No,Two year,Credit card (automatic),119.74,7419.08,No
CUST-04205,Female,0,52,Yes,DSL,One year,Electronic check,72.86,3473.79,No
CUST-04206,Female,1,64,Yes,Fiber optic,Two year,Bank transfer (automatic),59.64,3583.66,No
CUST-04207,Female,1,62,Yes,DSL,Two year,Electronic check,99.93,5983.3,Yes
CUST-04208,Female,0,15,Yes,Fiber optic,Two year,Electronic check,96.26,1411.04,No
CUST-04209,Male,1,25,No,Fiber optic,One year,Mailed check,110.79,2599.01,No
CUST-04210,Female,0,63,Yes,No,One year,Credit card (automatic),103.0,5885.16,No
CUST-04211,Male,1,49,Yes,Fiber optic,Two year,Credit card (automatic),59.17,2588.4,No
CUST-04212,Male,0,66,Yes,DSL,Month-to-month,Electronic check,118.18,6988.64,No
CUST-04213,Female,0,5,Yes,Fiber optic,Two year,Electronic check,117.3,554.0,No
CUST-04214,Male,0,29,Yes,Fiber optic,Two year,Electronic check,52.51,1413.69,No
CUST-04215,Male,0,72,No,DSL,Two year,Bank transfer (automatic),117.35,7914.64,No
CUST-04216,Male,0,24,No,Fiber optic,One year,Credit card (automatic),89.02,1956.85,No
CUST-04217,Male,1,43,No,Fiber optic,Month-to-month,Mailed check,108.99,4125.81,No
CUST-04218,Male,0,3,No,No,Two year,Electronic check,79.79,236.99,No
CUST-04219,Female,0,47,No,No,One year,Mailed check,26.28,1180.31,No
CUST-04220,Male,0,25,No,DSL,Month-to-month,Bank transfer (automatic),93.75,2138.68,Yes
CUST-04221,Female,0,14,No,Fiber optic,Month-to-month,Credit card (automatic),43.78,590.4,Yes
CUST-04222,Female,0,19,No,No,Two year,Electronic check,107.81,1984.89,No
CUST-04223,Male,0,25,Yes,No,One year,Mailed check,31.44,699.66,No
CUST-04224,Female,0,8,No,DSL,One year,Credit card (automatic),72.75,511.89,No
CUST-04225,Male,0,49,No,No,One year,Electronic check,22.9,1039.26,No
CUST-04226,Female,0,7,No,DSL,One year,Mailed check,93.98,612.46,Yes
CUST-04227,Female,1,17,No,Fiber optic,Month-to-month,Electronic check,26.92,456.91,Yes
CUST-04228,Male,0,38,Yes,DSL,Month-to-month,Electronic check,77.19,2499.25,Yes
CUST-04229,Male,0,52,Yes,Fiber optic,One year,Electronic check,20.18,958.89,No
CUST-04230,Male,0,50,Yes,Fiber optic,Two year,Mailed check,106.46,5097.88,No
CUST-04231,Female,0,37,No,DSL,Month-to-month,Mailed check,92.61,3408.44,Yes
CUST-04232,Female,1,52,No,Fiber optic,Two year,Credit card (automatic),66.1,3191.27,No
CUST-04233,Female,1,12,Yes,No,Month-to-month,Mailed check,90.3,972.0,Yes
CUST-04234,Male,0,59,Yes,Fiber optic,Month-to-month,Electronic check,81.75,4591.99,No
CUST-04235,Male,0,69,Yes,Fiber optic,Two year,Electronic check,91.81,6079.72,No
CUST-04236,Male,0,25,Yes,DSL,Two year,Bank transfer (automatic),63.93,1529.41,No
CUST-04237,Male,1,62,Yes,Fiber optic,Month-to-month,Credit card (automatic),92.29,5447.62,No
CUST-04238,Male,1,63,No,No,One year,Credit card (automatic),57.73,3135.05,No
CUST-04239,Female,0,67,Yes,DSL,Two year,Credit card (automatic),88.91,5638.76,No
CUST-04240,Male,0,49,No,No,Two year,Bank transfer (automatic),56.77,2739.08,No
CUST-04241,Female,0,40,No,Fiber optic,Month-to-month,Mailed check,60.85,2420.99,Yes
CUST-04242,Male,0,11,Yes,DSL,One year,Electronic check,68.7,704.43,Yes
CUST-04243,Male,0,72,Yes,Fiber optic,Two year,Mailed check,68.42,4838.32,No
CUST-04244,Male,0,12,Yes,DSL,Two year,Credit card (automatic),50.75,597.31,No
CUST-04245,Female,0,11,Yes,Fiber optic,Two year,Credit card (automatic),88.68,938.39,No
CUST-04246,Male,0,29,Yes,DSL,Month-to-month,Bank transfer (automatic),91.63,2428.87,No
CUST-04247,Female,0,45,No,Fiber optic,One year,Electronic check,116.04,4476.28,No
CUST-04248,Female,1,9,Yes,Fiber optic,Two year,Bank transfer (automatic),35.88,292.77,No
CUST-04249,Female,1,19,Yes,DSL,Two year,Mailed check,62.07,1093.34,No
CUST-04250,Female,0,14,Yes,DSL,One year,Credit card (automatic),74.37,995.26,No
CUST-04251,Female,0,59,No,Fiber optic,Month-to-month,Bank transfer (automatic),87.31,4458.2,No
CUST-04252,Male,0,26,No,Fiber optic,One year,Mailed check,22.59,571.26,No
CUST-04253,Female,0,46,Yes,Fiber optic,One year,Bank transfer (automatic),115.79,4940.0,No
CUST-04254,Female,0,16,No,No,Two year,Credit card (automatic),108.04,1615.19,No
CUST-04255,Female,0,63,No,Fiber optic,Two year,Credit card (automatic),24.05,1302.34,No
CUST-04256,Male,0,29,No,Fiber optic,Two year,Electronic check,56.94,1512.01,No
CUST-04257,Male,0,69,Yes,No,Month-to-month,Bank transfer (automatic),69.22,4282.39,No
CUST-04258,Female,0,68,Yes,No,One year,Electronic check,32.39,2019.22,No
CUST-04259,Female,0,7,Yes,Fiber optic,Month-to-month,Mailed check,117.47,761.88,Yes
CUST-04260,Female,0,13,No,No,Two year,Credit card (automatic),86.96,1090.33,No
CUST-04261,Female,0,18,No,No,Month-to-month,Electronic check,49.84,795.09,Yes
CUST-04262,Male,0,32,Yes,Fiber optic,Month-to-month,Electronic check,99.08,2717.56,No
CUST-04263,Male,1,20,No,DSL,Two year,Credit card (automatic),113.99,2267.06,No
CUST-04264,Male,0,41,Yes,DSL,Month-to-month,Credit card (automatic),45.28,1726.94,Yes
CUST-04265,Male,0,29,Yes,Fiber optic,Month-to-month,Electronic check,86.84,2242.2,Yes
CUST-04266,Female,1,32,No,Fiber optic,Two year,Credit card (automatic),37.19,1099.27,No
CUST-04267,Female,1,42,Yes,DSL,Two year,Mailed check,86.4,3569.13,No
CUST-04268,Female,0,55,Yes,Fiber optic,Month-to-month,Credit card (automatic),105.88,5100.06,No
CUST-04269,Female,1,57,No,Fiber optic,One year,Electronic check,117.32,5891.88,No
CUST-04270,Female,0,18,No,No,Month-to-month,Credit card (automatic),105.71,1831.89,Yes
CUST-04271,Female,1,8,No,Fiber optic,Two year,Electronic check,64.08,489.06,Yes
CUST-04272,Male,0,61,No,Fiber optic,One year,Electronic check,107.42,6045.14,No
CUST-04273,Male,0,5,No,No,One year,Bank transfer (automatic),110.57,523.77,No
CUST-04274,Female,0,16,No,DSL,One year,Mailed check,73.36,1168.47,No
CUST-04275,Female,1,8,No,DSL,Month-to-month,Credit card (automatic),114.7,848.13,No
CUST-04276,Male,1,55,Yes,No,Two year,Credit card (automatic),72.0,3947.46,No
CUST-04277,Male,0,42,No,Fiber optic,Month-to-month,Mailed check,97.99,4057.22,Yes
CUST-04278,Male,0,49,Yes,Fiber optic,Month-to-month,Electronic check,101.97,4734.5,No
CUST-04279,Female,1,22,No,DSL,Two year,Mailed check,106.73,2084.85,No
CUST-04280,Female,1,6,Yes,No,One year,Bank transfer (automatic),115.19,614.83,No
CUST-04281,Female,0,27,No,No,Month-to-month,Electronic check,39.57,939.06,No
CUST-04282,Male,0,58,Yes,No,Month-to-month,Credit card (automatic),58.73,3120.43,No
CUST-04283,Male,1,19,No,No,Two year,Electronic check,78.83,1387.77,No
CUST-04284,Female,0,71,Yes,DSL,Two year,Mailed check,70.5,4770.9,No
CUST-04285,Male,1,42,Yes,Fiber optic,Two year,Bank transfer (automatic),47.18,1769.54,No
CUST-04286,Female,1,66,No,No,One year,Electronic check,106.23,6034.87,No
CUST-04287,Male,0,29,No,DSL,Month-to-month,Credit card (automatic),63.2,1657.94,No
CUST-04288,Female,0,42,Yes,No,One year,Mailed check,33.34,1295.62,Yes
CUST-04289,Male,1,69,No,Fiber optic,Month-to-month,Electronic check,92.35,5802.65,Yes
CUST-04290,Male,0,58,Yes,DSL,Two year,Mailed check,41.81,2385.48,No
CUST-04291,Male,0,43,No,No,One year,Electronic check,70.08,2869.35,No
CUST-04292,Male,0,72,No,Fiber optic,One year,Electronic check,81.77,5215.04,No
CUST-04293,Male,0,42,No,No,Month-to-month,Bank transfer (automatic),90.06,3395.98,Yes
CUST-04294,Female,0,67,Yes,DSL,Two year,Bank transfer (automatic),64.01,3705.47,No
CUST-04295,Male,0,70,No,No,Month-to-month,Credit card (automatic),59.63,4116.26,No
CUST-04296,Male,0,42,No,DSL,Two year,Credit card (automatic),34.54,1339.77,No
CUST-04297,Male,1,67,No,Fiber optic,One year,Electronic check,103.11,6388.0,No
CUST-04298,Male,1,61,Yes,No,Month-to-month,Mailed check,40.18,2306.6,Yes
CUST-04299,Female,0,29,No,DSL,Two year,Electronic check,80.87,2084.68,Yes
CUST-04300,Male,0,36,No,Fiber optic,Month-to-month,Electronic check,66.64,2181.13,Yes
CUST-04301,Male,1,10,No,Fiber optic,One year,Electronic check,51.34,489.82,Yes
CUST-04302,Male,0,10,No,DSL,One year,Mailed check,100.38,964.13,No
CUST-04303,Female,0,25,Yes,No,Month-to-month,Electronic check,114.22,2459.15,Yes
CUST-04304,Female,0,16,Yes,Fiber optic,One year,Bank transfer (automatic),115.83,1611.16,No
CUST-04305,Male,1,27,Yes,Fiber optic,Two year,Credit card (automatic),46.94,1262.06,No
CUST-04306,Male,1,43,No,Fiber optic,Two year,Mailed check,99.36,4082.02,No
CUST-04307,Male,1,63,No,Fiber optic,Two year,Electronic check,62.57,3594.74,No
CUST-04308,Male,1,41,No,Fiber optic,One year,Mailed check,46.66,1791.44,No
CUST-04309,Female,1,31,Yes,DSL,Month-to-month,Bank transfer (automatic),38.27,1051.09,Yes
CUST-04310,Female,0,33,No,No,Month-to-month,Bank transfer (automatic),103.67,3335.57,No
CUST-04311,Male,0,15,Yes,DSL,Month-to-month,Credit card (automatic),115.88,1500.86,No
CUST-04312,Female,1,7,Yes,DSL,Month-to-month,Mailed check,111.7,745.84,Yes
CUST-04313,Male,0,53,Yes,Fiber optic,Two year,Mailed check,71.75,3508.76,No
CUST-04314,Female,1,69,No,Fiber optic,Month-to-month,Mailed check,111.89,7349.94,Yes
CUST-04315,Male,1,39,No,DSL,Month-to-month,Bank transfer (automatic),62.15,2158.38,No
CUST-04316,Male,1,66,Yes,No,Month-to-month,Credit card (automatic),24.75,1575.13,No
CUST-04317,Female,0,69,No,Fiber optic,Two year,Electronic check,119.99,7959.89,No
CUST-04318,Female,0,50,Yes,No,One year,Credit card (automatic),82.41,3518.18,No
CUST-04319,Female,0,63,Yes,Fiber optic,One year,Mailed check,75.04,4238.53,No
CUST-04320,Male,0,47,No,DSL,One year,Mailed check,27.13,1181.95,No
CUST-04321,Female,0,66,Yes,No,One year,Credit card (automatic),73.97,4316.1,No
CUST-04322,Male,1,68,No,DSL,Month-to-month,Bank transfer (automatic),109.29,6555.59,No
CUST-04323,Male,1,5,No,Fiber optic,Two year,Credit card (automatic),107.65,536.64,No
CUST-04324,Female,1,7,No,Fiber optic,Two year,Electronic check,73.21,477.91,No
CUST-04325,Female,0,2,Yes,No,Month-to-month,Electronic check,40.16,73.25,Yes
CUST-04326,Male,0,23,Yes,No,Two year,Mailed check,39.68,898.79,No
CUST-04327,Male,0,19,Yes,Fiber optic,One year,Mailed check,80.52,1520.77,No
CUST-04328,Female,1,27,No,DSL,One year,Bank transfer (automatic),43.38,1049.28,No
CUST-04329,Male,0,26,Yes,DSL,Two year,Credit card (automatic),53.34,1271.56,No
CUST-04330,Female,0,14,No,No,Month-to-month,Mailed check,115.16,1454.51,Yes
CUST-04331,Female,0,6,Yes,No,Two year,Credit card (automatic),72.45,389.81,No
CUST-04332,Female,0,14,Yes,DSL,Month-to-month,Credit card (automatic),119.25,1473.28,No
CUST-04333,Female,0,31,Yes,Fiber optic,Two year,Mailed check,38.25,1163.36,No
CUST-04334,Female,0,12,No,Fiber optic,Two year,Credit card (automatic),83.56,896.98,No
CUST-04335,Female,0,12,No,DSL,Two year,Bank transfer (automatic),48.2,562.23,No
CUST-04336,Female,1,72,No,DSL,One year,Bank transfer (automatic),111.21,7441.29,No
CUST-04337,Female,0,39,Yes,DSL,One year,Mailed check,108.48,3765.45,No
CUST-04338,Male,0,45,No,DSL,Month-to-month,Credit card (automatic),116.95,5166.68,No
CUST-04339,Female,0,64,Yes,DSL,One year,Electronic check,47.07,2948.95,No
CUST-04340,Male,0,53,No,No,One year,Mailed check,76.79,3974.08,No
CUST-04341,Female,1,5,Yes,No,Two year,Mailed check,64.19,290.66,No
CUST-04342,Male,1,40,No,Fiber optic,Two year,Credit card (automatic),88.39,3451.1,No
CUST-04343,Male,0,13,No,Fiber optic,Month-to-month,Electronic check,88.72,1037.98,Yes
CUST-04344,Female,0,57,No,No,Two year,Electronic check,51.97,2556.44,No
CUST-04345,Male,1,60,No,No,One year,Mailed check,95.68,5205.89,No
CUST-04346,Male,0,22,No,DSL,One year,Bank transfer (automatic),24.42,515.02,No
CUST-04347,Female,0,36,Yes,No,Two year,Electronic check,69.06,2159.11,No
CUST-04348,Female,0,23,No,DSL,One year,Credit card (automatic),57.85,1175.98,No
CUST-04349,Female,0,6,Yes,No,Month-to-month,Bank transfer (automatic),28.33,151.47,No
CUST-04350,Female,0,34,No,DSL,Two year,Credit card (automatic),27.73,846.79,No
CUST-04351,Male,1,52,No,Fiber optic,Two year,Electronic check,47.03,2254.82,No
CUST-04352,Male,0,27,Yes,No,Month-to-month,Credit card (automatic),113.87,2910.71,No
CUST-04353,Female,1,58,Yes,No,One year,Bank transfer (automatic),21.07,1211.83,No
CUST-04354,Female,1,57,No,DSL,One year,Mailed check,114.97,6194.06,No
CUST-04355,Male,0,1,Yes,No,Two year,Mailed check,59.11,57.5,No
CUST-04356,Male,0,55,No,No,Month-to-month,Mailed check,40.79,2032.92,No
CUST-04357,Female,0,2,No,Fiber optic,One year,Credit card (automatic),110.15,191.8,Yes
CUST-04358,Female,0,15,No,No,Month-to-month,Credit card (automatic),85.8,1167.61,No
CUST-04359,Male,0,62,No,Fiber optic,Month-to-month,Electronic check,47.46,2596.24,No
CUST-04360,Female,1,19,No,DSL,Two year,Mailed check,117.64,2095.2,No
CUST-04361,Male,0,13,No,DSL,Two year,Credit card (automatic),27.18,348.03,No
CUST-04362,Male,0,67,No,DSL,Two year,Mailed check,79.11,4559.69,No
CUST-04363,Female,0,52,No,Fiber optic,One year,Bank transfer (automatic),110.7,5063.93,No
CUST-04364,Female,0,49,No,No,Month-to-month,Electronic check,36.49,1643.3,No
CUST-04365,Male,0,29,No,Fiber optic,Month-to-month,Mailed check,97.67,2500.7,No
CUST-04366,Male,1,49,Yes,DSL,Two year,Credit card (automatic),103.72,5042.39,No
CUST-04367,Female,1,27,Yes,DSL,Two year,Bank transfer (automatic),71.33,1717.43,No
CUST-04368,Male,0,9,Yes,DSL,Month-to-month,Mailed check,36.86,310.3,Yes
CUST-04369,Male,0,54,Yes,Fiber optic,One year,Mailed check,30.79,1482.76,No
CUST-04370,Male,0,24,Yes,Fiber optic,Two year,Bank transfer (automatic),64.84,1443.3,No
CUST-04371,Male,0,54,Yes,DSL,Two year,Credit card (automatic),55.17,2660.26,No
CUST-04372,Male,0,54,Yes,No,Month-to-month,Credit card (automatic),73.64,3707.13,No
CUST-04373,Female,0,57,Yes,DSL,One year,Electronic check,64.19,3359.23,No
CUST-04374,Female,0,49,No,DSL,One year,Credit card (automatic),26.17,1140.75,No
CUST-04375,Female,1,61,No,Fiber optic,Month-to-month,Bank transfer (automatic),82.25,4917.11,No
CUST-04376,Male,0,72,Yes,DSL,Month-to-month,Credit card (automatic),34.63,2271.11,No
CUST-04377,Male,0,14,No,Fiber optic,Two year,Credit card (automatic),68.8,876.06,No
CUST-04378,Female,1,71,Yes,Fiber optic,Two year,Credit card (automatic),22.03,1369.73,No
CUST-04379,Female,1,11,No,DSL,Two year,Electronic check,85.89,859.05,Yes
CUST-04380,Female,0,13,No,DSL,One year,Electronic check,112.16,1289.74,No
CUST-04381,Female,0,8,No,Fiber optic,Two year,Credit card (automatic),26.89,194.65,No
CUST-04382,Male,1,61,No,Fiber optic,Two year,Bank transfer (automatic),114.84,6993.35,No
CUST-04383,Male,0,9,Yes,Fiber optic,One year,Bank transfer (automatic),52.78,470.65,No
CUST-04384,Male,0,45,Yes,Fiber optic,Two year,Bank transfer (automatic),83.6,3458.46,No
CUST-04385,Female,0,2,No,DSL,Two year,Electronic check,79.26,144.24,No
CUST-04386,Male,0,12,Yes,No,Month-to-month,Mailed check,116.86,1368.09,Yes
CUST-04387,Female,0,13,Yes,No,One year,Credit card (automatic),95.45,1145.61,No
CUST-04388,Male,0,36,No,Fiber optic,Month-to-month,Credit card (automatic),40.08,1368.62,No
CUST-04389,Male,0,25,No,No,One year,Electronic check,80.49,1992.76,No
CUST-04390,Male,0,48,No,Fiber optic,Month-to-month,Credit card (automatic),98.42,4216.73,No
CUST-04391,Female,0,55,Yes,DSL,One year,Electronic check,116.59,6020.33,No
CUST-04392,Female,0,23,Yes,Fiber optic,Two year,Credit card (automatic),23.7,494.43,No
CUST-04393,Female,1,7,No,Fiber optic,Month-to-month,Electronic check,29.39,191.66,Yes
CUST-04394,Male,1,21,Yes,Fiber optic,Two year,Credit card (automatic),26.3,541.04,No
CUST-04395,Female,1,1,Yes,Fiber optic,Month-to-month,Mailed check,77.35,70.5,No
CUST-04396,Male,1,64,Yes,No,One year,Electronic check,54.99,3394.69,No
CUST-04397,Male,0,49,Yes,No,One year,Electronic check,71.04,3286.04,No
CUST-04398,Male,1,41,No,DSL,One year,Electronic check,73.03,2677.71,No
CUST-04399,Male,1,58,Yes,DSL,Two year,Bank transfer (automatic),55.85,3194.75,No
CUST-04400,Female,1,39,Yes,Fiber optic,Two year,Bank transfer (automatic),91.84,3488.3,No
CUST-04401,Female,1,59,No,No,Month-to-month,Bank transfer (automatic),117.84,6394.86,No
CUST-04402,Male,0,52,No,No,Month-to-month,Bank transfer (automatic),39.99,1828.6,No
CUST-04403,Male,0,71,No,Fiber optic,Month-to-month,Mailed check,34.06,2087.32,No
CUST-04404,Female,0,57,Yes,DSL,Two year,Mailed check,81.96,4234.44,No
CUST-04405,Male,0,65,No,No,Month-to-month,Mailed check,43.33,2505.83,No
CUST-04406,Male,0,3,Yes,Fiber optic,Month-to-month,Electronic check,70.91,202.98,No
CUST-04407,Female,0,9,No,Fiber optic,One year,Bank transfer (automatic),81.03,663.1,No
CUST-04408,Female,1,36,No,No,Month-to-month,Credit card (automatic),89.82,3160.16,No
CUST-04409,Female,0,28,No,DSL,Two year,Electronic check,34.75,859.13,No
CUST-04410,Female,0,13,No,Fiber optic,Month-to-month,Electronic check,97.05,1204.47,No
CUST-04411,Male,1,23,No,No,Month-to-month,Mailed check,112.11,2534.9,No
CUST-04412,Female,0,22,No,No,One year,Bank transfer (automatic),43.41,872.08,No
CUST-04413,Male,1,41,Yes,DSL,One year,Electronic check,115.17,4336.6,No
CUST-04414,Male,0,18,Yes,Fiber optic,Two year,Credit card (automatic),106.95,1674.98,No
CUST-04415,Male,0,40,No,No,One year,Credit card (automatic),66.78,2426.97,No
CUST-04416,Male,0,49,No,No,One year,Mailed check,24.91,1201.64,No
CUST-04417,Male,0,68,No,No,Month-to-month,Mailed check,24.07,1535.01,No
CUST-04418,Female,1,19,Yes,DSL,Month-to-month,Bank transfer (automatic),44.93,765.08,No
CUST-04419,Male,1,62,No,Fiber optic,One year,Bank transfer (automatic),68.3,3915.16,No
CUST-04420,Male,0,2,No,Fiber optic,One year,Bank transfer (automatic),114.56,218.41,No
CUST-04421,Male,0,20,Yes,No,Month-to-month,Bank transfer (automatic),47.53,845.83,Yes
CUST-04422,Male,0,46,No,DSL,One year,Electronic check,110.67,4517.23,No
CUST-04423,Female,0,55,Yes,No,One year,Mailed check,83.95,4146.51,No
CUST-04424,Female,1,24,No,Fiber optic,Two year,Bank transfer (automatic),28.88,651.93,No
CUST-04425,Male,0,23,No,DSL,One year,Electronic check,96.98,2155.45,No
CUST-04426,Male,1,41,Yes,DSL,Month-to-month,Electronic check,93.35,3408.9,Yes
CUST-04427,Male,0,72,No,No,One year,Credit card (automatic),51.11,3170.45,No
CUST-04428,Male,1,72,No,No,Two year,Mailed check,116.11,7596.3,No
CUST-04429,Male,0,66,Yes,No,One year,Mailed check,57.56,3667.36,No
CUST-04430,Male,0,63,No,DSL,Month-to-month,Bank transfer (automatic),94.88,5925.61,No
CUST-04431,Female,0,45,No,No,One year,Bank transfer (automatic),96.38,3930.45,No
CUST-04432,Male,0,30,Yes,DSL,One year,Mailed check,114.77,3078.01,No
CUST-04433,Female,1,15,Yes,No,Month-to-month,Bank transfer (automatic),30.89,426.78,No
CUST-04434,Female,0,6,Yes,No,Two year,Mailed check,37.51,202.51,No
CUST-04435,Male,1,35,No,DSL,Two year,Mailed check,118.54,3803.07,No
CUST-04436,Male,0,70,Yes,Fiber optic,Month-to-month,Credit card (automatic),119.03,7102.85,No
CUST-04437,Female,0,47,Yes,DSL,One year,Electronic check,75.65,3202.37,No
CUST-04438,Female,0,14,No,DSL,One year,Bank transfer (automatic),89.55,1095.99,No
CUST-04439,Female,1,35,Yes,No,Month-to-month,Credit card (automatic),99.97,3062.13,No
CUST-04440,Female,0,14,No,No,Month-to-month,Electronic check,97.95,1284.95,No
CUST-04441,Male,0,10,No,Fiber optic,One year,Electronic check,97.4,840.85,No
CUST-04442,Male,1,67,Yes,No,Month-to-month,Mailed check,20.61,1179.69,No
CUST-04443,Male,0,68,No,Fiber optic,One year,Electronic check,25.57,1586.44,No
CUST-04444,Male,1,14,Yes,Fiber optic,Two year,Mailed check,96.99,1270.73,No
CUST-04445,Female,0,50,No,No,Month-to-month,Bank transfer (automatic),23.33,1155.39,No
CUST-04446,Male,0,5,No,No,Month-to-month,Mailed check,90.07,384.79,Yes
CUST-04447,Male,1,4,No,DSL,Month-to-month,Electronic check,63.64,250.09,Yes
CUST-04448,Male,0,31,Yes,DSL,One year,Credit card (automatic),94.38,2632.95,No
CUST-04449,Male,1,2,No,Fiber optic,Month-to-month,Credit card (automatic),108.94,204.93,No
CUST-04450,Female,0,8,No,Fiber optic,One year,Bank transfer (automatic),104.22,754.49,No
CUST-04451,Female,1,7,No,No,Month-to-month,Electronic check,81.6,508.41,Yes
CUST-04452,Female,0,32,No,Fiber optic,One year,Electronic check,108.44,3458.07,No
CUST-04453,Male,0,68,No,Fiber optic,One year,Bank transfer (automatic),103.18,6261.11,Yes
CUST-04454,Female,0,63,Yes,Fiber optic,Two year,Mailed check,47.25,2887.06,No
CUST-04455,Female,0,69,No,No,Two year,Credit card (automatic),51.71,3222.51,No
CUST-04456,Female,0,58,Yes,No,One year,Electronic check,58.8,3342.16,Yes
CUST-04457,Male,1,66,No,Fiber optic,Month-to-month,Electronic check,47.97,2963.12,No
CUST-04458,Male,1,30,Yes,DSL,Two year,Credit card (automatic),29.29,817.24,No
CUST-04459,Female,0,56,No,No,One year,Electronic check,116.52,5565.62,No
CUST-04460,Male,0,46,Yes,Fiber optic,Month-to-month,Bank transfer (automatic),70.44,2899.66,No
CUST-04461,Male,0,62,No,No,Month-to-month,Bank transfer (automatic),54.07,3106.81,No
CUST-04462,Male,0,68,Yes,No,Month-to-month,Mailed check,79.0,4643.24,Yes
CUST-04463,Female,0,26,No,DSL,One year,Mailed check,87.86,2261.89,No
CUST-04464,Male,1,32,Yes,No,Two year,Mailed check,105.31,2968.18,No
CUST-04465,Male,0,66,No,No,Two year,Electronic check,37.65,2276.85,No
CUST-04466,Male,0,52,Yes,No,Two year,Bank transfer (automatic),61.95,2881.49,No
CUST-04467,Female,0,28,Yes,DSL,Two year,Credit card (automatic),109.03,2944.71,No
CUST-04468,Female,0,71,Yes,Fiber optic,Two year,Bank transfer (automatic),86.12,5956.95,No
CUST-04469,Male,0,11,Yes,No,One year,Electronic check,63.35,682.5,No
CUST-04470,Female,0,29,No,Fiber optic,One year,Mailed check,24.81,682.63,No
CUST-04471,Male,0,39,Yes,No,One year,Electronic check,101.92,3587.26,No
CUST-04472,Female,0,4,No,Fiber optic,Month-to-month,Mailed check,61.72,232.33,Yes
CUST-04473,Female,0,40,Yes,Fiber optic,Two year,Electronic check,52.36,1813.49,No
CUST-04474,Male,0,37,Yes,DSL,Two year,Bank transfer (automatic),110.99,3670.37,No
CUST-04475,Male,0,8,Yes,DSL,One year,Mailed check,37.29,272.41,Yes
CUST-04476,Male,1,28,Yes,Fiber optic,Two year,Credit card (automatic),52.35,1390.2,No
CUST-04477,Female,0,70,No,Fiber optic,Month-to-month,Credit card (automatic),50.52,3282.37,No
CUST-04478,Female,0,27,Yes,Fiber optic,One year,Mailed check,29.53,690.92,No
CUST-04479,Male,0,3,Yes,Fiber optic,Month-to-month,Credit card (automatic),103.09,285.56,No
CUST-04480,Female,0,39,No,Fiber optic,One year,Electronic check,97.52,3648.0,Yes
CUST-04481,Female,0,43,Yes,DSL,Month-to-month,Electronic check,80.34,3432.82,No
CUST-04482,Female,1,53,Yes,No,Two year,Electronic check,94.22,4949.29,No
CUST-04483,Female,0,44,Yes,DSL,Two year,Mailed check,92.67,4055.5,No
CUST-04484,Male,1,22,Yes,No,Two year,Credit card (automatic),91.94,2001.13,No
CUST-04485,Female,1,39,Yes,No,Two year,Credit card (automatic),55.95,1933.75,No
CUST-04486,Female,1,59,No,DSL,One year,Bank transfer (automatic),66.17,3399.73,No
CUST-04487,Female,0,45,Yes,DSL,Month-to-month,Bank transfer (automatic),112.24,4717.83,No
CUST-04488,Female,1,64,No,DSL,One year,Bank transfer (automatic),54.75,3483.95,No
CUST-04489,Female,0,23,Yes,No,One year,Mailed check,100.62,2022.77,No
CUST-04490,Male,0,5,No,No,Month-to-month,Credit card (automatic),90.73,394.46,No
CUST-04491,Male,1,69,No,Fiber optic,Month-to-month,Credit card (automatic),68.39,4241.23,No
CUST-04492,Female,0,33,Yes,Fiber optic,Two year,Electronic check,113.24,3220.23,No
CUST-04493,Female,0,13,No,No,Two year,Bank transfer (automatic),20.31,227.22,No
CUST-04494,Female,0,36,Yes,No,Month-to-month,Credit card (automatic),21.95,771.65,No
CUST-04495,Female,0,47,Yes,No,Month-to-month,Credit card (automatic),77.88,3192.78,Yes
CUST-04496,Female,1,14,No,No,One year,Bank transfer (automatic),109.62,1523.23,No
CUST-04497,Male,0,57,No,Fiber optic,Month-to-month,Electronic check,33.01,1658.36,Yes
CUST-04498,Male,0,66,No,No,Month-to-month,Mailed check,52.0,3234.36,Yes
CUST-04499,Female,1,7,No,DSL,One year,Bank transfer (automatic),83.83,545.23,No
CUST-04500,Male,0,17,No,Fiber optic,Two year,Bank transfer (automatic),89.64,1383.39,No
CUST-04501,Male,0,57,Yes,Fiber optic,One year,Credit card (automatic),69.07,3889.31,No
CUST-04502,Female,0,64,Yes,No,Month-to-month,Credit card (automatic),73.65,4437.62,No
CUST-04503,Female,0,5,Yes,No,Two year,Credit card (automatic),41.96,184.7,No
CUST-04504,Male,0,43,Yes,DSL,Month-to-month,Electronic check,75.5,2882.49,No
CUST-04505,Female,0,71,Yes,Fiber optic,Month-to-month,Bank transfer (automatic),67.73,4293.34,No
CUST-04506,Male,0,15,Yes,Fiber optic,Month-to-month,Bank transfer (automatic),49.02,690.0,No
CUST-04507,Male,1,58,No,DSL,Two year,Electronic check,50.54,2724.71,No
CUST-04508,Female,0,23,No,DSL,One year,Credit card (automatic),109.0,2415.5,No
CUST-04509,Male,0,40,Yes,DSL,One year,Electronic check,55.53,2208.64,No
CUST-04510,Female,0,4,No,Fiber optic,Month-to-month,Bank transfer (automatic),60.76,237.88,No
CUST-04511,Male,0,12,Yes,DSL,Two year,Bank transfer (automatic),71.21,769.83,No
CUST-04512,Male,0,34,No,DSL,One year,Bank transfer (automatic),22.5,743.82,No
CUST-04513,Female,0,72,No,No,Month-to-month,Bank transfer (automatic),96.35,6830.73,No
CUST-04514,Male,0,21,No,Fiber optic,One year,Electronic check,27.29,523.04,No
CUST-04515,Male,1,72,Yes,No,Month-to-month,Credit card (automatic),115.85,7353.42,No
CUST-04516,Male,0,38,Yes,DSL,Two year,Mailed check,55.38,2056.92,Yes
CUST-04517,Male,0,50,No,DSL,One year,Mailed check,54.31,2581.39,No
CUST-04518,Female,0,2,No,No,One year,Mailed check,55.34,98.31,No
CUST-04519,Female,0,51,Yes,DSL,One year,Credit card (automatic),101.93,5140.83,No
CUST-04520,Female,0,7,No,DSL,Month-to-month,Bank transfer (automatic),30.82,209.76,Yes
CUST-04521,Female,0,69,Yes,DSL,Month-to-month,Credit card (automatic),56.73,3472.87,No
CUST-04522,Female,1,34,No,DSL,One year,Bank transfer (automatic),82.5,2661.6,Yes
CUST-04523,Female,0,26,Yes,Fiber optic,Month-to-month,Mailed check,83.83,2143.26,Yes
CUST-04524,Female,1,64,No,DSL,Month-to-month,Mailed check,62.14,3971.32,No
CUST-04525,Female,0,28,Yes,DSL,One year,Mailed check,68.26,1639.85,No
CUST-04526,Female,1,68,Yes,DSL,Month-to-month,Mailed check,116.18,7861.52,No
CUST-04527,Female,0,66,No,Fiber optic,Month-to-month,Bank transfer (automatic),106.78,6791.02,No
CUST-04528,Female,0,4,Yes,DSL,Two year,Bank transfer (automatic),115.21,435.24,No
CUST-04529,Male,0,69,Yes,No,Month-to-month,Electronic check,30.26,1879.56,Yes
CUST-04530,Female,1,13,Yes,No,Month-to-month,Mailed check,21.17,257.71,No
CUST-04531,Male,1,44,Yes,No,One year,Bank transfer (automatic),60.74,2381.86,No
CUST-04532,Male,0,8,No,No,Two year,Mailed check,23.67,166.93,Yes
CUST-04533,Male,0,7,No,No,Month-to-month,Credit card (automatic),35.45,216.38,No
CUST-04534,Female,0,60,Yes,No,Two year,Mailed check,64.16,3314.28,No
CUST-04535,Male,0,22,Yes,No,Two year,Mailed check,55.41,1093.98,No
CUST-04536,Female,0,25,Yes,Fiber optic,Month-to-month,Mailed check,41.47,925.72,Yes
CUST-04537,Male,0,14,No,Fiber optic,Month-to-month,Electronic check,102.09,1274.7,Yes
CUST-04538,Male,1,29,No,DSL,Month-to-month,Mailed check,108.54,2775.82,Yes
CUST-04539,Female,0,45,Yes,No,Two year,Electronic check,99.45,3816.74,No
CUST-04540,Male,0,64,Yes,DSL,Two year,Bank transfer (automatic),102.87,6033.93,No
CUST-04541,Female,1,64,Yes,DSL,One year,Bank transfer (automatic),75.79,4513.04,No
CUST-04542,Male,1,7,No,Fiber optic,One year,Bank transfer (automatic),32.55,225.21,No
CUST-04543,Male,1,61,Yes,No,Month-to-month,Credit card (automatic),111.06,6747.57,No
CUST-04544,Male,0,17,Yes,No,Two year,Credit card (automatic),66.55,1094.04,No
CUST-04545,Male,1,26,Yes,Fiber optic,Two year,Electronic check,27.42,629.92,No
CUST-04546,Female,0,18,No,No,One year,Credit card (automatic),35.91,643.6,No
CUST-04547,Male,1,26,No,No,Month-to-month,Credit card (automatic),95.63,2363.63,No
CUST-04548,Male,0,50,No,DSL,Month-to-month,Credit card (automatic),106.95,4860.71,No
CUST-04549,Female,1,35,Yes,No,One year,Bank transfer (automatic),78.92,2537.77,No
CUST-04550,Female,1,48,No,No,One year,Credit card (automatic),94.76,4256.66,No
CUST-04551,Male,0,3,No,Fiber optic,Two year,Mailed check,79.41,220.61,No
CUST-04552,Female,1,38,Yes,Fiber optic,Month-to-month,Credit card (automatic),25.9,866.28,No
CUST-04553,Female,0,69,No,No,One year,Electronic check,55.27,3756.3,No
CUST-04554,Female,0,18,No,No,One year,Credit card (automatic),118.62,2034.47,No
CUST-04555,Female,1,42,Yes,No,One year,Electronic check,33.94,1307.4,No
CUST-04556,Female,0,59,Yes,Fiber optic,One year,Credit card (automatic),92.81,5213.92,No
CUST-04557,Male,0,55,No,Fiber optic,One year,Bank transfer (automatic),24.04,1256.93,Yes
CUST-04558,Male,0,58,No,DSL,Month-to-month,Bank transfer (automatic),109.69,6176.17,No
CUST-04559,Female,1,56,Yes,Fiber optic,One year,Mailed check,40.3,2184.93,No
CUST-04560,Female,0,49,Yes,DSL,Two year,Mailed check,35.4,1581.97,No
CUST-04561,Male,0,62,Yes,Fiber optic,Two year,Electronic check,24.92,1534.19,No
CUST-04562,Female,0,31,No,Fiber optic,One year,Bank transfer (automatic),86.27,2605.48,No
CUST-04563,Male,0,34,No,No,One year,Mailed check,66.44,2155.77,Yes
CUST-04564,Male,1,70,No,Fiber optic,Month-to-month,Bank transfer (automatic),93.75,6046.79,No
CUST-04565,Male,0,3,Yes,DSL,Month-to-month,Electronic check,57.08,157.59,Yes
CUST-04566,Male,0,36,Yes,No,One year,Electronic check,47.14,1494.35,Yes
CUST-04567,Female,0,62,No,Fiber optic,One year,Bank transfer (automatic),74.62,4333.1,No
CUST-04568,Female,1,34,Yes,No,One year,Mailed check,117.32,3478.97,No
CUST-04569,Male,1,28,Yes,Fiber optic,Month-to-month,Credit card (automatic),25.12,690.21,No
CUST-04570,Female,0,72,Yes,No,Month-to-month,Bank transfer (automatic),52.35,3635.29,No
CUST-04571,Male,1,33,Yes,No,Month-to-month,Credit card (automatic),79.1,2304.71,Yes
CUST-04572,Female,0,48,No,DSL,Two year,Bank transfer (automatic),39.08,1615.78,No
CUST-04573,Male,0,70,No,Fiber optic,One year,Bank transfer (automatic),49.07,3144.2,No
CUST-04574,Male,0,20,Yes,No,Month-to-month,Credit card (automatic),43.67,766.42,Yes
CUST-04575,Female,1,17,No,DSL,Month-to-month,Electronic check,91.63,1358.38,No
CUST-04576,Female,0,23,Yes,No,Month-to-month,Credit card (automatic),51.27,1054.59,Yes
CUST-04577,Female,0,15,No,Fiber optic,Month-to-month,Electronic check,29.58,417.06,Yes
CUST-04578,Female,1,34,No,No,Month-to-month,Bank transfer (automatic),82.32,2411.72,No
CUST-04579,Male,1,14,No,DSL,Month-to-month,Electronic check,53.96,687.41,Yes
CUST-04580,Male,0,40,No,Fiber optic,Two year,Electronic check,41.61,1661.09,No
CUST-04581,Male,0,69,No,No,Month-to-month,Bank transfer (automatic),53.33,3177.94,No
CUST-04582,Female,0,8,No,Fiber optic,Two year,Mailed check,65.91,451.23,No
CUST-04583,Male,0,28,No,Fiber optic,Month-to-month,Mailed check,100.07,2520.9,Yes
CUST-04584,Female,0,20,Yes,No,Month-to-month,Electronic check,93.22,1728.13,No
CUST-04585,Female,1,29,Yes,Fiber optic,One year,Mailed check,70.05,1806.67,No
CUST-04586,Male,0,59,No,No,Two year,Mailed check,82.31,4525.51,No
CUST-04587,Female,0,8,No,No,One year,Bank transfer (automatic),64.79,458.37,No
CUST-04588,Female,0,27,Yes,No,Two year,Electronic check,104.25,2518.97,No
CUST-04589,Female,1,44,Yes,DSL,Two year,Credit card (automatic),110.77,4668.07,No
CUST-04590,Male,1,44,No,No,Month-to-month,Mailed check,59.81,2493.71,No
CUST-04591,Female,0,12,Yes,Fiber optic,Two year,Credit card (automatic),48.33,537.92,No
CUST-04592,Male,0,35,No,No,One year,Bank transfer (automatic),113.76,3902.89,No
CUST-04593,Female,0,27,No,Fiber optic,One year,Electronic check,59.6,1398.47,No
CUST-04594,Male,1,17,Yes,DSL,One year,Credit card (automatic),73.15,1168.63,Yes
CUST-04595,Female,0,13,Yes,No,Two year,Electronic check,91.37,1066.14,No
CUST-04596,Female,0,48,No,No,Two year,Mailed check,63.82,2852.5,No
CUST-04597,Male,0,41,Yes,DSL,Two year,Mailed check,109.94,4436.94,No
CUST-04598,Male,1,4,Yes,DSL,Month-to-month,Electronic check,97.05,356.32,No
CUST-04599,Male,0,7,No,Fiber optic,Two year,Electronic check,42.34,258.09,Yes
CUST-04600,Female,0,21,Yes,Fiber optic,One year,Credit card (automatic),117.97,2256.5,No
CUST-04601,Male,0,70,No,No,One year,Mailed check,58.96,3897.89,No
CUST-04602,Female,0,39,No,Fiber optic,One year,Bank transfer (automatic),98.18,3261.64,No
CUST-04603,Female,0,15,Yes,DSL,Month-to-month,Credit card (automatic),114.08,1606.34,No
CUST-04604,Female,0,19,Yes,Fiber optic,One year,Credit card (automatic),28.16,481.71,No
CUST-04605,Female,0,30,No,DSL,One year,Electronic check,94.16,2447.38,Yes
CUST-04606,Female,0,5,Yes,No,Month-to-month,Mailed check,75.4,358.56,Yes
CUST-04607,Male,0,1,No,DSL,Month-to-month,Electronic check,93.77,90.57,Yes
CUST-04608,Female,1,18,No,No,Month-to-month,Credit card (automatic),105.65,1690.69,No
CUST-04609,Male,0,21,No,No,Two year,Bank transfer (automatic),96.44,1888.47,No
CUST-04610,Female,0,34,No,No,Month-to-month,Bank transfer (automatic),35.19,1114.39,No
CUST-04611,Male,0,71,Yes,Fiber optic,Two year,Electronic check,84.94,5186.75,No
CUST-04612,Female,0,60,No,Fiber optic,Two year,Electronic check,64.78,3758.25,No
CUST-04613,Male,0,12,No,Fiber optic,Two year,Mailed check,102.0,1210.77,No
CUST-04614,Male,0,46,Yes,Fiber optic,One year,Electronic check,61.09,2687.3,No
CUST-04615,Female,0,39,Yes,No,One year,Credit card (automatic),111.84,3808.54,No
CUST-04616,Male,0,24,No,DSL,One year,Mailed check,115.15,2467.7,Yes
CUST-04617,Male,0,69,No,No,Two year,Bank transfer (automatic),117.83,7923.47,No
CUST-04618,Female,1,64,Yes,DSL,Month-to-month,Credit card (automatic),33.46,1908.65,Yes
CUST-04619,Female,0,67,Yes,DSL,Month-to-month,Credit card (automatic),75.39,4827.13,No
CUST-04620,Female,0,56,No,Fiber optic,One year,Electronic check,81.15,4263.73,No
CUST-04621,Female,0,20,Yes,DSL,Month-to-month,Bank transfer (automatic),97.27,1818.49,No
CUST-04622,Female,0,55,No,No,Two year,Credit card (automatic),45.63,2364.28,No
CUST-04623,Male,0,58,No,DSL,Month-to-month,Mailed check,20.97,1174.29,No
CUST-04624,Female,1,45,No,DSL,Two year,Electronic check,98.11,3825.82,No
CUST-04625,Female,1,31,No,DSL,Two year,Mailed check,102.1,3084.89,No
CUST-04626,Male,0,11,No,DSL,One year,Electronic check,28.39,294.18,No
CUST-04627,Male,0,57,Yes,No,One year,Mailed check,72.44,3641.34,No
CUST-04628,Male,0,51,Yes,No,Two year,Electronic check,94.85,4513.42,No
CUST-04629,Female,0,30,Yes,Fiber optic,Two year,Mailed check,29.87,802.79,No
CUST-04630,Female,0,71,No,Fiber optic,Month-to-month,Bank transfer (automatic),99.1,6207.72,No
CUST-04631,Female,0,5,Yes,DSL,Month-to-month,Electronic check,81.94,369.6,Yes
CUST-04632,Male,0,32,Yes,Fiber optic,Two year,Electronic check,114.71,3385.78,No
CUST-04633,Male,0,69,No,No,Month-to-month,Credit card (automatic),28.38,1755.77,No
CUST-04634,Female,0,31,Yes,Fiber optic,One year,Bank transfer (automatic),100.95,3077.69,No
CUST-04635,Female,0,29,No,DSL,Month-to-month,Bank transfer (automatic),109.81,2775.01,Yes
CUST-04636,Female,0,70,No,Fiber optic,One year,Mailed check,49.72,2980.14,No
CUST-04637,Female,0,4,Yes,DSL,Month-to-month,Credit card (automatic),88.95,324.36,Yes
CUST-04638,Male,0,53,Yes,DSL,Month-to-month,Electronic check,112.23,5449.66,No
CUST-04639,Male,0,17,No,DSL,Two year,Bank transfer (automatic),37.39,569.97,No
CUST-04640,Male,1,41,No,DSL,Month-to-month,Electronic check,23.0,839.66,Yes
CUST-04641,Female,1,60,No,DSL,One year,Bank transfer (automatic),90.28,5298.05,No
CUST-04642,Male,0,62,Yes,No,Two year,Credit card (automatic),94.13,5548.49,No
CUST-04643,Female,0,58,No,DSL,Two year,Electronic check,64.23,3304.52,No
CUST-04644,Female,0,59,Yes,Fiber optic,One year,Mailed check,69.15,3642.98,No
CUST-04645,Female,0,51,Yes,No,Month-to-month,Credit card (automatic),110.27,5224.7,No
CUST-04646,Female,1,12,Yes,Fiber optic,Month-to-month,Bank transfer (automatic),106.69,1272.18,No
CUST-04647,Male,0,41,No,No,Two year,Bank transfer (automatic),58.2,2213.06,No
CUST-04648,Male,0,12,Yes,DSL,Two year,Mailed check,92.32,1086.92,No
CUST-04649,Female,0,68,No,No,Two year,Mailed check,97.44,6142.88,No
CUST-04650,Male,0,52,No,DSL,One year,Mailed check,95.47,4581.11,No
CUST-04651,Male,0,13,Yes,Fiber optic,Month-to-month,Mailed check,46.35,600.57,Yes
CUST-04652,Male,0,34,Yes,No,Month-to-month,Bank transfer (automatic),47.08,1431.1,No
CUST-04653,Female,0,41,No,DSL,Month-to-month,Mailed check,78.66,3172.98,Yes
CUST-04654,Male,1,25,Yes,DSL,Month-to-month,Mailed check,91.47,2026.04,Yes
CUST-04655,Female,1,63,No,DSL,Two year,Bank transfer (automatic),113.89,6490.46,No
CUST-04656,Male,0,54,Yes,DSL,Month-to-month,Credit card (automatic),56.03,2996.96,No
CUST-04657,Male,0,5,No,Fiber optic,Month-to-month,Credit card (automatic),21.95,97.77,No
CUST-04658,Male,0,53,Yes,DSL,Month-to-month,Electronic check,58.58,2837.58,Yes
CUST-04659,Male,0,35,No,Fiber optic,Two year,Credit card (automatic),56.6,1884.04,No
CUST-04660,Male,0,8,Yes,No,Month-to-month,Electronic check,30.58,234.69,Yes
CUST-04661,Female,0,61,No,Fiber optic,Two year,Bank transfer (automatic),42.38,2214.41,No
CUST-04662,Male,0,9,No,Fiber optic,Month-to-month,Bank transfer (automatic),42.22,367.8,No
CUST-04663,Male,0,70,No,No,One year,Electronic check,22.59,1457.59,No
CUST-04664,Female,1,5,Yes,Fiber optic,Two year,Bank transfer (automatic),48.1,220.38,No
CUST-04665,Female,0,46,No,No,Two year,Mailed check,27.32,1070.74,No
CUST-04666,Female,1,29,No,No,Month-to-month,Bank transfer (automatic),101.43,2645.82,No
CUST-04667,Male,0,30,No,No,One year,Bank transfer (automatic),22.94,631.55,No
CUST-04668,Male,0,56,No,DSL,One year,Bank transfer (automatic),30.8,1600.17,No
CUST-04669,Male,0,40,No,DSL,One year,Mailed check,55.0,2108.66,No
CUST-04670,Female,0,10,No,DSL,Month-to-month,Mailed check,48.39,442.39,No
CUST-04671,Female,1,48,No,Fiber optic,Two year,Mailed check,102.94,4526.68,No
CUST-04672,Female,0,39,Yes,DSL,Month-to-month,Bank transfer (automatic),69.99,2523.15,No
CUST-04673,Female,0,62,Yes,No,Two year,Credit card (automatic),72.03,3929.59,No
CUST-04674,Male,1,38,No,Fiber optic,Month-to-month,Credit card (automatic),23.98,860.68,No
CUST-04675,Male,0,21,Yes,DSL,Two year,Mailed check,34.63,639.2,No
CUST-04676,Female,0,17,Yes,Fiber optic,Two year,Electronic check,74.63,1203.43,No
CUST-04677,Female,0,43,Yes,DSL,Month-to-month,Credit card (automatic),58.98,2375.94,Yes
CUST-04678,Male,0,34,No,No,One year,Credit card (automatic),90.42,2981.67,No
CUST-04679,Male,1,45,Yes,DSL,Month-to-month,Credit card (automatic),79.42,3488.96,No
CUST-04680,Male,0,4,No,DSL,Month-to-month,Credit card (automatic),108.62,415.65,Yes
CUST-04681,Female,0,2,No,No,Month-to-month,Credit card (automatic),73.99,136.22,Yes
CUST-04682,Male,0,46,Yes,No,Two year,Credit card (automatic),91.77,4088.53,No
CUST-04683,Female,0,14,No,Fiber optic,Two year,Mailed check,81.49,1081.98,No
CUST-04684,Female,0,12,No,No,Month-to-month,Mailed check,42.78,503.11,Yes
CUST-04685,Female,0,30,No,No,One year,Electronic check,103.9,2802.7,No
CUST-04686,Male,0,7,Yes,Fiber optic,Month-to-month,Electronic check,27.84,184.99,Yes
CUST-04687,Male,1,14,Yes,Fiber optic,Two year,Mailed check,81.47,1081.46,No
CUST-04688,Male,0,15,Yes,DSL,Month-to-month,Mailed check,38.3,524.45,No
CUST-04689,Male,0,15,Yes,DSL,One year,Mailed check,46.42,595.61,No
CUST-04690,Female,0,16,No,No,One year,Electronic check,52.05,726.79,Yes
CUST-04691,Male,0,62,Yes,DSL,Month-to-month,Credit card (automatic),119.14,6674.01,No
CUST-04692,Female,0,41,No,Fiber optic,One year,Mailed check,106.16,3874.34,No
CUST-04693,Male,1,23,No,DSL,Month-to-month,Bank transfer (automatic),79.43,1812.07,No
CUST-04694,Male,0,67,No,No,Two year,Mailed check,32.33,1854.15,No
CUST-04695,Female,1,20,Yes,DSL,One year,Mailed check,118.72,2311.57,No
CUST-04696,Female,0,71,Yes,No,Two year,Mailed check,71.6,4716.03,No
CUST-04697,Male,0,24,Yes,No,One year,Mailed check,60.66,1380.4,No
CUST-04698,Female,1,33,Yes,No,One year,Credit card (automatic),33.57,1089.81,No
CUST-04699,Male,1,48,Yes,DSL,One year,Bank transfer (automatic),78.81,3762.47,No
CUST-04700,Male,0,16,No,No,Two year,Bank transfer (automatic),53.97,815.59,No
CUST-04701,Male,1,45,No,No,Two year,Credit card (automatic),102.68,4092.84,No
CUST-04702,Male,0,56,No,Fiber optic,Month-to-month,Credit card (automatic),63.09,3036.82,No
CUST-04703,Female,1,65,Yes,No,Month-to-month,Bank transfer (automatic),94.95,5584.72,No
CUST-04704,Female,1,67,No,Fiber optic,One year,Mailed check,83.92,4815.18,No
CUST-04705,Male,0,36,Yes,No,Two year,Bank transfer (automatic),23.33,767.52,No
CUST-04706,Female,0,20,Yes,Fiber optic,One year,Mailed check,109.31,2127.14,No
CUST-04707,Female,0,66,Yes,DSL,Two year,Mailed check,21.52,1350.5,No
CUST-04708,Male,0,27,No,No,One year,Electronic check,22.58,608.97,No
CUST-04709,Male,1,30,No,DSL,Two year,Mailed check,115.55,3425.78,No
CUST-04710,Female,0,54,No,Fiber optic,Two year,Bank transfer (automatic),25.0,1271.36,No
CUST-04711,Male,0,57,No,DSL,One year,Credit card (automatic),45.06,2470.85,No
CUST-04712,Female,1,11,No,DSL,Two year,Electronic check,62.26,665.97,No
CUST-04713,Male,0,3,No,No,One year,Credit card (automatic),114.93,344.74,No
CUST-04714,Male,0,6,No,DSL,Two year,Bank transfer (automatic),44.12,253.59,No
CUST-04715,Female,0,60,No,No,Month-to-month,Credit card (automatic),49.31,2787.02,Yes
CUST-04716,Male,0,41,No,Fiber optic,Two year,Mailed check,110.76,4012.25,No
CUST-04717,Male,1,54,No,Fiber optic,Month-to-month,Mailed check,98.66,4748.88,Yes
CUST-04718,Female,0,70,Yes,Fiber optic,Two year,Credit card (automatic),104.31,6636.48,No
CUST-04719,Female,0,67,No,DSL,One year,Mailed check,68.54,3931.09,No
CUST-04720,Female,0,66,No,No,Month-to-month,Bank transfer (automatic),27.09,1642.63,No
CUST-04721,Female,1,11,No,DSL,Two year,Electronic check,61.94,589.85,No
CUST-04722,Male,1,9,Yes,Fiber optic,Month-to-month,Electronic check,48.86,380.25,No
CUST-04723,Male,0,20,Yes,Fiber optic,Month-to-month,Electronic check,83.86,1617.89,No
CUST-04724,Female,0,11,Yes,No,Month-to-month,Credit card (automatic),74.88,728.28,Yes
CUST-04725,Male,1,21,Yes,Fiber optic,Two year,Mailed check,74.44,1388.95,Yes
CUST-04726,Female,0,10,Yes,DSL,Two year,Mailed check,87.95,770.06,No
CUST-04727,Female,0,23,Yes,No,Two year,Electronic check,32.82,680.71,No
CUST-04728,Male,0,28,No,No,One year,Bank transfer (automatic),94.81,2375.35,No
CUST-04729,Male,0,10,No,DSL,Two year,Electronic check,81.13,718.06,Yes
CUST-04730,Female,0,26,Yes,No,One year,Electronic check,45.24,1128.67,No
CUST-04731,Female,0,66,No,No,One year,Mailed check,90.38,5514.74,No
CUST-04732,Female,0,47,No,DSL,Month-to-month,Bank transfer (automatic),86.89,3666.2,Yes
CUST-04733,Male,0,51,Yes,Fiber optic,One year,Bank transfer (automatic),56.51,2655.01,No
CUST-04734,Male,0,56,No,Fiber optic,Month-to-month,Electronic check,35.22,1842.79,No
CUST-04735,Male,0,39,Yes,Fiber optic,Month-to-month,Electronic check,75.34,2863.83,No
CUST-04736,Male,0,30,Yes,DSL,Month-to-month,Mailed check,40.79,1153.66,Yes
CUST-04737,Male,0,58,Yes,DSL,Month-to-month,Electronic check,81.3,4282.45,No
CUST-04738,Male,1,61,Yes,No,Two year,Electronic check,46.43,2437.45,No
CUST-04739,Female,0,70,Yes,No,Month-to-month,Electronic check,100.86,6632.61,No
CUST-04740,Female,0,66,No,No,Two year,Credit card (automatic),71.89,4279.19,No
CUST-04741,Male,0,56,Yes,DSL,Month-to-month,Credit card (automatic),96.16,4627.44,No
CUST-04742,Female,0,20,No,Fiber optic,One year,Electronic check,66.56,1251.66,Yes
CUST-04743,Female,0,68,Yes,Fiber optic,Month-to-month,Bank transfer (automatic),75.96,4720.91,Yes
CUST-04744,Female,1,29,Yes,DSL,Month-to-month,Credit card (automatic),32.73,911.25,Yes
CUST-04745,Female,0,21,No,Fiber optic,Month-to-month,Bank transfer (automatic),48.56,1008.83,No
CUST-04746,Male,0,67,Yes,DSL,Two year,Bank transfer (automatic),27.09,1690.55,No
CUST-04747,Female,0,66,No,Fiber optic,Two year,Mailed check,77.66,4488.29,No
CUST-04748,Male,0,52,Yes,No,Month-to-month,Electronic check,97.32,4919.35,No
CUST-04749,Female,0,54,No,DSL,Two year,Mailed check,100.67,5428.13,No
CUST-04750,Female,0,40,No,Fiber optic,Month-to-month,Electronic check,84.09,2906.53,No
CUST-04751,Male,1,65,No,DSL,One year,Bank transfer (automatic),108.02,6241.41,No
CUST-04752,Female,0,7,Yes,Fiber optic,Two year,Bank transfer (automatic),47.05,311.91,No
CUST-04753,Male,0,16,Yes,Fiber optic,Two year,Electronic check,63.11,895.87,No
CUST-04754,Male,0,10,No,Fiber optic,Month-to-month,Credit card (automatic),69.53,651.09,Yes
CUST-04755,Male,1,68,No,No,Two year,Bank transfer (automatic),54.0,3187.71,No
CUST-04756,Female,0,38,No,Fiber optic,Month-to-month,Credit card (automatic),110.45,4179.01,No
CUST-04757,Female,0,3,Yes,DSL,Two year,Bank transfer (automatic),115.93,298.43,No
CUST-04758,Female,0,35,Yes,Fiber optic,One year,Electronic check,66.59,2292.38,Yes
CUST-04759,Female,0,44,Yes,Fiber optic,Month-to-month,Electronic check,66.85,2843.03,Yes
CUST-04760,Male,0,29,No,No,One year,Electronic check,58.16,1632.75,No
CUST-04761,Female,1,48,Yes,Fiber optic,Two year,Bank transfer (automatic),108.53,4870.5,No
CUST-04762,Female,0,38,No,No,Two year,Mailed check,85.55,3186.13,Yes
CUST-04763,Female,0,21,Yes,Fiber optic,Month-to-month,Electronic check,94.29,1866.27,No
CUST-04764,Male,0,35,No,Fiber optic,One year,Electronic check,61.17,2087.06,No
CUST-04765,Female,0,56,No,Fiber optic,Two year,Credit card (automatic),113.27,5984.75,No
CUST-04766,Male,0,53,Yes,DSL,One year,Electronic check,68.83,3461.9,Yes
CUST-04767,Male,0,26,Yes,No,Month-to-month,Bank transfer (automatic),26.91,684.37,No
CUST-04768,Female,1,28,Yes,DSL,Two year,Bank transfer (automatic),41.37,1022.79,No
CUST-04769,Female,1,53,No,No,Two year,Electronic check,38.4,1801.37,No
CUST-04770,Female,0,9,No,Fiber optic,Two year,Credit card (automatic),47.86,409.43,No
CUST-04771,Male,0,44,Yes,No,Two year,Bank transfer (automatic),36.37,1490.87,No
CUST-04772,Male,0,51,No,DSL,Month-to-month,Mailed check,66.54,2905.79,No
CUST-04773,Female,0,69,No,Fiber optic,One year,Bank transfer (automatic),65.42,4155.63,No
CUST-04774,Female,0,62,No,Fiber optic,Two year,Mailed check,50.28,2902.03,No
CUST-04775,Male,0,24,No,DSL,Month-to-month,Credit card (automatic),70.38,1569.12,No
CUST-04776,Male,0,6,Yes,Fiber optic,Month-to-month,Credit card (automatic),67.37,355.68,Yes
CUST-04777,Male,0,68,Yes,No,Month-to-month,Mailed check,25.01,1543.35,No
CUST-04778,Male,0,64,Yes,Fiber optic,Two year,Electronic check,39.74,2368.3,No
CUST-04779,Female,0,12,Yes,No,One year,Bank transfer (automatic),119.35,1421.99,No
CUST-04780,Female,1,25,No,Fiber optic,Two year,Mailed check,42.8,1035.02,No
CUST-04781,Male,1,46,No,DSL,One year,Mailed check,85.22,3598.62,No
CUST-04782,Male,0,31,No,DSL,Month-to-month,Bank transfer (automatic),77.0,2129.21,Yes
CUST-04783,Male,0,50,No,DSL,Two year,Bank transfer (automatic),112.53,5181.45,No
CUST-04784,Male,0,35,Yes,No,Month-to-month,Bank transfer (automatic),41.16,1316.11,Yes
CUST-04785,Female,0,56,No,No,Month-to-month,Credit card (automatic),65.39,3468.14,No
CUST-04786,Female,0,58,Yes,No,One year,Bank transfer (automatic),73.72,3799.58,No
CUST-04787,Female,0,9,No,Fiber optic,Month-to-month,Credit card (automatic),23.87,204.25,Yes
CUST-04788,Male,0,42,No,DSL,Two year,Electronic check,78.29,2953.16,No
CUST-04789,Female,0,47,Yes,DSL,Month-to-month,Credit card (automatic),61.65,2744.57,No
CUST-04790,Male,0,46,Yes,DSL,One year,Bank transfer (automatic),111.25,4962.1,No
CUST-04791,Male,0,16,No,DSL,Two year,Mailed check,108.99,1675.17,No
CUST-04792,Male,0,46,No,Fiber optic,One year,Credit card (automatic),34.41,1394.96,No
CUST-04793,Male,1,38,No,No,One year,Credit card (automatic),110.07,3941.14,No
CUST-04794,Male,0,51,Yes,Fiber optic,Two year,Bank transfer (automatic),112.91,5127.06,No
CUST-04795,Male,0,31,No,Fiber optic,One year,Electronic check,45.21,1205.97,No
CUST-04796,Male,0,65,No,No,Month-to-month,Mailed check,22.67,1465.75,No
CUST-04797,Female,1,36,No,No,One year,Mailed check,117.49,4007.46,No
CUST-04798,Male,0,14,No,No,Month-to-month,Bank transfer (automatic),28.83,362.36,No
CUST-04799,Female,0,59,Yes,DSL,Month-to-month,Bank transfer (automatic),46.98,2533.92,No
CUST-04800,Male,1,56,Yes,No,Month-to-month,Bank transfer (automatic),112.81,5990.17,No
CUST-04801,Male,0,43,Yes,Fiber optic,Month-to-month,Bank transfer (automatic),119.67,4426.99,No
CUST-04802,Female,0,44,Yes,No,Two year,Credit card (automatic),56.51,2433.58,No
CUST-04803,Male,0,68,No,No,Two year,Mailed check,74.7,4672.33,No
CUST-04804,Male,1,20,No,No,Month-to-month,Electronic check,73.24,1385.26,Yes
CUST-04805,Female,0,49,Yes,Fiber optic,One year,Bank transfer (automatic),116.94,5276.28,No
CUST-04806,Male,0,60,No,Fiber optic,Month-to-month,Bank transfer (automatic),81.42,4431.76,No
CUST-04807,Male,0,16,Yes,No,Two year,Bank transfer (automatic),57.44,904.6,Yes
CUST-04808,Female,0,68,No,Fiber optic,Month-to-month,Credit card (automatic),60.94,3792.27,No
CUST-04809,Male,1,31,Yes,DSL,Month-to-month,Electronic check,56.68,1724.55,Yes
CUST-04810,Male,0,72,No,Fiber optic,Two year,Credit card (automatic),98.13,6097.26,No
CUST-04811,Male,0,49,No,DSL,Month-to-month,Credit card (automatic),38.0,1731.15,No
CUST-04812,Female,0,62,Yes,DSL,Two year,Credit card (automatic),46.96,2599.44,No
CUST-04813,Female,0,35,No,DSL,One year,Mailed check,71.7,2209.57,No
CUST-04814,Female,0,13,No,DSL,One year,Mailed check,40.97,511.48,No
CUST-04815,Male,0,66,No,Fiber optic,One year,Bank transfer (automatic),55.21,3435.22,No
CUST-04816,Male,0,47,No,DSL,One year,Bank transfer (automatic),75.47,3062.21,No
CUST-04817,Female,0,30,Yes,No,Two year,Mailed check,89.39,2541.54,No
CUST-04818,Female,1,67,Yes,No,Two year,Bank transfer (automatic),31.26,2043.99,No
CUST-04819,Female,0,4,No,No,One year,Credit card (automatic),22.65,82.69,Yes
CUST-04820,Female,0,28,Yes,DSL,Two year,Electronic check,40.84,1098.33,No
CUST-04821,Male,1,14,No,No,Two year,Bank transfer (automatic),97.91,1321.64,No
CUST-04822,Male,0,3,No,DSL,Month-to-month,Mailed check,109.53,306.69,No
CUST-04823,Male,0,16,No,Fiber optic,One year,Electronic check,106.52,1646.78,Yes
CUST-04824,Female,1,17,Yes,DSL,Month-to-month,Electronic check,55.74,881.0,Yes
CUST-04825,Male,0,35,Yes,No,Two year,Bank transfer (automatic),92.34,2819.79,No
CUST-04826,Female,0,69,No,No,One year,Bank transfer (automatic),24.93,1556.53,Yes
CUST-04827,Female,0,41,Yes,Fiber optic,One year,Electronic check,33.85,1359.35,No
CUST-04828,Female,1,20,No,Fiber optic,Month-to-month,Credit card (automatic),25.33,493.71,Yes
CUST-04829,Female,0,33,No,No,One year,Bank transfer (automatic),72.47,2187.3,No
CUST-04830,Female,0,31,No,DSL,Month-to-month,Mailed check,49.09,1405.07,Yes
CUST-04831,Male,1,31,Yes,Fiber optic,Month-to-month,Electronic check,72.36,2220.93,Yes
CUST-04832,Female,0,38,Yes,DSL,Two year,Mailed check,94.68,3355.73,No
CUST-04833,Female,1,34,Yes,No,Month-to-month,Credit card (automatic),76.52,2372.75,No
CUST-04834,Male,0,49,No,DSL,One year,Bank transfer (automatic),52.24,2319.17,No
CUST-04835,Female,0,12,Yes,Fiber optic,One year,Electronic check,53.03,624.87,No
CUST-04836,Male,1,68,Yes,Fiber optic,Two year,Credit card (automatic),42.61,2718.26,No
CUST-04837,Male,0,4,Yes,DSL,Month-to-month,Mailed check,37.72,144.75,Yes
CUST-04838,Female,0,15,No,Fiber optic,One year,Electronic check,28.72,402.86,Yes
CUST-04839,Female,0,55,No,Fiber optic,Month-to-month,Bank transfer (automatic),111.56,6061.28,No
CUST-04840,Female,0,11,Yes,No,Two year,Mailed check,92.77,867.54,No
CUST-04841,Male,0,27,No,Fiber optic,One year,Bank transfer (automatic),87.74,2312.27,No
CUST-04842,Female,0,46,No,Fiber optic,One year,Credit card (automatic),100.21,4450.79,No
CUST-04843,Male,0,42,No,Fiber optic,One year,Electronic check,64.79,2390.88,No
CUST-04844,Female,1,66,Yes,Fiber optic,Two year,Mailed check,22.03,1263.57,No
CUST-04845,Female,0,17,Yes,DSL,Month-to-month,Mailed check,102.77,1734.04,Yes
CUST-04846,Male,1,47,No,DSL,Month-to-month,Bank transfer (automatic),78.29,3572.75,No
CUST-04847,Female,0,50,Yes,No,Two year,Bank transfer (automatic),66.23,3153.89,No
CUST-04848,Female,0,22,No,Fiber optic,Month-to-month,Credit card (automatic),41.33,791.46,No
CUST-04849,Male,0,66,No,No,One year,Mailed check,25.35,1533.84,No
CUST-04850,Female,1,40,No,Fiber optic,One year,Electronic check,87.3,3284.92,No
CUST-04851,Female,0,45,Yes,DSL,Two year,Electronic check,102.84,4417.83,No
CUST-04852,Female,0,17,No,No,One year,Credit card (automatic),54.94,818.1,No
CUST-04853,Female,1,34,Yes,Fiber optic,Two year,Bank transfer (automatic),110.34,3282.02,No
CUST-04854,Female,0,50,Yes,No,One year,Bank transfer (automatic),26.39,1271.52,No
CUST-04855,Male,0,18,Yes,No,Month-to-month,Electronic check,80.35,1363.21,No
CUST-04856,Male,0,18,Yes,Fiber optic,Two year,Credit card (automatic),22.62,383.3,No
CUST-04857,Male,0,19,Yes,Fiber optic,One year,Bank transfer (automatic),31.52,560.1,No
CUST-04858,Female,0,36,No,Fiber optic,Two year,Credit card (automatic),59.03,1943.14,No
CUST-04859,Male,0,38,No,DSL,Month-to-month,Credit card (automatic),33.36,1209.19,Yes
CUST-04860,Female,0,72,No,No,Two year,Mailed check,47.51,3100.71,No
CUST-04861,Male,0,15,Yes,No,One year,Electronic check,75.79,1048.81,No
CUST-04862,Female,0,1,Yes,Fiber optic,Two year,Electronic check,43.34,39.37,No
CUST-04863,Female,0,55,Yes,DSL,Month-to-month,Electronic check,65.99,3512.34,No
CUST-04864,Male,0,35,No,DSL,Two year,Mailed check,91.7,2773.21,No
CUST-04865,Female,1,43,Yes,Fiber optic,Two year,Mailed check,93.15,3747.37,No
CUST-04866,Male,0,41,Yes,DSL,Two year,Credit card (automatic),96.14,3459.25,No
CUST-04867,Male,0,44,No,No,One year,Electronic check,53.94,2232.96,No
CUST-04868,Female,1,24,No,Fiber optic,One year,Bank transfer (automatic),115.57,2419.86,No
CUST-04869,Female,0,16,Yes,Fiber optic,Month-to-month,Bank transfer (automatic),76.53,1131.83,Yes
CUST-04870,Male,0,66,No,DSL,One year,Bank transfer (automatic),55.44,3627.41,No
CUST-04871,Male,1,38,Yes,DSL,One year,Electronic check,31.29,1147.35,Yes
CUST-04872,Male,0,23,Yes,Fiber optic,Two year,Electronic check,52.84,1097.48,No
CUST-04873,Female,0,55,Yes,Fiber optic,One year,Mailed check,86.94,4080.87,No
CUST-04874,Male,0,59,No,Fiber optic,Two year,Bank transfer (automatic),78.74,4088.88,No
CUST-04875,Male,1,6,Yes,DSL,One year,Credit card (automatic),47.7,276.61,No
CUST-04876,Female,0,22,Yes,No,Two year,Mailed check,23.66,510.93,Yes
CUST-04877,Male,0,55,Yes,Fiber optic,Two year,Bank transfer (automatic),94.85,4864.05,No
CUST-04878,Male,1,3,No,No,Two year,Bank transfer (automatic),78.84,230.73,No
CUST-04879,Male,0,36,Yes,DSL,Two year,Credit card (automatic),86.36,2845.01,No
CUST-04880,Male,0,62,No,DSL,Two year,Bank transfer (automatic),91.44,5562.52,No
CUST-04881,Male,1,18,Yes,No,Month-to-month,Electronic check,84.63,1346.31,Yes
CUST-04882,Male,0,48,No,No,Month-to-month,Mailed check,96.33,3957.3,No
CUST-04883,Male,0,61,Yes,Fiber optic,Month-to-month,Credit card (automatic),103.89,6001.23,No
CUST-04884,Male,0,16,No,DSL,Month-to-month,Credit card (automatic),96.93,1326.32,No
CUST-04885,Male,0,59,No,Fiber optic,Two year,Mailed check,108.83,6313.88,No
CUST-04886,Male,1,32,No,Fiber optic,Two year,Bank transfer (automatic),42.11,1219.19,No
CUST-04887,Female,0,37,Yes,Fiber optic,Two year,Bank transfer (automatic),104.05,3697.73,No
CUST-04888,Female,0,67,Yes,Fiber optic,Two year,Credit card (automatic),92.57,5297.35,No
CUST-04889,Male,1,66,No,No,One year,Bank transfer (automatic),39.14,2558.13,No
CUST-04890,Male,0,56,Yes,Fiber optic,Month-to-month,Electronic check,85.45,4073.3,No
CUST-04891,Male,0,32,Yes,DSL,Two year,Bank transfer (automatic),92.31,2659.55,No
CUST-04892,Male,0,37,Yes,Fiber optic,Two year,Credit card (automatic),118.12,4119.7,No
CUST-04893,Male,0,30,No,No,One year,Bank transfer (automatic),117.84,3178.45,No
CUST-04894,Female,1,63,Yes,No,One year,Credit card (automatic),86.54,5294.49,No
CUST-04895,Female,0,27,Yes,DSL,One year,Electronic check,56.67,1461.31,No
CUST-04896,Male,0,5,No,Fiber optic,One year,Credit card (automatic),69.0,342.74,No
CUST-04897,Female,0,14,No,Fiber optic,Two year,Bank transfer (automatic),62.52,768.4,No
CUST-04898,Female,0,40,No,DSL,Month-to-month,Electronic check,114.3,4015.36,Yes
CUST-04899,Male,1,47,Yes,Fiber optic,One year,Electronic check,88.19,3676.77,Yes
CUST-04900,Male,0,3,Yes,DSL,Two year,Electronic check,75.97,213.19,No
CUST-04901,Female,0,2,Yes,No,Two year,Electronic check,60.45,109.13,No
CUST-04902,Male,0,31,Yes,Fiber optic,One year,Mailed check,76.41,2049.64,Yes
CUST-04903,Female,0,57,No,Fiber optic,Month-to-month,Credit card (automatic),43.72,2266.55,No
CUST-04904,Female,0,38,Yes,DSL,One year,Mailed check,81.41,2637.38,No
CUST-04905,Female,0,12,No,No,Month-to-month,Credit card (automatic),55.66,604.59,No
CUST-04906,Male,0,17,No,Fiber optic,One year,Bank transfer (automatic),74.69,1099.93,No
CUST-04907,Female,0,47,Yes,No,Month-to-month,Credit card (automatic),39.06,1718.0,Yes
CUST-04908,Male,0,41,No,DSL,Month-to-month,Mailed check,105.2,3928.89,Yes
CUST-04909,Female,1,27,Yes,DSL,Two year,Electronic check,107.52,2526.23,No
CUST-04910,Male,1,15,No,DSL,Month-to-month,Electronic check,49.24,665.6,Yes
CUST-04911,Male,0,66,Yes,No,One year,Bank transfer (automatic),96.32,5537.98,No
CUST-04912,Female,0,13,No,No,Two year,Credit card (automatic),75.78,911.75,No
CUST-04913,Male,0,34,Yes,DSL,Month-to-month,Mailed check,63.84,1935.34,Yes
CUST-04914,Male,0,37,No,DSL,Two year,Electronic check,25.56,886.47,No
CUST-04915,Female,0,3,Yes,DSL,One year,Electronic check,90.86,256.31,No
CUST-04916,Female,1,70,Yes,DSL,Month-to-month,Bank transfer (automatic),92.97,5936.66,No
CUST-04917,Male,1,3,Yes,DSL,Two year,Mailed check,87.76,252.16,No
CUST-04918,Male,0,35,Yes,Fiber optic,One year,Mailed check,76.55,2354.46,No
CUST-04919,Female,0,45,No,Fiber optic,Month-to-month,Electronic check,109.41,4821.34,No
CUST-04920,Male,1,13,No,No,One year,Credit card (automatic),39.41,510.76,Yes
CUST-04921,Female,0,29,No,DSL,One year,Credit card (automatic),49.1,1344.59,No
CUST-04922,Male,0,35,No,Fiber optic,One year,Bank transfer (automatic),63.47,2171.94,No
CUST-04923,Female,1,27,Yes,Fiber optic,One year,Electronic check,112.75,3021.67,No
CUST-04924,Male,0,43,No,Fiber optic,Two year,Electronic check,63.16,2530.98,No
CUST-04925,Female,1,52,Yes,No,One year,Bank transfer (automatic),42.67,2146.68,No
CUST-04926,Male,0,68,No,DSL,Month-to-month,Electronic check,112.28,6829.06,No
CUST-04927,Female,0,29,Yes,DSL,Two year,Bank transfer (automatic),31.24,875.55,No
CUST-04928,Female,1,31,Yes,No,Two year,Electronic check,57.34,1717.23,No
CUST-04929,Male,0,2,Yes,Fiber optic,Month-to-month,Electronic check,95.36,172.85,Yes
CUST-04930,Male,0,27,Yes,Fiber optic,One year,Mailed check,43.96,1182.96,Yes
CUST-04931,Female,1,36,Yes,No,One year,Mailed check,33.94,1212.83,No
CUST-04932,Female,0,47,No,Fiber optic,Two year,Bank transfer (automatic),36.56,1700.8,Yes
CUST-04933,Female,0,61,Yes,No,One year,Mailed check,92.35,4791.58,No
CUST-04934,Female,0,23,No,Fiber optic,Month-to-month,Mailed check,109.62,2187.59,No
CUST-04935,Male,0,71,No,No,One year,Credit card (automatic),100.93,6523.72,Yes
CUST-04936,Female,0,65,No,No,One year,Mailed check,74.98,4328.24,No
CUST-04937,Female,1,28,No,Fiber optic,Two year,Bank transfer (automatic),34.48,829.15,No
CUST-04938,Male,1,15,No,DSL,One year,Electronic check,69.72,910.88,No
CUST-04939,Male,1,13,Yes,Fiber optic,One year,Bank transfer (automatic),78.75,921.18,No
CUST-04940,Male,0,15,No,No,Month-to-month,Mailed check,45.0,576.33,Yes
CUST-04941,Male,0,61,Yes,Fiber optic,Month-to-month,Mailed check,24.35,1358.03,No
CUST-04942,Female,0,7,Yes,Fiber optic,Two year,Mailed check,81.2,556.93,No
CUST-04943,Male,0,6,Yes,No,One year,Bank transfer (automatic),108.99,628.4,No
CUST-04944,Male,0,45,Yes,Fiber optic,One year,Credit card (automatic),65.53,2540.78,No
CUST-04945,Female,1,7,Yes,Fiber optic,Two year,Credit card (automatic),39.38,250.11,No
CUST-04946,Female,0,4,Yes,DSL,One year,Bank transfer (automatic),42.67,162.36,No
CUST-04947,Male,1,65,No,DSL,One year,Electronic check,87.36,5271.18,No
CUST-04948,Female,1,50,No,Fiber optic,One year,Credit card (automatic),76.06,3652.16,No
CUST-04949,Female,0,42,No,DSL,Two year,Mailed check,81.62,3127.93,No
CUST-04950,Female,0,19,No,No,Month-to-month,Bank transfer (automatic),60.89,995.99,Yes
CUST-04951,Male,0,31,Yes,No,One year,Bank transfer (automatic),67.14,1783.82,No
CUST-04952,Male,1,8,Yes,Fiber optic,Month-to-month,Mailed check,103.98,819.68,Yes
CUST-04953,Male,0,10,No,DSL,One year,Mailed check,53.68,489.75,No
CUST-04954,Male,0,28,No,No,Month-to-month,Mailed check,31.89,770.63,No
CUST-04955,Male,0,5,Yes,Fiber optic,Two year,Mailed check,71.1,322.45,No
CUST-04956,Male,0,3,No,No,One year,Credit card (automatic),64.06,171.08,No
CUST-04957,Male,0,12,Yes,DSL,Two year,Mailed check,50.85,581.05,No
CUST-04958,Male,1,63,No,No,Two year,Electronic check,81.27,5072.64,No
CUST-04959,Female,1,33,No,DSL,One year,Mailed check,96.64,2982.99,No
CUST-04960,Male,1,7,Yes,No,Month-to-month,Credit card (automatic),29.57,178.87,Yes
CUST-04961,Male,0,37,No,Fiber optic,Month-to-month,Mailed check,66.09,2402.35,No
CUST-04962,Female,0,68,No,DSL,Month-to-month,Bank transfer (automatic),46.24,2936.69,No
CUST-04963,Female,0,1,No,DSL,Month-to-month,Bank transfer (automatic),30.22,27.66,No
CUST-04964,Female,0,66,No,No,Two year,Credit card (automatic),62.45,3738.47,No
CUST-04965,Male,0,61,Yes,Fiber optic,Month-to-month,Mailed check,117.95,6620.4,No
CUST-04966,Female,1,33,Yes,DSL,Two year,Mailed check,99.02,2882.47,No
CUST-04967,Female,0,64,No,Fiber optic,Month-to-month,Mailed check,66.85,4231.95,No
CUST-04968,Male,0,72,Yes,No,One year,Mailed check,102.78,7006.46,No
CUST-04969,Male,1,52,Yes,No,One year,Credit card (automatic),100.96,5053.91,No
CUST-04970,Male,0,36,No,DSL,Month-to-month,Credit card (automatic),53.43,1840.91,Yes
CUST-04971,Male,0,49,No,DSL,Two year,Bank transfer (automatic),57.92,2786.56,No
CUST-04972,Male,1,66,No,DSL,One year,Bank transfer (automatic),64.35,3917.7,No
CUST-04973,Male,1,1,No,Fiber optic,Month-to-month,Bank transfer (automatic),108.37,104.62,Yes
CUST-04974,Female,0,4,No,Fiber optic,Month-to-month,Credit card (automatic),56.86,208.49,Yes
CUST-04975,Female,0,32,Yes,Fiber optic,Two year,Mailed check,62.47,1942.13,No
CUST-04976,Female,0,22,Yes,DSL,One year,Electronic check,94.7,1877.98,No
CUST-04977,Male,0,15,No,DSL,Two year,Mailed check,108.53,1566.56,No
CUST-04978,Male,0,13,Yes,No,Month-to-month,Bank transfer (automatic),93.2,1069.25,No
CUST-04979,Male,0,3,No,Fiber optic,One year,Credit card (automatic),109.25,281.94,No
CUST-04980,Male,0,40,Yes,No,Two year,Credit card (automatic),105.72,3968.38,No
CUST-04981,Female,0,34,Yes,Fiber optic,Two year,Electronic check,25.74,821.61,No
CUST-04982,Female,0,10,Yes,Fiber optic,Two year,Bank transfer (automatic),74.29,726.58,No
CUST-04983,Male,0,39,No,Fiber optic,Two year,Electronic check,82.98,2968.11,No
CUST-04984,Female,1,34,Yes,No,Two year,Credit card (automatic),65.99,2212.71,No
CUST-04985,Female,0,52,Yes,Fiber optic,Month-to-month,Credit card (automatic),27.19,1306.51,No
CUST-04986,Female,0,10,No,No,Two year,Credit card (automatic),29.83,273.58,No
CUST-04987,Male,0,31,Yes,DSL,One year,Bank transfer (automatic),93.71,2869.15,Yes
CUST-04988,Female,0,7,Yes,Fiber optic,Month-to-month,Mailed check,35.46,229.71,Yes
CUST-04989,Male,0,62,No,DSL,Month-to-month,Credit card (automatic),118.87,7287.28,No
CUST-04990,Female,0,22,Yes,No,One year,Credit card (automatic),29.32,593.67,No
CUST-04991,Female,0,9,Yes,Fiber optic,One year,Credit card (automatic),51.04,418.09,Yes
CUST-04992,Female,0,33,No,Fiber optic,Two year,Credit card (automatic),75.21,2431.01,No
CUST-04993,Male,0,1,Yes,DSL,Two year,Electronic check,115.67,112.89,No
CUST-04994,Female,1,6,No,DSL,Month-to-month,Mailed check,39.13,226.87,Yes
CUST-04995,Male,0,28,No,Fiber optic,Month-to-month,Electronic check,117.71,3102.05,No
CUST-04996,Female,0,51,No,Fiber optic,Month-to-month,Bank transfer (automatic),36.97,1762.3,No
CUST-04997,Male,0,38,Yes,Fiber optic,Month-to-month,Bank transfer (automatic),111.36,3862.43,No
CUST-04998,Male,0,29,No,No,Two year,Credit card (automatic),30.47,799.9,No
CUST-04999,Male,0,53,Yes,No,Two year,Electronic check,38.05,1761.95,No
CUST-05000,Female,1,24,No,DSL,Two year,Bank transfer (automatic),97.9,2258.41,No
CUST-05001,Male,1,39,Yes,DSL,Two year,Electronic check,23.48,893.76,Yes
CUST-05002,Female,1,49,No,DSL,Two year,Electronic check,86.86,3722.49,No
CUST-05003,Female,0,60,Yes,No,Two year,Electronic check,96.65,4953.97,No
CUST-05004,Male,0,65,Yes,Fiber optic,One year,Mailed check,59.86,3454.02,No
CUST-05005,Male,0,11,No,No,Two year,Credit card (automatic),94.45,988.76,No
CUST-05006,Female,0,56,No,No,Month-to-month,Bank transfer (automatic),47.87,2439.02,No
CUST-05007,Female,1,15,Yes,No,Month-to-month,Bank transfer (automatic),86.89,1182.22,Yes
CUST-05008,Male,0,43,Yes,Fiber optic,Two year,Bank transfer (automatic),111.03,4247.56,No
CUST-05009,Male,1,19,No,DSL,Month-to-month,Mailed check,105.19,1817.88,Yes
CUST-05010,Female,0,38,No,Fiber optic,Month-to-month,Credit card (automatic),92.53,3151.26,Yes
CUST-05011,Female,1,33,No,Fiber optic,Two year,Bank transfer (automatic),93.07,2808.43,Yes
CUST-05012,Male,0,46,Yes,No,Two year,Bank transfer (automatic),24.65,1061.54,No
CUST-05013,Female,0,17,No,No,One year,Credit card (automatic),44.07,674.18,No
CUST-05014,Female,0,30,No,No,Month-to-month,Credit card (automatic),29.28,765.52,Yes
CUST-05015,Male,0,15,Yes,Fiber optic,One year,Mailed check,111.69,1633.4,Yes
CUST-05016,Male,0,25,Yes,Fiber optic,Two year,Credit card (automatic),35.13,867.94,No
CUST-05017,Female,1,24,Yes,No,Two year,Bank transfer (automatic),77.26,1685.25,No
CUST-05018,Female,0,22,No,Fiber optic,Two year,Credit card (automatic),94.62,1895.86,No
CUST-05019,Male,1,9,Yes,DSL,Month-to-month,Bank transfer (automatic),89.28,706.7,Yes
CUST-05020,Male,0,71,Yes,Fiber optic,One year,Mailed check,74.44,4971.3,No
CUST-05021,Female,1,64,Yes,DSL,Two year,Bank transfer (automatic),86.38,4844.57,No
CUST-05022,Female,0,7,No,Fiber optic,One year,Bank transfer (automatic),77.8,530.46,No
CUST-05023,Female,1,44,No,Fiber optic,One year,Bank transfer (automatic),60.88,2623.24,No
CUST-05024,Male,0,66,Yes,No,One year,Credit card (automatic),91.71,5819.44,No
CUST-05025,Male,0,60,Yes,Fiber optic,Two year,Electronic check,24.89,1459.56,No
CUST-05026,Female,0,37,No,No,Month-to-month,Bank transfer (automatic),69.52,2304.87,Yes
CUST-05027,Female,0,7,No,No,Month-to-month,Electronic check,77.49,506.42,Yes
CUST-05028,Female,0,59,Yes,Fiber optic,Two year,Electronic check,91.13,4948.69,No
CUST-05029,Male,1,45,No,Fiber optic,Two year,Credit card (automatic),88.7,3416.42,No
CUST-05030,Female,0,37,No,DSL,Two year,Electronic check,37.67,1198.27,No
CUST-05031,Male,0,64,No,DSL,One year,Credit card (automatic),35.54,2111.83,No
CUST-05032,Male,0,48,No,DSL,One year,Bank transfer (automatic),87.08,3928.19,No
CUST-05033,Female,0,67,No,No,Month-to-month,Bank transfer (automatic),91.41,5904.7,No
CUST-05034,Female,0,5,Yes,Fiber optic,Two year,Electronic check,73.67,316.15,No
CUST-05035,Male,1,22,Yes,Fiber optic,Month-to-month,Bank transfer (automatic),36.29,726.62,No
CUST-05036,Female,0,29,No,Fiber optic,One year,Bank transfer (automatic),42.96,1228.67,No
CUST-05037,Female,0,49,Yes,No,One year,Mailed check,119.53,5105.28,No
CUST-05038,Female,0,55,No,DSL,Month-to-month,Mailed check,24.51,1166.6,No
CUST-05039,Male,1,18,No,DSL,One year,Mailed check,84.21,1459.8,No
CUST-05040,Male,0,33,Yes,DSL,Two year,Credit card (automatic),79.45,2330.64,No
CUST-05041,Female,0,62,No,No,One year,Electronic check,117.31,6288.09,No
CUST-05042,Female,1,23,No,Fiber optic,Two year,Mailed check,60.19,1345.01,Yes
CUST-05043,Male,0,67,Yes,DSL,Month-to-month,Bank transfer (automatic),110.2,6713.47,No
CUST-05044,Female,0,67,No,Fiber optic,Month-to-month,Electronic check,53.06,3347.88,No
CUST-05045,Female,0,66,Yes,DSL,One year,Credit card (automatic),25.77,1652.81,No
CUST-05046,Male,0,21,No,No,Month-to-month,Mailed check,63.87,1250.48,No
CUST-05047,Female,1,40,Yes,No,Month-to-month,Mailed check,47.58,1766.42,No
CUST-05048,Female,1,38,No,No,Two year,Mailed check,54.89,1895.5,No
CUST-05049,Male,1,70,No,Fiber optic,One year,Mailed check,103.83,6193.76,Yes
CUST-05050,Male,0,48,Yes,Fiber optic,One year,Credit card (automatic),60.99,2498.77,Yes
CUST-05051,Male,0,4,No,No,One year,Electronic check,83.04,319.86,No
CUST-05052,Male,1,8,No,Fiber optic,One year,Bank transfer (automatic),43.38,300.18,No
CUST-05053,Female,0,22,No,Fiber optic,Month-to-month,Bank transfer (automatic),98.83,2116.99,Yes
CUST-05054,Male,0,69,No,Fiber optic,One year,Bank transfer (automatic),71.71,4393.23,No
CUST-05055,Female,0,31,No,No,One year,Credit card (automatic),57.71,1715.92,No
CUST-05056,Male,1,57,No,DSL,One year,Electronic check,24.56,1324.74,No
CUST-05057,Female,1,45,No,DSL,One year,Bank transfer (automatic),44.6,1927.63,No
CUST-05058,Male,0,10,Yes,Fiber optic,One year,Bank transfer (automatic),113.5,1080.61,No
CUST-05059,Male,0,41,Yes,No,One year,Mailed check,20.15,799.73,No
CUST-05060,Female,0,65,Yes,DSL,Two year,Credit card (automatic),83.35,4937.13,No
CUST-05061,Male,1,66,Yes,DSL,Month-to-month,Mailed check,43.95,2655.63,No
CUST-05062,Female,0,66,No,Fiber optic,Two year,Electronic check,88.01,5686.94,No
CUST-05063,Male,0,56,Yes,DSL,One year,Electronic check,97.81,5349.98,No
CUST-05064,Male,0,70,No,No,Month-to-month,Bank transfer (automatic),111.82,7148.21,No
CUST-05065,Female,0,66,No,No,Month-to-month,Bank transfer (automatic),94.5,5901.98,No
CUST-05066,Female,0,61,No,DSL,One year,Mailed check,22.78,1183.88,No
CUST-05067,Male,0,43,Yes,DSL,Two year,Credit card (automatic),22.9,905.52,No
CUST-05068,Male,0,54,Yes,DSL,Two year,Credit card (automatic),105.77,5506.83,No
CUST-05069,Male,1,71,Yes,No,One year,Bank transfer (automatic),80.48,5094.39,No
CUST-05070,Female,0,39,Yes,DSL,Month-to-month,Credit card (automatic),55.58,1995.16,No
CUST-05071,Male,0,39,No,Fiber optic,Month-to-month,Credit card (automatic),119.02,4196.89,No
CUST-05072,Male,0,17,No,Fiber optic,Month-to-month,Bank transfer (automatic),36.99,576.76,Yes
CUST-05073,Male,0,39,No,No,One year,Bank transfer (automatic),34.63,1230.89,No
CUST-05074,Male,0,30,No,DSL,One year,Bank transfer (automatic),50.42,1466.15,No
CUST-05075,Male,0,65,No,DSL,Two year,Credit card (automatic),45.71,2827.55,No
CUST-05076,Male,0,12,No,Fiber optic,Two year,Electronic check,33.56,353.64,No
CUST-05077,Male,0,26,No,Fiber optic,One year,Credit card (automatic),32.4,744.53,No
CUST-05078,Male,1,44,No,DSL,Month-to-month,Mailed check,108.33,4070.71,No
CUST-05079,Female,1,4,Yes,DSL,Month-to-month,Bank transfer (automatic),66.25,229.41,Yes
CUST-05080,Male,0,51,No,No,Two year,Mailed check,67.53,3139.31,No
CUST-05081,Female,1,60,Yes,No,One year,Credit card (automatic),97.05,4985.64,No
CUST-05082,Female,0,5,Yes,Fiber optic,One year,Credit card (automatic),46.31,198.49,No
CUST-05083,Male,1,32,No,DSL,Two year,Electronic check,51.67,1640.15,No
CUST-05084,Male,0,56,Yes,Fiber optic,Month-to-month,Electronic check,76.34,3728.56,No
CUST-05085,Male,1,2,Yes,No,Month-to-month,Electronic check,28.43,55.94,Yes
CUST-05086,Male,0,53,Yes,Fiber optic,Two year,Credit card (automatic),37.15,1717.53,No
CUST-05087,Female,0,46,No,Fiber optic,One year,Credit card (automatic),57.38,2331.37,No
CUST-05088,Male,0,31,No,DSL,Two year,Credit card (automatic),49.91,1502.51,No
CUST-05089,Female,0,59,Yes,No,Month-to-month,Bank transfer (automatic),76.61,4054.9,No
CUST-05090,Male,0,72,No,DSL,Month-to-month,Mailed check,56.89,3983.53,No
CUST-05091,Female,0,35,No,No,Month-to-month,Electronic check,93.51,3150.47,Yes
CUST-05092,Male,0,72,Yes,DSL,Month-to-month,Bank transfer (automatic),94.48,6584.36,No
CUST-05093,Female,0,69,No,No,Two year,Electronic check,28.4,1938.82,No
CUST-05094,Female,0,9,No,No,Two year,Mailed check,72.43,554.5,No
CUST-05095,Female,0,64,No,DSL,One year,Mailed check,68.01,4237.37,No
CUST-05096,Male,0,10,Yes,DSL,Two year,Credit card (automatic),78.98,705.35,No
CUST-05097,Female,0,39,No,No,Month-to-month,Bank transfer (automatic),48.29,1754.09,Yes
CUST-05098,Male,1,32,No,Fiber optic,One year,Credit card (automatic),29.93,827.88,No
CUST-05099,Male,0,3,No,DSL,Month-to-month,Mailed check,63.29,178.44,Yes
CUST-05100,Female,1,51,Yes,DSL,Two year,Bank transfer (automatic),42.58,1868.92,No
CUST-05101,Male,1,50,No,No,One year,Electronic check,88.39,4363.09,No
CUST-05102,Female,0,35,Yes,DSL,One year,Electronic check,68.59,2353.46,No
CUST-05103,Female,1,70,No,No,Two year,Mailed check,89.1,5399.01,No
CUST-05104,Female,0,64,Yes,Fiber optic,Two year,Bank transfer (automatic),32.28,2040.5,No
CUST-05105,Male,0,19,No,DSL,Two year,Electronic check,71.57,1306.87,No
CUST-05106,Male,0,43,Yes,DSL,Two year,Electronic check,61.35,2439.48,No
CUST-05107,Female,0,22,Yes,DSL,One year,Mailed check,58.39,1259.7,No
CUST-05108,Male,0,68,No,No,Month-to-month,Electronic check,53.72,3351.85,No
CUST-05109,Female,0,58,No,DSL,Two year,Credit card (automatic),82.77,4271.09,No
CUST-05110,Female,1,17,Yes,Fiber optic,One year,Electronic check,25.67,433.47,No
CUST-05111,Female,1,28,No,No,One year,Electronic check,113.02,3140.91,No
CUST-05112,Female,1,39,No,DSL,Two year,Mailed check,91.4,3445.54,No
CUST-05113,Male,0,23,Yes,DSL,Month-to-month,Credit card (automatic),95.85,2057.41,No
CUST-05114,Male,0,29,No,DSL,One year,Mailed check,103.86,2813.6,No
CUST-05115,Male,0,19,No,No,One year,Credit card (automatic),58.48,949.45,No
CUST-05116,Female,0,52,Yes,No,One year,Electronic check,99.71,4757.15,No
CUST-05117,Female,0,14,No,DSL,Month-to-month,Mailed check,23.7,291.17,Yes
CUST-05118,Female,1,52,No,DSL,One year,Electronic check,23.82,1179.24,No
CUST-05119,Female,0,27,No,Fiber optic,One year,Bank transfer (automatic),54.89,1312.95,No
CUST-05120,Female,0,72,No,Fiber optic,Month-to-month,Electronic check,69.87,4974.32,No
CUST-05121,Male,0,20,Yes,Fiber optic,Month-to-month,Mailed check,40.89,718.65,No
CUST-05122,Male,0,42,No,DSL,Month-to-month,Mailed check,99.01,4106.41,Yes
CUST-05123,Male,1,32,Yes,Fiber optic,Two year,Credit card (automatic),33.71,949.34,No
CUST-05124,Male,1,47,Yes,No,Month-to-month,Credit card (automatic),112.47,5071.95,Yes
CUST-05125,Female,0,6,Yes,Fiber optic,Month-to-month,Credit card (automatic),76.15,403.63,No
CUST-05126,Male,1,68,Yes,No,One year,Bank transfer (automatic),106.61,6807.65,No
CUST-05127,Male,0,22,Yes,DSL,One year,Bank transfer (automatic),115.17,2222.82,No
CUST-05128,Male,0,47,Yes,Fiber optic,Two year,Bank transfer (automatic),60.06,2601.66,No
CUST-05129,Female,1,1,Yes,DSL,One year,Electronic check,57.65,54.23,No
CUST-05130,Male,1,42,Yes,No,One year,Mailed check,111.39,4271.99,No
CUST-05131,Male,0,55,No,DSL,Month-to-month,Bank transfer (automatic),33.39,1573.34,No
CUST-05132,Female,0,41,No,DSL,Month-to-month,Credit card (automatic),32.45,1279.48,No
CUST-05133,Male,0,27,No,Fiber optic,Two year,Mailed check,100.83,2388.29,No
CUST-05134,Female,0,33,No,DSL,One year,Credit card (automatic),115.54,3585.25,No
CUST-05135,Male,0,42,No,Fiber optic,Month-to-month,Electronic check,36.46,1501.01,Yes
CUST-05136,Female,0,11,No,Fiber optic,Two year,Credit card (automatic),56.24,542.72,No
CUST-05137,Male,0,64,Yes,No,One year,Credit card (automatic),62.95,3688.34,No
CUST-05138,Male,0,3,Yes,DSL,Month-to-month,Electronic check,82.66,211.1,Yes
CUST-05139,Male,0,27,No,No,One year,Credit card (automatic),59.57,1543.96,No
CUST-05140,Female,1,39,No,Fiber optic,Two year,Electronic check,47.93,1804.73,No
CUST-05141,Female,0,8,No,No,One year,Credit card (automatic),86.14,673.59,No
CUST-05142,Male,0,33,No,Fiber optic,Two year,Electronic check,24.36,715.02,No
CUST-05143,Female,1,49,No,DSL,Month-to-month,Bank transfer (automatic),90.13,3992.83,No
CUST-05144,Female,0,19,No,DSL,Month-to-month,Credit card (automatic),35.34,622.4,No
CUST-05145,Female,0,61,No,Fiber optic,Month-to-month,Bank transfer (automatic),79.79,4756.92,No
CUST-05146,Female,0,13,Yes,Fiber optic,Two year,Bank transfer (automatic),99.51,1213.12,No
CUST-05147,Female,0,58,No,DSL,Two year,Credit card (automatic),65.97,3574.63,No
CUST-05148,Female,0,26,No,Fiber optic,Two year,Credit card (automatic),42.26,943.27,No
CUST-05149,Female,1,12,Yes,DSL,Month-to-month,Credit card (automatic),26.35,280.44,No
CUST-05150,Male,0,29,No,DSL,One year,Credit card (automatic),62.14,1546.62,No
CUST-05151,Female,0,2,Yes,DSL,One year,Bank transfer (automatic),20.64,38.22,No
CUST-05152,Female,0,22,Yes,DSL,Two year,Electronic check,42.1,868.18,No
CUST-05153,Female,0,72,Yes,No,Two year,Bank transfer (automatic),41.13,2687.29,No
CUST-05154,Male,0,49,Yes,No,One year,Mailed check,72.8,3227.81,No
CUST-05155,Male,0,41,Yes,No,Two year,Credit card (automatic),69.19,2835.59,No
CUST-05156,Male,1,42,No,Fiber optic,One year,Credit card (automatic),25.99,1050.18,No
CUST-05157,Male,0,2,No,No,One year,Bank transfer (automatic),49.28,89.45,No
CUST-05158,Male,0,18,Yes,Fiber optic,One year,Bank transfer (automatic),78.05,1382.63,No
CUST-05159,Female,1,17,Yes,DSL,Month-to-month,Bank transfer (automatic),119.94,1875.11,No
CUST-05160,Female,1,3,No,Fiber optic,Month-to-month,Mailed check,105.67,300.44,Yes
CUST-05161,Female,0,69,Yes,Fiber optic,Month-to-month,Electronic check,75.07,4514.58,Yes
CUST-05162,Male,0,3,Yes,No,Two year,Mailed check,91.78,271.03,No
CUST-05163,Male,0,70,Yes,Fiber optic,Two year,Bank transfer (automatic),38.52,2400.97,No
CUST-05164,Female,0,52,No,No,Month-to-month,Mailed check,111.76,5658.84,No
CUST-05165,Male,0,41,Yes,Fiber optic,Two year,Bank transfer (automatic),71.15,2826.97,No
CUST-05166,Female,1,63,Yes,No,One year,Bank transfer (automatic),41.56,2544.39,No
CUST-05167,Female,0,68,Yes,DSL,One year,Bank transfer (automatic),96.08,6443.5,No
CUST-05168,Male,1,48,No,DSL,Two year,Bank transfer (automatic),111.32,4902.1,No
CUST-05169,Male,0,65,Yes,Fiber optic,One year,Bank transfer (automatic),84.75,5417.24,Yes
CUST-05170,Female,1,65,No,DSL,Two year,Bank transfer (automatic),110.92,6159.74,No
CUST-05171,Female,0,65,Yes,No,Month-to-month,Credit card (automatic),26.49,1470.54,No
CUST-05172,Female,0,39,Yes,Fiber optic,Two year,Electronic check,86.04,2972.48,No
CUST-05173,Male,0,11,No,Fiber optic,Two year,Electronic check,54.21,539.6,No
CUST-05174,Male,0,43,Yes,Fiber optic,Two year,Mailed check,74.21,3050.59,No
CUST-05175,Male,0,67,No,No,One year,Bank transfer (automatic),33.02,2192.52,No
CUST-05176,Male,0,71,No,DSL,Month-to-month,Mailed check,80.38,5147.84,No
CUST-05177,Male,0,61,Yes,DSL,Two year,Mailed check,92.98,5470.24,No
CUST-05178,Male,0,28,No,Fiber optic,Two year,Bank transfer (automatic),99.0,2625.93,No
CUST-05179,Female,1,12,No,Fiber optic,Month-to-month,Bank transfer (automatic),99.49,1154.05,No
CUST-05180,Female,0,34,No,DSL,One year,Electronic check,61.93,1948.83,No
CUST-05181,Female,0,17,No,DSL,Month-to-month,Electronic check,94.6,1530.41,No
CUST-05182,Male,0,28,Yes,Fiber optic,Month-to-month,Credit card (automatic),68.03,1811.97,Yes
CUST-05183,Male,1,4,No,Fiber optic,Month-to-month,Bank transfer (automatic),84.81,290.4,Yes
CUST-05184,Female,0,52,Yes,DSL,One year,Electronic check,27.77,1431.55,No
CUST-05185,Male,1,12,Yes,No,Two year,Credit card (automatic),81.08,926.99,No
CUST-05186,Male,0,59,No,No,Month-to-month,Credit card (automatic),80.48,4534.82,Yes
CUST-05187,Male,0,3,No,DSL,One year,Credit card (automatic),82.31,217.05,Yes
CUST-05188,Male,0,7,No,DSL,Two year,Credit card (automatic),29.39,196.93,No
CUST-05189,Female,0,32,Yes,No,Two year,Mailed check,47.8,1452.56,No
CUST-05190,Male,0,59,No,Fiber optic,Month-to-month,Electronic check,32.91,1909.51,No
CUST-05191,Female,0,68,Yes,DSL,Two year,Credit card (automatic),78.86,4785.98,No
CUST-05192,Female,0,33,Yes,Fiber optic,One year,Electronic check,37.42,1138.94,No
CUST-05193,Male,0,13,Yes,Fiber optic,Two year,Credit card (automatic),115.49,1375.16,No
CUST-05194,Male,0,10,Yes,No,Month-to-month,Credit card (automatic),63.8,589.97,Yes
CUST-05195,Female,1,50,No,DSL,Two year,Electronic check,97.3,4861.5,No
CUST-05196,Female,0,39,No,Fiber optic,Two year,Mailed check,20.79,757.14,No
CUST-05197,Female,0,11,No,No,One year,Electronic check,71.38,767.62,No
CUST-05198,Male,0,16,No,No,One year,Electronic check,104.92,1635.98,No
CUST-05199,Female,0,25,No,DSL,Two year,Credit card (automatic),60.0,1340.37,No
CUST-05200,Female,0,21,No,Fiber optic,Two year,Electronic check,95.41,1877.81,Yes
CUST-05201,Male,0,14,No,DSL,Month-to-month,Electronic check,93.3,1194.96,Yes
CUST-05202,Male,0,22,Yes,No,One year,Bank transfer (automatic),28.72,586.75,No
CUST-05203,Female,0,55,No,Fiber optic,One year,Mailed check,118.64,6282.02,No
CUST-05204,Female,0,33,No,Fiber optic,Month-to-month,Credit card (automatic),84.32,2366.36,No
CUST-05205,Male,0,39,Yes,Fiber optic,Month-to-month,Mailed check,92.71,3380.64,Yes
CUST-05206,Female,0,65,No,Fiber optic,Two year,Credit card (automatic),75.15,4850.12,No
CUST-05207,Male,0,63,Yes,No,Month-to-month,Electronic check,41.91,2454.84,No
CUST-05208,Male,0,2,Yes,No,One year,Electronic check,95.86,173.62,No
CUST-05209,Male,0,2,Yes,Fiber optic,One year,Bank transfer (automatic),51.14,88.36,No
CUST-05210,Male,1,60,Yes,No,Two year,Bank transfer (automatic),90.67,5312.61,No
CUST-05211,Female,1,54,Yes,Fiber optic,Two year,Bank transfer (automatic),22.81,1218.58,No
CUST-05212,Male,0,32,Yes,No,One year,Electronic check,94.63,2994.93,No
CUST-05213,Female,0,20,Yes,DSL,Two year,Credit card (automatic),47.5,860.1,No
CUST-05214,Male,0,14,No,No,Month-to-month,Mailed check,105.9,1342.41,No
CUST-05215,Female,1,42,No,Fiber optic,Month-to-month,Bank transfer (automatic),88.2,3427.85,No
CUST-05216,Male,1,15,Yes,DSL,Month-to-month,Credit card (automatic),48.8,701.76,No
CUST-05217,Male,0,52,Yes,DSL,One year,Credit card (automatic),100.26,4678.85,No
CUST-05218,Male,0,22,No,Fiber optic,Two year,Electronic check,39.23,852.84,No
CUST-05219,Female,0,12,No,No,Two year,Bank transfer (automatic),87.28,908.61,No
CUST-05220,Female,1,71,Yes,DSL,One year,Electronic check,92.76,5645.03,No
CUST-05221,Male,0,4,Yes,Fiber optic,Month-to-month,Mailed check,92.82,360.82,Yes
CUST-05222,Female,1,34,No,DSL,Month-to-month,Credit card (automatic),67.07,1983.91,Yes
CUST-05223,Male,0,21,No,Fiber optic,Two year,Electronic check,94.3,1902.99,No
CUST-05224,Male,1,47,Yes,Fiber optic,Two year,Electronic check,30.65,1415.15,No
CUST-05225,Female,0,29,No,Fiber optic,Month-to-month,Mailed check,73.38,2120.44,Yes
CUST-05226,Female,1,25,Yes,DSL,Two year,Mailed check,70.66,1627.11,No
CUST-05227,Male,0,41,No,Fiber optic,One year,Electronic check,39.22,1502.73,No
CUST-05228,Male,1,56,Yes,DSL,Two year,Mailed check,119.25,6008.75,No
CUST-05229,Female,0,53,Yes,DSL,Month-to-month,Electronic check,39.65,1957.68,Yes
CUST-05230,Male,0,25,Yes,DSL,Month-to-month,Electronic check,106.56,2333.66,No
CUST-05231,Female,1,38,No,Fiber optic,Month-to-month,Credit card (automatic),67.45,2549.11,No
CUST-05232,Female,0,63,Yes,Fiber optic,Two year,Bank transfer (automatic),90.06,4885.21,No
CUST-05233,Male,1,24,Yes,Fiber optic,Month-to-month,Electronic check,70.47,1498.88,No
CUST-05234,Male,0,71,No,No,Two year,Bank transfer (automatic),41.35,2577.44,No
CUST-05235,Male,0,68,No,DSL,Two year,Credit card (automatic),105.07,6763.06,No
CUST-05236,Female,0,55,No,No,One year,Electronic check,102.59,5336.54,No
CUST-05237,Female,0,23,Yes,DSL,Month-to-month,Bank transfer (automatic),45.03,965.85,Yes
CUST-05238,Male,0,69,Yes,DSL,Month-to-month,Mailed check,98.21,5927.69,No
CUST-05239,Female,1,27,No,Fiber optic,One year,Credit card (automatic),66.64,1629.05,No
CUST-05240,Female,0,20,Yes,DSL,One year,Electronic check,39.3,669.86,No
CUST-05241,Female,1,40,Yes,DSL,Month-to-month,Mailed check,119.05,4419.35,Yes
CUST-05242,Female,0,2,Yes,DSL,Two year,Credit card (automatic),110.08,219.89,No
CUST-05243,Female,0,55,Yes,DSL,One year,Credit card (automatic),79.23,3777.14,No
CUST-05244,Female,0,26,No,DSL,Two year,Mailed check,29.74,761.55,No
CUST-05245,Female,0,2,Yes,Fiber optic,Month-to-month,Credit card (automatic),116.58,231.48,No
CUST-05246,Female,0,52,No,No,Month-to-month,Electronic check,119.52,6205.37,No
CUST-05247,Female,0,39,No,DSL,One year,Bank transfer (automatic),111.05,3860.13,No
CUST-05248,Female,0,11,No,No,One year,Mailed check,55.47,556.07,No
CUST-05249,Female,1,26,Yes,DSL,One year,Bank transfer (automatic),25.83,576.27,No
CUST-05250,Female,0,1,Yes,DSL,Month-to-month,Credit card (automatic),46.91,41.33,No
CUST-05251,Male,1,34,Yes,Fiber optic,One year,Credit card (automatic),49.02,1486.8,No
CUST-05252,Male,0,41,Yes,DSL,Month-to-month,Credit card (automatic),76.39,2717.14,No
CUST-05253,Male,0,57,Yes,No,Month-to-month,Mailed check,23.89,1228.81,No
CUST-05254,Male,0,47,Yes,DSL,Two year,Mailed check,60.44,2827.38,No
CUST-05255,Female,0,9,Yes,DSL,One year,Bank transfer (automatic),41.88,324.22,No
CUST-05256,Female,0,15,Yes,DSL,One year,Electronic check,33.03,470.41,No
CUST-05257,Male,0,40,No,DSL,Month-to-month,Electronic check,101.79,3696.09,No
CUST-05258,Female,0,47,No,DSL,Month-to-month,Electronic check,59.4,2762.58,Yes
CUST-05259,Female,0,72,No,Fiber optic,One year,Credit card (automatic),33.02,2371.45,No
CUST-05260,Male,0,58,No,DSL,Two year,Bank transfer (automatic),107.04,5310.15,No
CUST-05261,Male,1,10,No,No,Two year,Credit card (automatic),93.71,830.05,No
CUST-05262,Female,1,58,No,Fiber optic,Month-to-month,Mailed check,110.22,5958.86,No
CUST-05263,Female,0,62,Yes,DSL,Two year,Bank transfer (automatic),41.76,2416.6,No
CUST-05264,Male,0,25,No,DSL,One year,Credit card (automatic),76.82,1652.31,No
CUST-05265,Male,1,48,Yes,Fiber optic,Two year,Mailed check,70.47,2958.3,No
CUST-05266,Female,1,15,No,DSL,Month-to-month,Mailed check,21.44,309.67,Yes
CUST-05267,Female,0,40,Yes,Fiber optic,Two year,Bank transfer (automatic),98.2,3816.88,No
CUST-05268,Female,1,8,No,Fiber optic,Two year,Bank transfer (automatic),59.39,435.05,No
CUST-05269,Female,1,25,No,Fiber optic,Month-to-month,Credit card (automatic),40.77,974.89,Yes
CUST-05270,Male,0,22,No,DSL,Month-to-month,Credit card (automatic),37.07,720.38,No
CUST-05271,Female,0,9,No,DSL,Month-to-month,Bank transfer (automatic),36.28,307.64,No
CUST-05272,Female,0,26,No,DSL,One year,Bank transfer (automatic),63.55,1475.26,No
CUST-05273,Male,0,1,No,DSL,Month-to-month,Mailed check,39.98,39.93,No
CUST-05274,Male,0,70,Yes,DSL,One year,Mailed check,43.51,3017.8,No
CUST-05275,Female,0,72,No,DSL,Month-to-month,Electronic check,80.53,5163.29,Yes
CUST-05276,Male,0,3,No,Fiber optic,Month-to-month,Electronic check,74.83,192.25,No
CUST-05277,Male,1,38,Yes,DSL,One year,Credit card (automatic),31.74,1167.41,Yes
CUST-05278,Male,0,1,Yes,No,Month-to-month,Credit card (automatic),73.57,67.92,No
CUST-05279,Female,1,38,No,Fiber optic,One year,Bank transfer (automatic),103.58,3638.23,No
CUST-05280,Female,0,50,No,DSL,One year,Electronic check,112.04,4996.97,No
CUST-05281,Male,0,7,No,DSL,One year,Bank transfer (automatic),67.86,433.81,No
CUST-05282,Male,0,6,Yes,DSL,Two year,Mailed check,118.99,690.55,No
CUST-05283,Female,0,70,Yes,No,Month-to-month,Mailed check,69.38,4843.54,No
CUST-05284,Male,0,13,No,No,One year,Credit card (automatic),34.24,394.55,No
CUST-05285,Female,0,37,No,DSL,Two year,Electronic check,93.67,3331.22,No
CUST-05286,Male,1,51,No,No,Month-to-month,Mailed check,108.93,5135.58,No
CUST-05287,Female,0,4,Yes,DSL,Two year,Bank transfer (automatic),50.69,187.4,No
CUST-05288,Male,0,47,Yes,No,Two year,Credit card (automatic),45.89,1905.86,No
CUST-05289,Female,0,3,Yes,DSL,Two year,Credit card (automatic),101.96,293.76,No
CUST-05290,Female,0,6,Yes,No,One year,Credit card (automatic),65.54,338.91,No
CUST-05291,Female,0,66,No,Fiber optic,Two year,Mailed check,105.31,5985.7,Yes
CUST-05292,Female,0,45,Yes,No,Two year,Electronic check,112.59,4754.55,No
CUST-05293,Female,0,49,Yes,No,Month-to-month,Bank transfer (automatic),89.58,4004.29,No
CUST-05294,Male,0,41,Yes,Fiber optic,One year,Electronic check,117.38,4429.83,No
CUST-05295,Female,0,10,No,No,Month-to-month,Bank transfer (automatic),32.42,306.03,Yes
CUST-05296,Male,0,4,Yes,No,One year,Bank transfer (automatic),99.26,347.44,No
CUST-05297,Male,0,39,Yes,No,Month-to-month,Electronic check,71.85,2453.22,Yes
CUST-05298,Female,0,18,Yes,No,One year,Credit card (automatic),31.79,540.47,No
CUST-05299,Female,0,57,No,Fiber optic,One year,Electronic check,118.5,5792.5,No
CUST-05300,Female,0,27,Yes,No,Month-to-month,Credit card (automatic),37.78,896.71,No
CUST-05301,Female,0,57,No,DSL,One year,Electronic check,51.92,2656.24,No
CUST-05302,Male,0,5,Yes,Fiber optic,One year,Mailed check,84.49,399.07,No
CUST-05303,Female,0,22,No,Fiber optic,Two year,Bank transfer (automatic),22.71,451.41,No
CUST-05304,Female,0,17,Yes,DSL,Two year,Electronic check,48.67,737.11,No
CUST-05305,Female,0,3,Yes,Fiber optic,Two year,Bank transfer (automatic),66.44,193.35,No
CUST-05306,Female,1,20,No,No,One year,Bank transfer (automatic),78.36,1504.69,No
CUST-05307,Male,0,72,Yes,Fiber optic,Month-to-month,Mailed check,96.01,5883.88,No
CUST-05308,Female,0,36,Yes,Fiber optic,One year,Mailed check,112.87,3698.87,No
CUST-05309,Male,0,30,Yes,Fiber optic,One year,Credit card (automatic),20.17,601.25,No
CUST-05310,Female,0,36,No,Fiber optic,Month-to-month,Bank transfer (automatic),37.02,1215.78,No
CUST-05311,Male,0,1,No,No,Month-to-month,Electronic check,82.95,71.22,Yes
CUST-05312,Female,0,50,Yes,No,One year,Credit card (automatic),59.59,2592.12,No
CUST-05313,Female,0,6,No,Fiber optic,One year,Electronic check,40.72,230.72,No
CUST-05314,Female,0,31,No,No,Two year,Credit card (automatic),48.59,1385.58,Yes
CUST-05315,Female,1,18,Yes,Fiber optic,Month-to-month,Electronic check,89.55,1429.97,No
CUST-05316,Female,0,5,Yes,No,Month-to-month,Mailed check,109.48,466.83,Yes
CUST-05317,Female,0,42,No,DSL,Two year,Credit card (automatic),63.14,2558.17,No
CUST-05318,Female,1,14,No,No,Two year,Credit card (automatic),97.52,1255.25,No
CUST-05319,Female,0,3,No,Fiber optic,Month-to-month,Bank transfer (automatic),35.1,89.63,No
CUST-05320,Female,1,51,Yes,DSL,One year,Mailed check,85.08,3792.53,No
CUST-05321,Male,0,49,Yes,DSL,One year,Credit card (automatic),27.45,1206.69,Yes
CUST-05322,Male,0,39,No,Fiber optic,One year,Mailed check,32.16,1193.95,No
CUST-05323,Female,0,21,Yes,DSL,One year,Mailed check,49.87,926.78,Yes
CUST-05324,Female,0,3,Yes,No,Month-to-month,Electronic check,100.35,263.75,No
CUST-05325,Male,0,61,Yes,DSL,Month-to-month,Mailed check,101.19,5898.17,No
CUST-05326,Male,0,36,No,Fiber optic,Month-to-month,Mailed check,83.1,2937.03,Yes
CUST-05327,Male,0,36,No,No,Month-to-month,Mailed check,28.5,949.41,No
CUST-05328,Male,0,9,Yes,DSL,Two year,Bank transfer (automatic),117.79,923.01,No
CUST-05329,Female,0,27,Yes,Fiber optic,Month-to-month,Bank transfer (automatic),72.92,1905.88,Yes
CUST-05330,Male,0,60,Yes,DSL,Month-to-month,Mailed check,73.63,4158.71,No
CUST-05331,Female,0,58,No,DSL,One year,Mailed check,50.04,2762.14,No
CUST-05332,Female,1,17,Yes,DSL,Two year,Bank transfer (automatic),103.5,1504.92,No
CUST-05333,Female,0,10,No,DSL,Month-to-month,Electronic check,36.88,314.84,Yes
CUST-05334,Male,1,71,Yes,No,One year,Credit card (automatic),76.23,4960.65,Yes
CUST-05335,Female,0,34,No,No,One year,Credit card (automatic),52.93,1562.34,No
CUST-05336,Male,0,57,No,DSL,Month-to-month,Electronic check,24.83,1249.46,Yes
CUST-05337,Female,0,22,Yes,DSL,Two year,Credit card (automatic),114.12,2312.55,No
CUST-05338,Male,1,24,Yes,No,Month-to-month,Bank transfer (automatic),116.86,2453.77,No
CUST-05339,Male,0,50,No,DSL,Month-to-month,Mailed check,74.91,3635.14,No
CUST-05340,Male,0,33,Yes,No,Month-to-month,Credit card (automatic),114.4,3335.64,No
CUST-05341,Female,0,62,No,No,Two year,Mailed check,25.62,1442.1,No
CUST-05342,Female,0,18,Yes,Fiber optic,Month-to-month,Bank transfer (automatic),38.29,644.88,No
CUST-05343,Female,0,22,No,DSL,One year,Mailed check,64.04,1269.87,No
CUST-05344,Female,0,44,Yes,DSL,Two year,Credit card (automatic),44.96,1853.49,No
CUST-05345,Female,0,7,No,No,Two year,Bank transfer (automatic),46.84,292.93,No
CUST-05346,Male,0,50,No,Fiber optic,Two year,Mailed check,94.23,4343.02,No
CUST-05347,Male,0,16,No,Fiber optic,Month-to-month,Mailed check,110.7,1631.57,Yes
CUST-05348,Male,0,61,Yes,DSL,Two year,Electronic check,26.21,1511.71,No
CUST-05349,Female,0,56,Yes,Fiber optic,Month-to-month,Bank transfer (automatic),55.6,2719.76,No
CUST-05350,Female,0,46,No,DSL,One year,Mailed check,103.93,4620.14,No
CUST-05351,Female,0,72,No,Fiber optic,Two year,Credit card (automatic),104.48,6465.6,No
CUST-05352,Male,0,66,No,Fiber optic,Month-to-month,Electronic check,46.38,2856.7,No
CUST-05353,Male,0,64,No,Fiber optic,Month-to-month,Electronic check,67.32,4101.57,Yes
CUST-05354,Male,1,41,No,DSL,One year,Bank transfer (automatic),56.28,2038.74,No
CUST-05355,Male,0,71,No,Fiber optic,Two year,Mailed check,20.21,1233.01,No
CUST-05356,Male,0,69,No,No,Two year,Mailed check,106.46,6412.88,No
CUST-05357,Male,0,46,No,No,One year,Bank transfer (automatic),99.44,4105.76,No
CUST-05358,Female,1,36,Yes,Fiber optic,Two year,Electronic check,70.51,2177.48,No
CUST-05359,Male,0,30,No,No,Two year,Bank transfer (automatic),114.17,2977.33,No
CUST-05360,Female,0,51,No,DSL,Month-to-month,Bank transfer (automatic),74.52,3648.81,No
CUST-05361,Female,1,35,Yes,Fiber optic,One year,Credit card (automatic),110.47,3784.35,No
CUST-05362,Male,0,20,Yes,No,Two year,Credit card (automatic),49.57,979.54,No
CUST-05363,Male,0,15,No,Fiber optic,Month-to-month,Credit card (automatic),47.0,617.74,Yes
CUST-05364,Female,1,42,No,Fiber optic,Two year,Mailed check,40.19,1538.18,No
CUST-05365,Male,0,26,No,Fiber optic,Month-to-month,Credit card (automatic),93.32,2388.12,No
CUST-05366,Female,0,33,No,DSL,One year,Electronic check,115.4,3645.79,No
CUST-05367,Female,0,26,No,Fiber optic,Month-to-month,Electronic check,82.02,1970.54,Yes
CUST-05368,Female,0,64,No,DSL,One year,Electronic check,85.53,4708.94,No
CUST-05369,Male,1,2,No,Fiber optic,One year,Mailed check,26.72,47.08,No
CUST-05370,Male,1,37,No,No,One year,Bank transfer (automatic),45.72,1451.0,No
CUST-05371,Female,0,48,Yes,Fiber optic,One year,Credit card (automatic),33.87,1389.73,No
CUST-05372,Male,0,52,No,Fiber optic,Month-to-month,Mailed check,49.25,2196.18,No
CUST-05373,Female,1,4,No,No,Month-to-month,Bank transfer (automatic),86.77,295.94,No
CUST-05374,Female,1,68,No,DSL,Two year,Credit card (automatic),64.16,3901.27,No
CUST-05375,Male,1,19,Yes,DSL,Two year,Mailed check,79.33,1477.79,No
CUST-05376,Male,0,72,No,DSL,Month-to-month,Mailed check,35.95,2422.8,No
CUST-05377,Female,0,59,Yes,No,One year,Mailed check,115.03,6531.1,No
CUST-05378,Female,0,64,Yes,Fiber optic,One year,Credit card (automatic),52.96,3016.21,No
CUST-05379,Female,0,13,Yes,DSL,Month-to-month,Credit card (automatic),103.9,1333.39,No
CUST-05380,Male,0,3,Yes,Fiber optic,Two year,Mailed check,50.15,150.39,No
CUST-05381,Female,0,68,Yes,No,Two year,Mailed check,83.41,4911.55,No
CUST-05382,Female,1,21,Yes,No,One year,Electronic check,27.55,514.04,No
CUST-05383,Male,0,20,Yes,No,Month-to-month,Bank transfer (automatic),80.43,1495.71,Yes
CUST-05384,Male,0,17,Yes,DSL,One year,Mailed check,36.23,603.04,No
CUST-05385,Male,0,63,Yes,DSL,Two year,Bank transfer (automatic),71.89,4043.15,No
CUST-05386,Male,0,2,Yes,Fiber optic,One year,Bank transfer (automatic),53.55,93.13,No
CUST-05387,Female,0,8,Yes,Fiber optic,Month-to-month,Credit card (automatic),54.83,426.1,No
CUST-05388,Female,1,24,Yes,Fiber optic,One year,Bank transfer (automatic),103.06,2443.24,No
CUST-05389,Female,0,53,Yes,No,One year,Mailed check,70.31,3451.58,No
CUST-05390,Female,0,31,No,DSL,One year,Credit card (automatic),20.01,556.65,No
CUST-05391,Female,1,57,Yes,DSL,Two year,Mailed check,117.5,6491.82,No
CUST-05392,Female,0,1,Yes,DSL,Month-to-month,Electronic check,67.9,62.15,No
CUST-05393,Female,1,54,No,Fiber optic,One year,Electronic check,113.12,5864.19,No
CUST-05394,Female,0,14,Yes,Fiber optic,One year,Mailed check,108.59,1309.07,No
CUST-05395,Female,0,54,Yes,Fiber optic,Month-to-month,Credit card (automatic),64.21,2964.69,No
CUST-05396,Female,1,43,Yes,Fiber optic,Month-to-month,Mailed check,34.32,1268.09,No
CUST-05397,Female,0,23,No,Fiber optic,Two year,Electronic check,26.39,590.88,No
CUST-05398,Male,1,52,No,DSL,One year,Bank transfer (automatic),24.54,1165.18,Yes
CUST-05399,Male,0,33,No,No,Month-to-month,Mailed check,107.78,3555.97,No
CUST-05400,Female,0,18,No,DSL,Month-to-month,Mailed check,20.87,355.33,No
CUST-05401,Female,0,37,Yes,DSL,One year,Electronic check,85.16,3003.47,No
CUST-05402,Male,0,9,No,DSL,Two year,Mailed check,89.91,776.42,No
CUST-05403,Female,0,41,No,DSL,Two year,Bank transfer (automatic),109.33,4366.88,No
CUST-05404,Male,0,23,No,No,Two year,Credit card (automatic),112.71,2479.06,No
CUST-05405,Female,1,11,Yes,Fiber optic,Month-to-month,Electronic check,115.34,1101.1,Yes
CUST-05406,Male,0,35,No,DSL,One year,Bank transfer (automatic),20.35,685.21,No
CUST-05407,Female,0,43,No,DSL,Two year,Credit card (automatic),38.34,1612.43,No
CUST-05408,Female,0,6,Yes,Fiber optic,Two year,Electronic check,82.26,489.08,No
CUST-05409,Female,1,54,No,DSL,Two year,Bank transfer (automatic),96.84,5152.5,No
CUST-05410,Female,0,71,Yes,Fiber optic,Month-to-month,Electronic check,20.94,1471.24,No
CUST-05411,Female,1,65,No,Fiber optic,One year,Credit card (automatic),66.18,4297.49,No
CUST-05412,Male,0,24,Yes,No,Month-to-month,Credit card (automatic),111.33,2557.02,No
CUST-05413,Female,1,59,Yes,Fiber optic,Month-to-month,Electronic check,94.82,5046.97,No
CUST-05414,Male,0,26,No,Fiber optic,One year,Credit card (automatic),113.84,2518.28,No
CUST-05415,Female,0,61,No,Fiber optic,Month-to-month,Credit card (automatic),79.49,4736.92,No
CUST-05416,Female,1,18,Yes,No,Two year,Credit card (automatic),109.76,1909.54,No
CUST-05417,Male,0,22,No,Fiber optic,Two year,Electronic check,55.14,1053.14,No
CUST-05418,Male,1,7,No,DSL,Month-to-month,Credit card (automatic),119.07,819.14,No
CUST-05419,Female,1,47,Yes,No,One year,Electronic check,68.33,2821.79,No
CUST-05420,Female,0,56,Yes,Fiber optic,Two year,Electronic check,34.32,1818.53,No
CUST-05421,Male,0,14,No,DSL,One year,Electronic check,62.79,849.14,No
CUST-05422,Male,1,48,No,DSL,Month-to-month,Credit card (automatic),95.34,4292.37,No
CUST-05423,Male,1,57,Yes,DSL,One year,Electronic check,78.23,3902.45,No
CUST-05424,Female,0,8,Yes,DSL,Month-to-month,Bank transfer (automatic),61.07,478.21,No
CUST-05425,Female,0,11,Yes,Fiber optic,Two year,Credit card (automatic),37.47,356.45,No
CUST-05426,Male,0,59,No,DSL,Month-to-month,Mailed check,115.57,5909.1,No
CUST-05427,Female,1,5,Yes,DSL,Month-to-month,Bank transfer (automatic),88.9,429.53,No
CUST-05428,Female,1,48,No,No,Two year,Bank transfer (automatic),54.66,2290.24,No
CUST-05429,Female,0,1,Yes,Fiber optic,Two year,Bank transfer (automatic),108.26,92.69,No
CUST-05430,Male,0,30,No,Fiber optic,Month-to-month,Mailed check,82.75,2282.08,Yes
CUST-05431,Female,0,27,Yes,No,Month-to-month,Credit card (automatic),86.1,2297.39,No
CUST-05432,Male,0,34,Yes,Fiber optic,Two year,Credit card (automatic),98.03,3090.48,No
CUST-05433,Female,0,37,No,DSL,Two year,Electronic check,74.87,2546.02,No
CUST-05434,Male,1,39,No,DSL,One year,Electronic check,59.48,2237.63,No
CUST-05435,Male,1,62,Yes,DSL,Month-to-month,Credit card (automatic),66.55,3582.78,Yes
CUST-05436,Male,1,53,No,No,Month-to-month,Mailed check,70.58,3673.94,Yes
CUST-05437,Female,0,45,No,DSL,Month-to-month,Electronic check,111.94,4666.82,No
CUST-05438,Male,0,4,No,Fiber optic,Month-to-month,Electronic check,115.62,459.17,No
CUST-05439,Male,1,1,No,DSL,Two year,Bank transfer (automatic),100.33,92.51,No
CUST-05440,Male,0,70,No,No,Month-to-month,Credit card (automatic),63.89,4362.48,Yes
CUST-05441,Male,1,71,Yes,DSL,Two year,Bank transfer (automatic),87.36,5341.56,No
CUST-05442,Female,0,37,Yes,No,One year,Mailed check,22.03,774.91,No
CUST-05443,Female,0,38,No,No,One year,Mailed check,113.51,4223.23,No
CUST-05444,Male,0,56,Yes,DSL,One year,Electronic check,80.8,4091.33,Yes
CUST-05445,Female,0,39,Yes,Fiber optic,Two year,Bank transfer (automatic),31.78,1158.8,No
CUST-05446,Male,0,2,No,Fiber optic,Two year,Credit card (automatic),39.06,69.94,No
CUST-05447,Male,1,2,No,DSL,Month-to-month,Bank transfer (automatic),104.72,186.01,No
CUST-05448,Male,0,53,Yes,Fiber optic,Two year,Electronic check,67.37,3525.06,No
CUST-05449,Female,0,45,Yes,Fiber optic,One year,Bank transfer (automatic),62.04,2720.69,Yes
CUST-05450,Female,1,39,Yes,Fiber optic,Month-to-month,Credit card (automatic),21.85,744.25,No
CUST-05451,Male,1,6,Yes,Fiber optic,One year,Electronic check,100.74,517.09,No
CUST-05452,Male,0,72,No,No,One year,Electronic check,63.88,4261.02,No
CUST-05453,Male,0,37,Yes,Fiber optic,Month-to-month,Electronic check,85.83,3092.5,Yes
CUST-05454,Male,0,63,Yes,Fiber optic,One year,Bank transfer (automatic),102.32,5666.91,No
CUST-05455,Male,1,6,No,No,Month-to-month,Electronic check,59.22,328.86,Yes
CUST-05456,Female,0,66,Yes,No,Month-to-month,Mailed check,76.76,4905.22,No
CUST-05457,Female,0,35,Yes,Fiber optic,Month-to-month,Mailed check,48.26,1506.21,No
CUST-05458,Female,0,38,Yes,No,One year,Credit card (automatic),84.0,2842.17,No
CUST-05459,Male,0,50,Yes,Fiber optic,One year,Mailed check,112.4,4922.48,No
CUST-05460,Female,0,57,No,DSL,Two year,Credit card (automatic),96.15,5253.79,No
CUST-05461,Male,0,50,Yes,No,Month-to-month,Electronic check,70.23,3322.09,Yes
CUST-05462,Male,1,42,Yes,No,One year,Bank transfer (automatic),62.34,2355.55,No
CUST-05463,Female,0,65,Yes,Fiber optic,Month-to-month,Electronic check,113.55,6527.37,No
CUST-05464,Female,0,1,Yes,Fiber optic,One year,Credit card (automatic),116.97,112.12,No
CUST-05465,Female,1,8,No,No,Two year,Electronic check,78.33,578.76,No
CUST-05466,Female,0,11,Yes,Fiber optic,One year,Credit card (automatic),106.66,1123.57,No
CUST-05467,Male,1,61,No,DSL,Month-to-month,Mailed check,26.02,1358.23,Yes
CUST-05468,Male,1,43,Yes,Fiber optic,One year,Credit card (automatic),48.35,2043.27,No
CUST-05469,Male,1,24,No,Fiber optic,Two year,Mailed check,90.88,2096.08,No
CUST-05470,Female,0,24,No,No,One year,Credit card (automatic),111.56,2492.23,No
CUST-05471,Male,0,11,Yes,No,Month-to-month,Bank transfer (automatic),75.53,790.56,Yes
CUST-05472,Male,0,29,Yes,No,Month-to-month,Mailed check,99.15,2732.36,No
CUST-05473,Female,0,50,Yes,DSL,Month-to-month,Bank transfer (automatic),74.14,3210.71,No
CUST-05474,Female,0,55,No,Fiber optic,Month-to-month,Credit card (automatic),91.76,4629.3,No
CUST-05475,Female,1,50,Yes,Fiber optic,Month-to-month,Bank transfer (automatic),64.21,2904.49,No
CUST-05476,Female,0,18,Yes,No,Two year,Credit card (automatic),41.74,710.65,No
CUST-05477,Female,0,62,Yes,Fiber optic,Month-to-month,Electronic check,102.17,5841.39,No
CUST-05478,Female,0,66,Yes,No,Month-to-month,Electronic check,35.8,2255.49,Yes
CUST-05479,Male,0,57,Yes,No,One year,Mailed check,66.0,3674.73,No
CUST-05480,Female,0,62,Yes,DSL,One year,Credit card (automatic),70.07,4049.1,No
CUST-05481,Male,0,23,Yes,DSL,One year,Mailed check,65.88,1422.09,No
CUST-05482,Female,0,61,No,No,Two year,Electronic check,100.45,6103.14,No
CUST-05483,Male,1,65,No,Fiber optic,One year,Mailed check,100.2,6080.7,No
CUST-05484,Female,1,3,No,DSL,Two year,Credit card (automatic),83.75,232.73,No
CUST-05485,Male,0,44,No,No,Month-to-month,Bank transfer (automatic),92.81,3639.63,Yes
CUST-05486,Male,0,60,No,DSL,Month-to-month,Electronic check,37.91,2210.08,No
CUST-05487,Female,0,53,No,No,One year,Electronic check,109.12,5073.85,No
CUST-05488,Male,0,60,Yes,No,Two year,Electronic check,51.67,3027.92,No
CUST-05489,Male,0,18,No,DSL,One year,Credit card (automatic),34.97,608.91,No
CUST-05490,Female,0,5,No,DSL,One year,Credit card (automatic),38.32,176.48,No
CUST-05491,Male,0,32,Yes,DSL,One year,Mailed check,83.94,2614.21,No
CUST-05492,Female,0,56,Yes,DSL,Two year,Electronic check,79.88,4122.17,No
CUST-05493,Male,0,40,Yes,No,One year,Bank transfer (automatic),54.23,2060.82,No
CUST-05494,Female,0,4,No,No,Month-to-month,Mailed check,60.09,237.42,Yes
CUST-05495,Female,0,68,Yes,No,Month-to-month,Electronic check,31.83,2033.6,No
CUST-05496,Male,0,37,No,Fiber optic,One year,Credit card (automatic),59.81,2185.77,No
CUST-05497,Female,0,65,Yes,Fiber optic,Two year,Electronic check,58.35,3334.09,No
CUST-05498,Female,0,16,No,DSL,Month-to-month,Credit card (automatic),118.56,1852.57,Yes
CUST-05499,Male,0,39,Yes,Fiber optic,One year,Bank transfer (automatic),54.73,1942.23,No
CUST-05500,Female,1,15,No,No,Month-to-month,Mailed check,115.18,1541.96,No
CUST-05501,Male,0,38,Yes,Fiber optic,Two year,Electronic check,76.39,2885.13,No
CUST-05502,Female,0,67,No,Fiber optic,One year,Mailed check,38.78,2435.51,No
CUST-05503,Male,0,58,Yes,Fiber optic,Month-to-month,Credit card (automatic),65.0,3682.35,Yes
CUST-05504,Female,0,48,Yes,Fiber optic,Two year,Credit card (automatic),78.27,3706.83,No
CUST-05505,Male,0,29,No,DSL,One year,Bank transfer (automatic),25.38,715.41,No
CUST-05506,Male,0,15,Yes,Fiber optic,Month-to-month,Bank transfer (automatic),118.42,1616.89,No
CUST-05507,Female,0,4,No,No,Two year,Credit card (automatic),54.44,191.83,No
CUST-05508,Female,1,42,Yes,DSL,Two year,Credit card (automatic),48.65,1894.82,No
CUST-05509,Female,0,37,No,DSL,One year,Mailed check,35.78,1208.32,No
CUST-05510,Female,0,4,Yes,No,Two year,Bank transfer (automatic),70.99,277.39,No
CUST-05511,Male,0,1,No,DSL,Two year,Mailed check,30.55,29.53,No
CUST-05512,Male,0,18,Yes,No,Month-to-month,Bank transfer (automatic),88.94,1552.51,No
CUST-05513,Female,0,34,Yes,No,Month-to-month,Credit card (automatic),106.6,3530.84,No
CUST-05514,Female,1,70,No,No,Month-to-month,Bank transfer (automatic),23.18,1528.0,No
CUST-05515,Female,0,68,No,Fiber optic,Month-to-month,Credit card (automatic),28.3,1835.04,No
CUST-05516,Female,0,58,No,No,Two year,Electronic check,109.86,5976.33,No
CUST-05517,Male,0,11,No,DSL,Two year,Electronic check,48.61,510.06,No
CUST-05518,Female,0,9,No,No,Two year,Mailed check,41.67,350.26,No
CUST-05519,Male,1,31,Yes,DSL,Two year,Bank transfer (automatic),61.16,1704.48,No
CUST-05520,Male,0,68,No,Fiber optic,One year,Electronic check,21.1,1258.75,No
CUST-05521,Female,0,70,Yes,No,One year,Mailed check,85.05,5757.55,No
CUST-05522,Female,1,19,No,Fiber optic,Month-to-month,Mailed check,45.56,737.73,No
CUST-05523,Male,0,37,No,DSL,Two year,Bank transfer (automatic),87.02,2777.83,No
CUST-05524,Male,0,19,Yes,Fiber optic,Month-to-month,Bank transfer (automatic),55.23,948.24,No
CUST-05525,Male,0,56,Yes,Fiber optic,Two year,Electronic check,91.92,4822.24,No
CUST-05526,Female,0,40,Yes,Fiber optic,Month-to-month,Credit card (automatic),71.86,2741.59,No
CUST-05527,Female,0,35,No,Fiber optic,Month-to-month,Electronic check,29.76,894.71,No
CUST-05528,Female,0,45,No,DSL,Month-to-month,Bank transfer (automatic),38.3,1527.81,No
CUST-05529,Female,1,11,Yes,DSL,One year,Electronic check,68.83,754.37,No
CUST-05530,Female,0,70,No,Fiber optic,One year,Electronic check,117.5,7231.99,No
CUST-05531,Female,0,52,Yes,DSL,Month-to-month,Bank transfer (automatic),81.52,3779.19,Yes
CUST-05532,Male,0,47,No,DSL,Two year,Bank transfer (automatic),64.59,2634.13,No
CUST-05533,Male,0,52,No,No,One year,Bank transfer (automatic),47.91,2228.6,No
CUST-05534,Male,0,62,No,No,One year,Electronic check,103.08,6072.61,No
CUST-05535,Female,0,24,Yes,Fiber optic,One year,Bank transfer (automatic),68.72,1418.46,No
CUST-05536,Male,0,38,Yes,No,Two year,Mailed check,41.98,1449.93,No
CUST-05537,Female,0,40,No,DSL,Month-to-month,Credit card (automatic),64.84,2231.36,No
CUST-05538,Male,0,18,No,Fiber optic,Month-to-month,Bank transfer (automatic),88.22,1577.91,No
CUST-05539,Female,0,40,No,DSL,Two year,Bank transfer (automatic),57.11,2189.35,No
CUST-05540,Female,0,24,Yes,Fiber optic,One year,Mailed check,24.03,542.03,No
CUST-05541,Male,0,5,Yes,Fiber optic,Month-to-month,Mailed check,65.64,296.54,Yes
CUST-05542,Female,0,49,No,No,Month-to-month,Bank transfer (automatic),101.68,4600.57,No
CUST-05543,Male,0,12,No,Fiber optic,Month-to-month,Mailed check,96.2,1115.58,No
CUST-05544,Male,0,15,Yes,DSL,Month-to-month,Mailed check,57.74,782.19,No
CUST-05545,Female,0,57,Yes,No,Month-to-month,Mailed check,117.09,6361.42,No
CUST-05546,Male,0,23,No,DSL,Two year,Electronic check,20.6,444.43,No
CUST-05547,Male,0,29,No,Fiber optic,One year,Electronic check,56.45,1517.92,No
CUST-05548,Female,0,50,No,No,Month-to-month,Credit card (automatic),22.9,1028.07,Yes
CUST-05549,Female,0,12,No,DSL,Month-to-month,Credit card (automatic),46.54,558.05,No
CUST-05550,Male,0,57,Yes,DSL,Two year,Electronic check,78.44,4396.27,No
CUST-05551,Male,0,27,No,Fiber optic,Month-to-month,Electronic check,70.95,1763.74,No
CUST-05552,Male,0,26,Yes,Fiber optic,One year,Credit card (automatic),56.51,1356.34,No
CUST-05553,Female,0,62,No,No,Two year,Mailed check,84.94,4740.73,No
CUST-05554,Male,0,33,No,Fiber optic,Month-to-month,Bank transfer (automatic),80.52,2370.25,No
CUST-05555,Male,0,64,No,No,Month-to-month,Electronic check,81.41,4667.69,No
CUST-05556,Male,0,35,Yes,No,Two year,Electronic check,73.5,2187.23,No
CUST-05557,Male,0,65,No,No,Month-to-month,Mailed check,96.48,5855.19,No
CUST-05558,Male,0,48,Yes,No,Two year,Mailed check,62.17,2671.69,No
CUST-05559,Female,0,8,No,No,One year,Electronic check,66.11,465.14,No
CUST-05560,Female,1,71,Yes,Fiber optic,Two year,Mailed check,65.97,3995.69,No
CUST-05561,Male,0,23,Yes,Fiber optic,Two year,Credit card (automatic),110.13,2259.36,No
CUST-05562,Female,0,66,No,DSL,Month-to-month,Bank transfer (automatic),61.2,3732.24,No
CUST-05563,Male,0,11,No,Fiber optic,Month-to-month,Mailed check,79.56,833.75,Yes
CUST-05564,Male,0,63,Yes,Fiber optic,Month-to-month,Mailed check,110.52,6733.99,Yes
CUST-05565,Male,1,56,Yes,DSL,One year,Electronic check,69.88,3707.85,No
CUST-05566,Female,0,15,No,No,Two year,Mailed check,50.48,752.76,No
CUST-05567,Male,0,44,No,DSL,Month-to-month,Credit card (automatic),36.6,1483.04,Yes
CUST-05568,Female,0,36,No,Fiber optic,Month-to-month,Electronic check,112.24,3655.02,Yes
CUST-05569,Female,0,20,Yes,Fiber optic,Two year,Credit card (automatic),24.88,464.38,No
CUST-05570,Female,0,36,Yes,DSL,One year,Bank transfer (automatic),35.29,1143.83,No
CUST-05571,Female,1,71,Yes,Fiber optic,One year,Mailed check,45.82,2980.28,No
CUST-05572,Male,0,5,No,No,Month-to-month,Electronic check,66.83,299.6,Yes
CUST-05573,Male,0,47,No,DSL,Two year,Electronic check,110.28,4883.86,No
CUST-05574,Male,0,67,No,No,Month-to-month,Credit card (automatic),118.91,7496.49,No
CUST-05575,Male,0,52,No,DSL,One year,Credit card (automatic),51.29,2357.32,No
CUST-05576,Male,1,28,No,No,Month-to-month,Bank transfer (automatic),35.38,892.2,No
CUST-05577,Female,0,45,Yes,DSL,Two year,Electronic check,21.28,904.84,No
CUST-05578,Male,1,63,Yes,Fiber optic,Two year,Electronic check,64.68,3680.01,No
CUST-05579,Male,0,70,No,No,Month-to-month,Bank transfer (automatic),63.16,3955.91,No
CUST-05580,Male,0,5,No,DSL,Month-to-month,Bank transfer (automatic),104.52,459.3,No
CUST-05581,Male,1,69,Yes,No,Two year,Mailed check,43.87,2849.05,No
CUST-05582,Female,0,59,Yes,Fiber optic,One year,Mailed check,83.53,4877.84,No
CUST-05583,Male,0,20,Yes,No,Month-to-month,Credit card (automatic),53.64,993.29,No
CUST-05584,Male,0,70,No,Fiber optic,Two year,Mailed check,86.8,6062.69,No
CUST-05585,Male,1,7,Yes,DSL,Two year,Bank transfer (automatic),61.28,412.29,No
CUST-05586,Female,0,50,Yes,DSL,Two year,Mailed check,91.48,4226.18,No
CUST-05587,Male,1,29,No,DSL,Month-to-month,Credit card (automatic),77.32,2213.72,Yes
CUST-05588,Male,1,61,Yes,DSL,Two year,Bank transfer (automatic),25.66,1539.98,No
CUST-05589,Male,1,59,Yes,Fiber optic,Two year,Electronic check,75.41,3839.04,No
CUST-05590,Male,1,16,No,DSL,Two year,Electronic check,99.27,1504.57,No
CUST-05591,Female,0,9,No,Fiber optic,Month-to-month,Mailed check,56.22,471.56,Yes
CUST-05592,Male,1,27,No,Fiber optic,Month-to-month,Electronic check,51.52,1205.01,No
CUST-05593,Male,1,55,Yes,Fiber optic,Two year,Electronic check,35.19,1690.07,No
CUST-05594,Female,1,35,Yes,DSL,One year,Electronic check,22.14,728.99,No
CUST-05595,Female,0,44,No,Fiber optic,Month-to-month,Mailed check,29.69,1155.24,No
CUST-05596,Male,0,59,Yes,No,Two year,Mailed check,58.83,3414.67,No
CUST-05597,Female,1,56,No,Fiber optic,One year,Bank transfer (automatic),24.67,1376.61,No
CUST-05598,Male,0,9,No,Fiber optic,Two year,Bank transfer (automatic),64.95,535.42,No
CUST-05599,Male,0,35,No,No,Two year,Credit card (automatic),65.98,1978.67,No
CUST-05600,Female,1,61,Yes,Fiber optic,Month-to-month,Bank transfer (automatic),99.84,5358.49,No
CUST-05601,Female,0,30,Yes,Fiber optic,One year,Credit card (automatic),53.69,1600.05,No
CUST-05602,Male,0,31,No,Fiber optic,Month-to-month,Credit card (automatic),115.69,3298.3,No
CUST-05603,Female,0,68,Yes,No,Two year,Credit card (automatic),54.74,3242.53,No
CUST-05604,Female,0,33,Yes,No,Two year,Credit card (automatic),86.62,2708.45,No
CUST-05605,Female,0,42,Yes,DSL,Month-to-month,Bank transfer (automatic),37.25,1508.2,No
CUST-05606,Female,1,28,Yes,DSL,Two year,Bank transfer (automatic),114.53,2853.9,No
CUST-05607,Female,1,51,No,DSL,One year,Electronic check,59.69,2815.48,No
CUST-05608,Female,0,70,Yes,DSL,One year,Credit card (automatic),90.5,5751.61,No
CUST-05609,Female,1,30,No,DSL,Month-to-month,Mailed check,97.24,2823.39,No
CUST-05610,Male,0,52,No,Fiber optic,Month-to-month,Credit card (automatic),106.76,4842.3,No
CUST-05611,Female,0,68,No,Fiber optic,Two year,Credit card (automatic),31.7,2095.19,No
CUST-05612,Male,0,57,No,No,One year,Bank transfer (automatic),58.51,3136.96,No
CUST-05613,Male,0,4,No,Fiber optic,Month-to-month,Electronic check,81.12,301.97,Yes
CUST-05614,Male,0,40,No,No,Month-to-month,Electronic check,82.22,3057.96,No
CUST-05615,Male,0,17,No,DSL,Month-to-month,Credit card (automatic),36.27,565.62,No
CUST-05616,Female,0,45,No,No,One year,Credit card (automatic),41.48,1669.77,No
CUST-05617,Female,0,4,No,Fiber optic,One year,Credit card (automatic),22.91,79.14,No
CUST-05618,Female,0,23,Yes,DSL,Month-to-month,Credit card (automatic),73.86,1588.7,No
CUST-05619,Male,1,56,No,DSL,Two year,Mailed check,62.03,3111.03,No
CUST-05620,Female,1,47,No,DSL,One year,Credit card (automatic),59.2,2728.97,No
CUST-05621,Female,0,37,Yes,No,One year,Electronic check,55.81,1807.18,Yes
CUST-05622,Female,0,28,No,DSL,Month-to-month,Bank transfer (automatic),77.33,1847.75,Yes
CUST-05623,Male,1,60,Yes,DSL,Two year,Electronic check,62.3,3493.75,No
CUST-05624,Male,0,66,Yes,Fiber optic,One year,Bank transfer (automatic),62.35,3811.51,No
CUST-05625,Female,1,3,No,DSL,Two year,Mailed check,60.54,169.03,No
CUST-05626,Female,0,8,Yes,DSL,Two year,Electronic check,57.51,407.59,No
CUST-05627,Male,1,30,Yes,Fiber optic,Two year,Credit card (automatic),78.61,2147.42,No
CUST-05628,Female,0,51,No,Fiber optic,Month-to-month,Credit card (automatic),70.27,3289.44,No
CUST-05629,Female,0,37,No,No,Two year,Electronic check,98.24,3260.61,No
CUST-05630,Female,0,20,Yes,No,One year,Bank transfer (automatic),99.2,1933.46,No
CUST-05631,Male,0,52,Yes,No,Two year,Credit card (automatic),52.26,2672.48,No
CUST-05632,Male,1,13,No,DSL,Month-to-month,Bank transfer (automatic),55.54,688.74,No
CUST-05633,Male,0,25,No,DSL,One year,Bank transfer (automatic),64.1,1485.19,No
CUST-05634,Female,1,55,No,DSL,One year,Electronic check,32.54,1656.47,No
CUST-05635,Female,0,48,Yes,No,Two year,Electronic check,67.68,3169.32,No
CUST-05636,Female,0,37,Yes,DSL,One year,Mailed check,81.45,2927.19,No
CUST-05637,Male,0,43,No,DSL,Month-to-month,Electronic check,24.57,1021.19,No
CUST-05638,Male,1,45,Yes,Fiber optic,One year,Mailed check,72.36,3101.74,No
CUST-05639,Male,1,8,No,Fiber optic,Month-to-month,Electronic check,93.03,727.06,Yes
CUST-05640,Male,0,50,No,No,Month-to-month,Bank transfer (automatic),73.97,3338.13,No
CUST-05641,Female,0,22,Yes,Fiber optic,One year,Bank transfer (automatic),81.99,1661.13,No
CUST-05642,Male,0,31,Yes,Fiber optic,Two year,Electronic check,100.38,2771.73,No
CUST-05643,Female,0,59,Yes,DSL,Two year,Mailed check,105.92,6224.35,No
CUST-05644,Female,0,25,Yes,No,One year,Electronic check,34.79,763.43,No
CUST-05645,Male,0,42,Yes,No,Two year,Bank transfer (automatic),58.06,2229.55,No
CUST-05646,Female,0,49,Yes,DSL,One year,Bank transfer (automatic),92.52,4463.36,No
CUST-05647,Female,1,69,No,No,Two year,Mailed check,117.12,7686.87,No
CUST-05648,Male,0,47,Yes,Fiber optic,One year,Electronic check,36.91,1555.9,No
CUST-05649,Male,0,23,No,Fiber optic,Month-to-month,Electronic check,107.99,2263.13,Yes
CUST-05650,Male,0,70,No,DSL,One year,Credit card (automatic),84.92,5595.27,No
CUST-05651,Male,0,13,No,Fiber optic,Month-to-month,Electronic check,25.09,307.84,No
CUST-05652,Female,0,52,Yes,DSL,Two year,Electronic check,26.73,1291.08,No
CUST-05653,Male,0,30,Yes,Fiber optic,Two year,Bank transfer (automatic),94.12,2494.94,No
CUST-05654,Male,0,17,No,No,One year,Electronic check,58.43,940.87,No
CUST-05655,Female,0,20,No,No,Two year,Mailed check,74.99,1472.51,No
CUST-05656,Male,0,40,No,DSL,One year,Bank transfer (automatic),53.53,1954.46,No
CUST-05657,Female,1,22,No,DSL,Month-to-month,Mailed check,93.42,1889.47,No
CUST-05658,Male,0,1,No,No,Month-to-month,Mailed check,29.84,26.49,Yes
CUST-05659,Female,1,68,Yes,No,Two year,Credit card (automatic),81.99,4756.22,No
CUST-05660,Female,0,68,Yes,DSL,One year,Bank transfer (automatic),79.33,4900.67,No
CUST-05661,Female,0,8,Yes,No,Month-to-month,Electronic check,53.38,413.08,Yes
CUST-05662,Female,1,50,No,No,Two year,Bank transfer (automatic),76.09,3666.18,No
CUST-05663,Male,1,12,No,Fiber optic,One year,Mailed check,72.4,781.56,No
CUST-05664,Female,0,20,Yes,DSL,Month-to-month,Mailed check,49.36,921.35,Yes
CUST-05665,Male,0,61,No,No,Two year,Bank transfer (automatic),62.71,3733.11,No
CUST-05666,Male,0,27,No,DSL,One year,Electronic check,39.0,1037.78,Yes
CUST-05667,Female,1,32,No,Fiber optic,Two year,Mailed check,67.38,2039.95,No
CUST-05668,Male,0,67,Yes,Fiber optic,One year,Mailed check,80.67,5181.09,Yes
CUST-05669,Female,1,10,Yes,No,One year,Mailed check,100.86,952.47,No
CUST-05670,Male,1,71,No,DSL,Month-to-month,Mailed check,24.97,1695.81,Yes
CUST-05671,Female,0,66,No,Fiber optic,One year,Mailed check,98.2,5852.33,No
CUST-05672,Female,0,38,No,No,One year,Mailed check,102.42,3413.26,Yes
CUST-05673,Female,0,26,Yes,DSL,One year,Mailed check,108.43,2478.52,Yes
CUST-05674,Male,0,27,No,DSL,Month-to-month,Electronic check,75.75,1986.5,Yes
CUST-05675,Male,0,17,Yes,Fiber optic,Month-to-month,Mailed check,26.11,403.91,No
CUST-05676,Female,0,31,No,DSL,Month-to-month,Electronic check,99.25,2974.77,No
CUST-05677,Male,0,44,Yes,DSL,Month-to-month,Bank transfer (automatic),40.44,1693.16,No
CUST-05678,Female,0,7,No,Fiber optic,Month-to-month,Electronic check,87.16,558.95,Yes
CUST-05679,Male,0,40,Yes,No,Month-to-month,Bank transfer (automatic),93.12,3617.06,No
CUST-05680,Male,0,43,Yes,No,Month-to-month,Credit card (automatic),67.39,2613.81,No
CUST-05681,Male,0,3,No,Fiber optic,Two year,Mailed check,33.03,96.99,No
CUST-05682,Male,1,11,Yes,No,Two year,Electronic check,92.55,925.44,No
CUST-05683,Female,0,46,Yes,No,Month-to-month,Electronic check,114.08,4738.8,Yes
CUST-05684,Male,0,66,No,Fiber optic,Month-to-month,Bank transfer (automatic),90.59,5747.57,Yes
CUST-05685,Male,1,5,Yes,Fiber optic,Two year,Mailed check,89.49,419.49,No
CUST-05686,Male,0,2,No,Fiber optic,Two year,Electronic check,101.71,188.4,No
CUST-05687,Female,0,68,No,DSL,Month-to-month,Electronic check,108.93,7399.36,No
CUST-05688,Male,0,31,No,Fiber optic,One year,Electronic check,46.45,1431.79,No
CUST-05689,Male,0,48,No,No,Two year,Bank transfer (automatic),106.57,4779.26,No
CUST-05690,Male,1,17,No,Fiber optic,One year,Mailed check,107.99,1765.08,No
CUST-05691,Female,0,31,Yes,Fiber optic,Month-to-month,Credit card (automatic),99.78,3016.27,Yes
CUST-05692,Male,0,50,No,DSL,Two year,Credit card (automatic),75.15,3642.93,No
CUST-05693,Female,0,53,Yes,Fiber optic,One year,Mailed check,96.67,4790.22,No
CUST-05694,Male,0,39,No,DSL,One year,Credit card (automatic),91.68,3369.74,Yes
CUST-05695,Male,0,30,No,DSL,Month-to-month,Electronic check,23.29,696.58,No
CUST-05696,Female,1,61,No,No,Month-to-month,Electronic check,83.21,4748.81,Yes
CUST-05697,Male,0,68,Yes,Fiber optic,One year,Electronic check,67.84,4540.75,No
CUST-05698,Female,0,51,Yes,Fiber optic,One year,Electronic check,71.92,3298.14,Yes
CUST-05699,Male,0,62,No,Fiber optic,Two year,Bank transfer (automatic),79.59,4576.66,No
CUST-05700,Female,0,35,Yes,No,Month-to-month,Electronic check,63.66,2104.75,No
CUST-05701,Male,0,59,No,DSL,Two year,Electronic check,84.8,4859.55,No
CUST-05702,Male,1,2,No,DSL,Two year,Electronic check,59.5,117.22,No
CUST-05703,Female,1,4,Yes,DSL,Month-to-month,Mailed check,76.78,292.42,Yes
CUST-05704,Male,0,12,Yes,DSL,Month-to-month,Bank transfer (automatic),115.33,1179.27,Yes
CUST-05705,Male,0,48,Yes,No,One year,Mailed check,92.3,4081.32,No
CUST-05706,Male,1,26,No,Fiber optic,Month-to-month,Bank transfer (automatic),99.49,2441.25,Yes
CUST-05707,Male,1,58,Yes,DSL,Two year,Mailed check,39.42,2179.09,No
CUST-05708,Female,0,61,Yes,Fiber optic,Month-to-month,Mailed check,105.11,5643.13,No
CUST-05709,Male,0,8,Yes,Fiber optic,Two year,Electronic check,93.93,651.06,No
CUST-05710,Female,0,7,No,DSL,Month-to-month,Credit card (automatic),100.32,666.44,No
CUST-05711,Male,1,70,No,Fiber optic,Two year,Mailed check,71.57,4362.05,No
CUST-05712,Female,0,22,No,Fiber optic,Month-to-month,Mailed check,22.44,423.58,Yes
CUST-05713,Female,1,51,No,Fiber optic,Two year,Credit card (automatic),38.27,1722.17,No
CUST-05714,Male,0,59,No,Fiber optic,One year,Mailed check,59.48,3369.62,No
CUST-05715,Male,0,36,No,Fiber optic,One year,Mailed check,23.06,771.17,Yes
CUST-05716,Male,0,15,Yes,No,Two year,Credit card (automatic),52.97,786.59,No
CUST-05717,Female,1,21,No,DSL,Month-to-month,Bank transfer (automatic),107.44,1937.97,No
CUST-05718,Female,0,72,Yes,Fiber optic,One year,Bank transfer (automatic),98.79,6766.72,No
CUST-05719,Male,1,24,Yes,Fiber optic,One year,Credit card (automatic),119.3,2631.36,No
CUST-05720,Female,0,68,No,DSL,One year,Electronic check,109.32,6386.65,No
CUST-05721,Female,0,54,Yes,DSL,Two year,Credit card (automatic),50.95,2377.47,No
CUST-05722,Male,1,34,No,No,Two year,Credit card (automatic),96.64,2816.91,Yes
CUST-05723,Female,0,69,Yes,DSL,One year,Mailed check,99.99,6495.97,No
CUST-05724,Female,1,48,No,No,Month-to-month,Mailed check,44.82,1848.72,No
CUST-05725,Male,1,16,No,DSL,Month-to-month,Credit card (automatic),105.52,1537.51,No
CUST-05726,Male,0,32,Yes,DSL,Two year,Mailed check,107.69,2947.84,No
CUST-05727,Male,0,9,Yes,Fiber optic,Month-to-month,Mailed check,49.72,409.12,Yes
CUST-05728,Female,0,51,No,No,Month-to-month,Electronic check,35.6,1641.88,No
CUST-05729,Male,1,42,No,DSL,One year,Electronic check,57.84,2273.73,No
CUST-05730,Male,0,33,Yes,Fiber optic,One year,Electronic check,103.07,3163.11,No
CUST-05731,Male,1,70,Yes,DSL,One year,Mailed check,38.04,2302.81,No
CUST-05732,Female,0,63,Yes,No,One year,Bank transfer (automatic),21.54,1219.19,No
CUST-05733,Male,0,59,Yes,No,Two year,Bank transfer (automatic),75.04,3990.55,No
CUST-05734,Female,1,42,No,DSL,One year,Electronic check,76.54,3191.6,No
CUST-05735,Female,1,41,Yes,Fiber optic,One year,Mailed check,58.62,2179.14,No
CUST-05736,Male,0,37,Yes,Fiber optic,One year,Credit card (automatic),99.74,3344.34,No
CUST-05737,Male,0,13,No,DSL,Month-to-month,Mailed check,23.2,297.54,No
CUST-05738,Male,0,51,No,DSL,Month-to-month,Credit card (automatic),77.23,3409.7,No
CUST-05739,Male,0,21,No,Fiber optic,One year,Bank transfer (automatic),114.48,2274.09,No
CUST-05740,Female,1,34,No,No,Two year,Mailed check,40.88,1387.98,No
CUST-05741,Female,0,52,No,No,Month-to-month,Electronic check,96.46,4860.77,No
CUST-05742,Male,0,44,No,DSL,One year,Mailed check,75.98,3168.86,Yes
CUST-05743,Female,1,46,Yes,DSL,One year,Credit card (automatic),89.03,3894.68,Yes
CUST-05744,Male,1,11,No,DSL,One year,Credit card (automatic),89.0,847.82,No
CUST-05745,Male,1,12,Yes,Fiber optic,Two year,Mailed check,25.56,280.64,No
CUST-05746,Female,0,35,No,DSL,One year,Bank transfer (automatic),49.05,1483.48,No
CUST-05747,Male,1,11,Yes,No,Two year,Bank transfer (automatic),84.53,842.6,No
CUST-05748,Male,0,50,Yes,DSL,Month-to-month,Electronic check,77.46,3377.1,No
CUST-05749,Female,0,29,Yes,DSL,Two year,Electronic check,36.17,935.11,No
CUST-05750,Female,0,71,Yes,Fiber optic,Month-to-month,Credit card (automatic),119.04,8411.62,No
CUST-05751,Female,1,3,No,No,Month-to-month,Mailed check,78.91,234.74,Yes
CUST-05752,Male,0,3,No,No,One year,Mailed check,96.37,258.36,No
CUST-05753,Female,0,59,Yes,No,Month-to-month,Electronic check,64.05,3421.0,No
CUST-05754,Male,1,13,Yes,DSL,Month-to-month,Credit card (automatic),102.58,1193.33,Yes
CUST-05755,Female,0,34,Yes,DSL,Month-to-month,Credit card (automatic),100.89,2932.28,Yes
CUST-05756,Female,0,61,Yes,No,Month-to-month,Bank transfer (automatic),49.73,2792.75,No
CUST-05757,Male,0,24,No,Fiber optic,Month-to-month,Mailed check,101.08,2087.65,Yes
CUST-05758,Female,1,39,Yes,No,Month-to-month,Mailed check,109.56,3680.24,No
CUST-05759,Female,0,56,Yes,Fiber optic,One year,Mailed check,40.91,2214.73,No
CUST-05760,Male,0,28,No,Fiber optic,Two year,Bank transfer (automatic),77.64,1926.51,No
CUST-05761,Female,1,68,No,DSL,One year,Electronic check,108.8,6783.48,No
CUST-05762,Male,0,72,No,No,Two year,Credit card (automatic),40.91,2744.74,No
CUST-05763,Male,0,9,Yes,Fiber optic,One year,Electronic check,51.06,408.76,No
CUST-05764,Female,0,36,No,Fiber optic,Two year,Credit card (automatic),49.51,1582.6,No
CUST-05765,Male,1,42,Yes,Fiber optic,Two year,Electronic check,105.55,3873.37,No
CUST-05766,Male,0,47,No,Fiber optic,Two year,Credit card (automatic),40.49,1635.95,No
CUST-05767,Female,1,37,No,No,Two year,Credit card (automatic),80.32,2952.64,No
CUST-05768,Female,1,19,Yes,No,Two year,Bank transfer (automatic),27.47,468.06,No
CUST-05769,Male,0,21,No,No,One year,Electronic check,59.65,1184.85,No
CUST-05770,Female,0,24,Yes,DSL,One year,Bank transfer (automatic),55.13,1321.35,No
CUST-05771,Male,0,47,Yes,Fiber optic,One year,Bank transfer (automatic),111.94,4883.33,No
CUST-05772,Male,0,37,No,No,Month-to-month,Mailed check,106.57,3378.06,Yes
CUST-05773,Female,0,8,Yes,Fiber optic,Month-to-month,Mailed check,24.79,191.87,No
CUST-05774,Male,1,10,Yes,DSL,Month-to-month,Credit card (automatic),45.07,434.44,Yes
CUST-05775,Female,0,10,No,Fiber optic,Two year,Electronic check,55.62,481.89,No
CUST-05776,Female,0,17,No,No,Two year,Mailed check,22.1,320.24,No
CUST-05777,Female,1,51,No,No,Two year,Mailed check,44.54,1992.3,No
CUST-05778,Male,0,31,No,No,Month-to-month,Credit card (automatic),69.63,2058.49,No
CUST-05779,Male,1,70,Yes,No,Two year,Mailed check,47.87,2935.76,No
CUST-05780,Female,1,16,Yes,Fiber optic,Month-to-month,Bank transfer (automatic),71.78,977.39,No
CUST-05781,Male,0,22,Yes,No,One year,Electronic check,69.72,1314.62,No
CUST-05782,Male,1,68,No,Fiber optic,One year,Electronic check,115.51,7786.95,No
CUST-05783,Female,0,37,No,Fiber optic,One year,Electronic check,109.93,3789.67,Yes
CUST-05784,Male,0,50,Yes,No,Month-to-month,Credit card (automatic),51.84,2524.49,No
CUST-05785,Female,1,9,Yes,No,Month-to-month,Bank transfer (automatic),104.47,873.4,Yes
CUST-05786,Male,0,4,Yes,DSL,Two year,Mailed check,115.53,408.93,No
CUST-05787,Female,1,64,No,DSL,One year,Bank transfer (automatic),23.48,1348.17,No
CUST-05788,Female,1,11,No,Fiber optic,One year,Mailed check,57.23,558.85,No
CUST-05789,Female,0,62,No,DSL,Month-to-month,Bank transfer (automatic),83.18,4570.69,No
CUST-05790,Female,0,42,Yes,No,Month-to-month,Bank transfer (automatic),28.69,1140.11,Yes
CUST-05791,Male,0,32,Yes,DSL,Month-to-month,Bank transfer (automatic),76.15,2412.32,Yes
CUST-05792,Male,1,60,No,Fiber optic,Month-to-month,Bank transfer (automatic),73.02,4196.94,No
CUST-05793,Female,0,7,Yes,Fiber optic,Two year,Mailed check,85.72,533.53,No
CUST-05794,Male,0,25,Yes,Fiber optic,One year,Electronic check,79.02,1807.6,No
CUST-05795,Female,0,10,Yes,No,Two year,Mailed check,74.05,730.56,No
CUST-05796,Female,0,58,Yes,DSL,Month-to-month,Electronic check,44.81,2354.73,No
CUST-05797,Male,0,33,No,No,Two year,Mailed check,77.64,2499.16,No
CUST-05798,Male,1,62,Yes,No,Two year,Bank transfer (automatic),108.19,6404.94,No
CUST-05799,Male,0,3,Yes,No,One year,Mailed check,86.63,224.26,No
CUST-05800,Female,1,61,Yes,DSL,Two year,Bank transfer (automatic),60.43,3470.36,No
CUST-05801,Male,1,41,No,DSL,Two year,Electronic check,35.87,1256.85,No
CUST-05802,Female,1,32,Yes,No,Month-to-month,Credit card (automatic),87.7,2689.38,Yes
CUST-05803,Male,0,17,No,No,Month-to-month,Electronic check,94.9,1426.63,Yes
CUST-05804,Male,0,21,Yes,Fiber optic,Month-to-month,Electronic check,39.31,765.85,Yes
CUST-05805,Male,0,72,Yes,No,Month-to-month,Electronic check,69.07,4413.23,No
CUST-05806,Female,0,6,Yes,Fiber optic,One year,Bank transfer (automatic),103.16,602.52,No
CUST-05807,Female,0,33,No,Fiber optic,Month-to-month,Electronic check,102.61,3024.03,Yes
CUST-05808,Male,0,21,Yes,Fiber optic,Month-to-month,Bank transfer (automatic),55.14,1141.03,No
CUST-05809,Female,1,28,No,DSL,Month-to-month,Credit card (automatic),111.03,2705.2,No
CUST-05810,Male,0,51,Yes,No,Two year,Bank transfer (automatic),109.31,5245.37,No
CUST-05811,Male,0,8,Yes,DSL,One year,Credit card (automatic),110.16,779.42,No
CUST-05812,Male,1,3,Yes,Fiber optic,Two year,Electronic check,79.84,238.57,No
CUST-05813,Male,0,38,No,Fiber optic,One year,Bank transfer (automatic),42.33,1430.85,No
CUST-05814,Male,1,65,Yes,DSL,Two year,Mailed check,90.18,5557.51,Yes
CUST-05815,Female,0,15,Yes,No,Two year,Credit card (automatic),94.94,1227.51,No
CUST-05816,Female,0,24,No,Fiber optic,One year,Mailed check,23.11,486.53,No
CUST-05817,Female,1,1,Yes,Fiber optic,Two year,Bank transfer (automatic),37.38,34.39,No
CUST-05818,Male,0,54,No,No,One year,Electronic check,73.57,3686.91,No
CUST-05819,Female,0,12,Yes,No,Two year,Bank transfer (automatic),82.04,949.02,No
CUST-05820,Male,0,13,No,Fiber optic,Two year,Mailed check,117.34,1480.85,No
CUST-05821,Male,0,34,No,DSL,Two year,Electronic check,75.9,2399.87,No
CUST-05822,Female,0,68,Yes,No,One year,Mailed check,94.3,5910.02,No
CUST-05823,Female,0,28,No,Fiber optic,Month-to-month,Bank transfer (automatic),84.78,2163.21,Yes
CUST-05824,Male,0,46,Yes,No,One year,Credit card (automatic),38.26,1609.22,No
CUST-05825,Female,0,52,Yes,DSL,Two year,Credit card (automatic),20.72,917.63,No
CUST-05826,Male,0,53,Yes,No,Two year,Electronic check,49.66,2533.77,No
CUST-05827,Male,1,11,Yes,No,Month-to-month,Mailed check,116.77,1227.81,No
CUST-05828,Male,0,18,Yes,No,One year,Electronic check,112.53,1803.66,No
CUST-05829,Male,0,8,Yes,DSL,Two year,Electronic check,86.66,649.91,No
CUST-05830,Female,0,7,Yes,DSL,Month-to-month,Mailed check,89.32,574.89,No
CUST-05831,Male,0,65,Yes,DSL,Two year,Electronic check,55.76,3185.1,No
CUST-05832,Male,0,52,No,DSL,Month-to-month,Bank transfer (automatic),53.62,2504.01,No
CUST-05833,Female,0,5,Yes,No,Two year,Credit card (automatic),50.79,219.73,No
CUST-05834,Female,1,7,No,No,One year,Electronic check,49.58,339.05,Yes
CUST-05835,Female,0,39,Yes,No,One year,Bank transfer (automatic),109.25,4258.66,No
CUST-05836,Male,0,36,Yes,No,Month-to-month,Bank transfer (automatic),48.59,1527.99,No
CUST-05837,Male,0,39,Yes,DSL,Two year,Mailed check,98.43,3814.8,No
CUST-05838,Male,0,63,Yes,Fiber optic,One year,Bank transfer (automatic),90.01,5149.55,No
CUST-05839,Male,0,10,No,DSL,Two year,Bank transfer (automatic),109.41,959.22,No
CUST-05840,Male,0,21,Yes,DSL,Two year,Credit card (automatic),83.18,1696.98,No
CUST-05841,Female,0,19,No,No,One year,Bank transfer (automatic),42.46,689.59,No
CUST-05842,Male,0,36,No,DSL,Month-to-month,Mailed check,70.36,2383.16,Yes
CUST-05843,Male,1,19,Yes,Fiber optic,One year,Credit card (automatic),43.38,797.2,No
CUST-05844,Female,0,43,Yes,No,Month-to-month,Credit card (automatic),44.93,1896.23,No
CUST-05845,Male,0,19,No,Fiber optic,Two year,Bank transfer (automatic),98.8,1697.99,Yes
CUST-05846,Male,0,12,Yes,No,One year,Bank transfer (automatic),74.06,873.07,No
CUST-05847,Female,0,6,Yes,No,Month-to-month,Credit card (automatic),69.81,412.44,No
CUST-05848,Male,1,21,Yes,No,Month-to-month,Credit card (automatic),80.33,1479.39,No
CUST-05849,Male,0,63,No,DSL,Two year,Credit card (automatic),65.25,3862.93,No
CUST-05850,Male,1,54,No,DSL,Month-to-month,Mailed check,97.9,5029.72,No
CUST-05851,Male,0,63,No,Fiber optic,Month-to-month,Electronic check,27.29,1683.3,No
CUST-05852,Female,0,39,Yes,Fiber optic,Month-to-month,Credit card (automatic),54.05,2055.25,Yes
CUST-05853,Male,0,58,No,DSL,One year,Mailed check,42.68,2231.14,No
CUST-05854,Female,1,19,No,No,One year,Electronic check,30.35,498.31,Yes
CUST-05855,Female,0,5,No,Fiber optic,Two year,Electronic check,88.31,403.25,No
CUST-05856,Male,1,29,No,No,Two year,Mailed check,95.63,2678.3,No
CUST-05857,Female,0,15,No,Fiber optic,One year,Electronic check,116.21,1682.29,No
CUST-05858,Male,1,49,Yes,Fiber optic,Two year,Bank transfer (automatic),28.03,1247.5,No
CUST-05859,Male,0,51,Yes,No,One year,Credit card (automatic),98.4,4331.67,No
CUST-05860,Male,0,64,Yes,Fiber optic,Month-to-month,Electronic check,104.1,6601.59,No
CUST-05861,Female,0,19,No,No,Two year,Electronic check,51.84,860.54,No
CUST-05862,Male,1,33,No,DSL,Two year,Electronic check,69.83,1968.27,No
CUST-05863,Female,1,70,Yes,No,One year,Bank transfer (automatic),101.97,6226.34,No
CUST-05864,Male,0,63,No,DSL,Month-to-month,Bank transfer (automatic),71.71,4116.62,No
CUST-05865,Male,0,53,No,No,Month-to-month,Electronic check,72.89,3505.61,No
CUST-05866,Female,0,66,Yes,No,Month-to-month,Credit card (automatic),93.21,5982.54,No
CUST-05867,Female,0,58,Yes,DSL,Month-to-month,Credit card (automatic),36.86,1942.81,No
CUST-05868,Female,0,64,No,Fiber optic,Month-to-month,Bank transfer (automatic),24.58,1523.64,No
CUST-05869,Female,0,34,No,Fiber optic,Two year,Bank transfer (automatic),115.05,3458.42,No
CUST-05870,Female,0,71,No,DSL,One year,Electronic check,110.2,7805.44,No
CUST-05871,Male,0,17,Yes,No,One year,Electronic check,52.77,877.8,No
CUST-05872,Male,0,38,Yes,Fiber optic,One year,Credit card (automatic),101.11,3735.66,No
CUST-05873,Male,0,61,No,DSL,Two year,Credit card (automatic),26.05,1459.63,No
CUST-05874,Female,0,69,No,DSL,Month-to-month,Electronic check,105.16,6247.66,Yes
CUST-05875,Female,1,53,No,No,One year,Bank transfer (automatic),68.97,3526.11,No
CUST-05876,Female,0,6,Yes,No,Month-to-month,Mailed check,30.45,179.15,Yes
CUST-05877,Female,0,49,No,Fiber optic,Two year,Mailed check,98.23,4522.76,No
CUST-05878,Male,1,18,No,Fiber optic,One year,Credit card (automatic),70.78,1119.74,No
CUST-05879,Female,0,58,Yes,DSL,Two year,Mailed check,91.34,4538.87,No
CUST-05880,Male,1,37,Yes,Fiber optic,Month-to-month,Credit card (automatic),94.64,3057.02,No
CUST-05881,Male,0,44,Yes,Fiber optic,Two year,Electronic check,20.13,782.01,No
CUST-05882,Female,1,52,Yes,No,One year,Bank transfer (automatic),44.94,2101.89,No
CUST-05883,Male,1,50,Yes,Fiber optic,Month-to-month,Electronic check,21.96,1085.01,Yes
CUST-05884,Female,0,13,No,No,Two year,Bank transfer (automatic),28.42,363.68,No
CUST-05885,Male,0,6,No,No,One year,Bank transfer (automatic),31.96,171.77,No
CUST-05886,Female,1,35,No,DSL,Month-to-month,Electronic check,104.72,3592.24,Yes
CUST-05887,Male,0,18,Yes,No,Month-to-month,Electronic check,35.61,566.55,Yes
CUST-05888,Male,0,72,Yes,DSL,Two year,Mailed check,109.0,7292.46,No
CUST-05889,Female,0,4,No,Fiber optic,One year,Bank transfer (automatic),74.34,295.84,No
CUST-05890,Male,0,10,Yes,Fiber optic,Month-to-month,Credit card (automatic),41.53,362.26,Yes
CUST-05891,Male,0,61,No,Fiber optic,Month-to-month,Electronic check,44.01,2288.77,Yes
CUST-05892,Female,0,32,Yes,Fiber optic,Month-to-month,Bank transfer (automatic),73.88,2111.36,No
CUST-05893,Male,1,23,No,No,Month-to-month,Electronic check,60.1,1282.48,Yes
CUST-05894,Male,0,6,No,DSL,Two year,Bank transfer (automatic),21.78,122.06,No
CUST-05895,Male,0,9,Yes,No,One year,Electronic check,46.1,405.66,Yes
CUST-05896,Male,0,71,Yes,Fiber optic,Two year,Electronic check,32.95,2127.75,No
CUST-05897,Female,1,36,Yes,Fiber optic,Month-to-month,Bank transfer (automatic),85.92,2873.16,Yes
CUST-05898,Male,0,16,Yes,Fiber optic,One year,Bank transfer (automatic),26.23,409.36,No
CUST-05899,Male,0,20,No,DSL,One year,Credit card (automatic),28.69,503.52,Yes
CUST-05900,Female,1,52,No,DSL,One year,Bank transfer (automatic),119.58,5706.15,No
CUST-05901,Female,1,2,Yes,Fiber optic,One year,Credit card (automatic),113.59,195.81,No
CUST-05902,Male,0,67,No,DSL,Two year,Credit card (automatic),27.08,1703.94,No
CUST-05903,Female,0,32,Yes,DSL,One year,Credit card (automatic),69.07,1881.88,No
CUST-05904,Male,1,51,No,No,Two year,Electronic check,117.92,5827.7,No
CUST-05905,Male,0,63,No,DSL,Month-to-month,Bank transfer (automatic),66.16,3689.58,No
CUST-05906,Female,0,20,No,No,Two year,Bank transfer (automatic),73.79,1349.14,No
CUST-05907,Male,0,20,No,DSL,One year,Mailed check,54.61,986.63,No
CUST-05908,Female,0,49,Yes,Fiber optic,One year,Mailed check,53.24,2516.54,No
CUST-05909,Male,1,6,No,No,Two year,Mailed check,59.58,353.25,No
CUST-05910,Female,1,36,Yes,No,Month-to-month,Electronic check,33.53,1168.97,No
CUST-05911,Male,0,52,No,Fiber optic,Month-to-month,Electronic check,34.86,1693.63,Yes
CUST-05912,Male,0,12,No,Fiber optic,Two year,Credit card (automatic),46.39,545.2,No
CUST-05913,Female,0,52,Yes,DSL,One year,Credit card (automatic),25.81,1280.3,No
CUST-05914,Female,1,29,Yes,Fiber optic,Two year,Bank transfer (automatic),56.55,1590.8,No
CUST-05915,Female,0,15,Yes,Fiber optic,Two year,Bank transfer (automatic),55.99,776.41,No
CUST-05916,Female,1,5,No,No,One year,Mailed check,49.83,225.14,No
CUST-05917,Female,1,19,Yes,Fiber optic,One year,Credit card (automatic),62.59,1132.76,No
CUST-05918,Male,0,50,Yes,No,One year,Bank transfer (automatic),100.85,4785.47,No
CUST-05919,Male,0,71,Yes,No,One year,Credit card (automatic),101.66,6188.65,No
CUST-05920,Male,0,9,Yes,Fiber optic,Two year,Credit card (automatic),64.7,530.85,No
CUST-05921,Female,1,72,No,No,One year,Bank transfer (automatic),33.26,2351.07,No
CUST-05922,Female,0,33,No,Fiber optic,Two year,Bank transfer (automatic),94.84,2825.56,No
CUST-05923,Female,0,38,Yes,DSL,One year,Bank transfer (automatic),84.28,3107.64,No
CUST-05924,Female,1,45,No,DSL,One year,Electronic check,86.22,3767.76,No
CUST-05925,Male,1,71,Yes,DSL,Two year,Mailed check,93.33,6159.32,No
CUST-05926,Female,1,66,No,DSL,Two year,Bank transfer (automatic),107.66,6361.96,No
CUST-05927,Male,0,50,No,DSL,Month-to-month,Bank transfer (automatic),59.73,2811.71,No
CUST-05928,Female,0,11,No,No,Month-to-month,Bank transfer (automatic),115.76,1127.09,Yes
CUST-05929,Female,0,52,No,No,Two year,Bank transfer (automatic),59.7,2715.67,No
CUST-05930,Female,1,43,No,DSL,Two year,Mailed check,24.7,917.32,No
CUST-05931,Female,0,59,No,DSL,Month-to-month,Bank transfer (automatic),77.96,4163.29,No
CUST-05932,Male,1,46,Yes,DSL,One year,Credit card (automatic),84.79,3740.99,Yes
CUST-05933,Male,0,5,No,DSL,One year,Mailed check,27.45,128.87,No
CUST-05934,Female,0,40,No,DSL,Month-to-month,Credit card (automatic),24.56,943.8,Yes
CUST-05935,Female,1,39,Yes,DSL,One year,Credit card (automatic),67.41,2250.75,No
CUST-05936,Male,1,6,No,Fiber optic,Month-to-month,Electronic check,90.25,469.97,Yes
CUST-05937,Male,0,66,No,No,Month-to-month,Mailed check,60.59,3671.93,No
CUST-05938,Female,0,47,No,DSL,One year,Bank transfer (automatic),73.84,2984.41,No
CUST-05939,Male,1,32,No,No,One year,Credit card (automatic),57.28,1789.58,No
CUST-05940,Female,0,72,No,DSL,One year,Mailed check,49.42,3065.56,No
CUST-05941,Female,0,49,Yes,No,Two year,Bank transfer (automatic),96.72,4562.69,No
CUST-05942,Female,0,28,No,No,Month-to-month,Credit card (automatic),108.37,2997.51,No
CUST-05943,Male,0,67,Yes,DSL,Month-to-month,Mailed check,31.76,1853.69,Yes
CUST-05944,Male,0,15,No,No,Month-to-month,Bank transfer (automatic),77.58,1037.65,No
CUST-05945,Female,1,14,No,DSL,Two year,Bank transfer (automatic),72.34,976.6,No
CUST-05946,Male,0,14,Yes,Fiber optic,One year,Electronic check,81.84,1030.05,No
CUST-05947,Female,0,18,Yes,Fiber optic,Two year,Mailed check,92.27,1555.39,No
CUST-05948,Male,0,62,Yes,No,Month-to-month,Electronic check,71.28,4381.61,Yes
CUST-05949,Female,0,19,Yes,No,Month-to-month,Bank transfer (automatic),35.67,628.1,Yes
CUST-05950,Male,1,25,No,DSL,One year,Credit card (automatic),65.98,1521.6,No
CUST-05951,Female,0,6,No,DSL,Two year,Bank transfer (automatic),94.79,525.97,No
CUST-05952,Male,1,10,Yes,DSL,Month-to-month,Credit card (automatic),68.98,598.66,Yes
CUST-05953,Male,1,66,Yes,Fiber optic,Two year,Credit card (automatic),20.83,1351.35,No
CUST-05954,Male,0,36,Yes,No,Month-to-month,Mailed check,115.29,4138.35,Yes
CUST-05955,Female,0,56,Yes,Fiber optic,Month-to-month,Bank transfer (automatic),108.86,5332.47,No
CUST-05956,Female,0,18,No,DSL,Month-to-month,Credit card (automatic),38.04,634.73,No
CUST-05957,Female,0,66,Yes,DSL,Two year,Electronic check,101.26,6431.81,No
CUST-05958,Female,1,12,No,DSL,Two year,Credit card (automatic),25.96,293.03,No
CUST-05959,Male,0,72,Yes,DSL,Two year,Electronic check,119.5,7988.99,No
CUST-05960,Male,0,72,No,Fiber optic,Two year,Mailed check,82.51,5115.51,No
CUST-05961,Female,1,28,Yes,Fiber optic,Month-to-month,Mailed check,26.27,735.36,No
CUST-05962,Female,0,1,Yes,DSL,Month-to-month,Mailed check,27.51,27.45,Yes
CUST-05963,Female,0,29,No,DSL,Month-to-month,Electronic check,108.13,2845.71,No
CUST-05964,Female,1,52,Yes,Fiber optic,Month-to-month,Mailed check,96.97,4788.61,No
CUST-05965,Male,0,57,Yes,No,One year,Electronic check,70.37,3605.29,No
CUST-05966,Male,0,11,Yes,Fiber optic,Month-to-month,Mailed check,78.0,818.75,Yes
CUST-05967,Female,0,1,No,Fiber optic,Two year,Bank transfer (automatic),113.67,108.34,No
CUST-05968,Male,0,29,No,DSL,Month-to-month,Mailed check,44.96,1218.71,No
CUST-05969,Male,0,43,No,Fiber optic,One year,Credit card (automatic),39.92,1485.05,No
CUST-05970,Female,0,15,No,No,One year,Electronic check,45.62,669.05,No
CUST-05971,Female,0,5,Yes,DSL,Two year,Mailed check,103.45,506.08,No
CUST-05972,Male,0,22,No,No,Month-to-month,Electronic check,63.94,1328.74,Yes
CUST-05973,Male,0,62,No,Fiber optic,One year,Mailed check,38.5,2081.91,No
CUST-05974,Male,0,7,Yes,No,Two year,Electronic check,88.13,542.83,No
CUST-05975,Male,0,56,Yes,No,Two year,Electronic check,63.86,3396.5,No
CUST-05976,Female,0,21,No,No,One year,Bank transfer (automatic),88.73,1718.55,Yes
CUST-05977,Male,0,50,Yes,DSL,Month-to-month,Mailed check,24.85,1115.82,No
CUST-05978,Male,0,61,No,Fiber optic,Month-to-month,Credit card (automatic),80.04,4454.89,No
CUST-05979,Male,0,51,No,DSL,Month-to-month,Bank transfer (automatic),115.39,5103.49,No
CUST-05980,Female,0,67,No,Fiber optic,Two year,Electronic check,39.62,2446.56,No
CUST-05981,Female,0,48,No,DSL,Two year,Mailed check,86.8,3772.08,No
CUST-05982,Female,0,50,Yes,No,One year,Electronic check,98.12,4793.94,No
CUST-05983,Female,0,62,Yes,DSL,One year,Electronic check,88.93,4950.16,Yes
CUST-05984,Male,1,60,Yes,Fiber optic,Two year,Credit card (automatic),84.66,4472.39,No
CUST-05985,Male,1,51,No,DSL,Two year,Mailed check,56.12,2809.6,No
CUST-05986,Male,0,23,Yes,DSL,Two year,Mailed check,23.03,466.3,No
CUST-05987,Male,0,32,No,No,Month-to-month,Credit card (automatic),92.31,2613.76,No
CUST-05988,Female,0,56,Yes,No,Month-to-month,Electronic check,112.41,6264.8,Yes
CUST-05989,Female,0,22,No,Fiber optic,Two year,Mailed check,54.52,1029.15,No
CUST-05990,Male,1,65,No,No,One year,Mailed check,33.66,1925.9,No
CUST-05991,Female,0,1,Yes,DSL,Two year,Credit card (automatic),29.79,26.07,No
CUST-05992,Female,0,2,Yes,DSL,Two year,Bank transfer (automatic),100.23,194.05,No
CUST-05993,Male,0,3,No,DSL,One year,Credit card (automatic),57.06,151.87,No
CUST-05994,Male,1,12,Yes,No,Two year,Bank transfer (automatic),92.76,979.32,No
CUST-05995,Male,1,43,Yes,Fiber optic,Month-to-month,Bank transfer (automatic),87.76,3383.53,No
CUST-05996,Male,0,25,Yes,DSL,Two year,Mailed check,92.31,2237.94,No
CUST-05997,Male,0,43,Yes,No,One year,Mailed check,40.14,1625.6,No
CUST-05998,Female,0,25,Yes,Fiber optic,Month-to-month,Mailed check,105.56,2353.14,Yes
CUST-05999,Male,1,1,No,No,Month-to-month,Mailed check,98.53,83.89,Yes
CUST-06000,Male,0,64,No,DSL,Two year,Mailed check,81.64,4648.06,No
CUST-06001,Female,0,70,No,Fiber optic,Two year,Electronic check,107.73,6712.72,No
CUST-06002,Female,0,14,Yes,Fiber optic,One year,Mailed check,77.87,926.74,No
CUST-06003,Male,0,23,No,DSL,Two year,Credit card (automatic),95.99,2103.84,No
CUST-06004,Male,0,57,Yes,DSL,Month-to-month,Electronic check,96.7,5149.39,No
CUST-06005,Female,0,14,No,Fiber optic,Month-to-month,Credit card (automatic),101.62,1419.38,Yes
CUST-06006,Male,1,51,Yes,DSL,One year,Bank transfer (automatic),105.75,5359.62,No
CUST-06007,Male,1,14,Yes,Fiber optic,One year,Mailed check,21.4,297.21,No
CUST-06008,Male,0,64,Yes,DSL,Month-to-month,Credit card (automatic),111.52,6922.74,No
CUST-06009,Male,0,41,Yes,No,Two year,Bank transfer (automatic),119.17,4377.76,No
CUST-06010,Female,0,63,Yes,Fiber optic,Month-to-month,Electronic check,101.83,5719.55,No
CUST-06011,Male,0,20,No,DSL,Two year,Mailed check,28.86,571.8,No
CUST-06012,Male,0,31,Yes,Fiber optic,Two year,Electronic check,44.47,1287.24,No
CUST-06013,Female,0,27,Yes,Fiber optic,Two year,Electronic check,89.66,2141.86,No
CUST-06014,Female,0,5,Yes,DSL,Two year,Electronic check,22.17,109.16,No
CUST-06015,Male,1,3,No,DSL,Month-to-month,Credit card (automatic),58.56,173.2,No
CUST-06016,Female,0,63,Yes,No,One year,Bank transfer (automatic),38.22,2151.28,No
CUST-06017,Female,0,60,No,No,Month-to-month,Bank transfer (automatic),116.61,6625.75,Yes
CUST-06018,Male,1,58,No,No,Month-to-month,Mailed check,90.56,4777.39,No
CUST-06019,Female,0,67,No,Fiber optic,Month-to-month,Bank transfer (automatic),80.93,4991.37,Yes
CUST-06020,Male,0,37,Yes,No,Month-to-month,Electronic check,87.76,3096.92,Yes
CUST-06021,Female,0,61,No,Fiber optic,Two year,Electronic check,27.03,1512.44,No
CUST-06022,Female,0,72,Yes,No,Month-to-month,Mailed check,28.59,1780.93,No
CUST-06023,Male,0,39,No,No,Month-to-month,Credit card (automatic),33.98,1176.44,No
CUST-06024,Male,1,64,Yes,DSL,Two year,Electronic check,41.96,2362.29,No
CUST-06025,Female,1,32,No,DSL,Month-to-month,Electronic check,81.36,2471.83,No
CUST-06026,Male,0,40,Yes,DSL,One year,Bank transfer (automatic),78.52,3058.41,No
CUST-06027,Female,0,36,No,Fiber optic,One year,Electronic check,55.6,1866.38,Yes
CUST-06028,Female,0,15,No,Fiber optic,Month-to-month,Credit card (automatic),61.72,840.05,No
CUST-06029,Female,0,50,Yes,Fiber optic,Month-to-month,Bank transfer (automatic),75.92,3244.1,No
CUST-06030,Female,0,56,Yes,Fiber optic,Month-to-month,Bank transfer (automatic),73.27,3708.1,No
CUST-06031,Male,1,34,Yes,No,Month-to-month,Credit card (automatic),81.96,2601.14,Yes
CUST-06032,Female,0,34,No,No,Two year,Electronic check,99.49,3312.6,No
CUST-06033,Female,0,53,Yes,DSL,One year,Mailed check,39.59,2052.37,No
CUST-06034,Female,0,58,No,Fiber optic,One year,Credit card (automatic),31.25,1681.97,Yes
CUST-06035,Male,0,63,No,DSL,Month-to-month,Bank transfer (automatic),94.87,5480.4,No
CUST-06036,Female,0,24,Yes,No,One year,Bank transfer (automatic),69.34,1516.81,No
CUST-06037,Female,0,38,Yes,Fiber optic,Month-to-month,Bank transfer (automatic),40.04,1323.84,No
CUST-06038,Male,0,64,No,No,One year,Mailed check,57.79,3626.76,No
CUST-06039,Female,1,1,No,DSL,Two year,Mailed check,34.74,31.31,Yes
CUST-06040,Female,0,10,No,Fiber optic,Two year,Bank transfer (automatic),61.63,599.64,No
CUST-06041,Female,0,37,No,DSL,One year,Mailed check,27.19,968.96,No
CUST-06042,Female,0,35,Yes,DSL,Month-to-month,Electronic check,92.1,3007.06,Yes
CUST-06043,Male,0,9,Yes,DSL,Two year,Mailed check,90.28,770.7,No
CUST-06044,Male,0,17,Yes,No,One year,Credit card (automatic),34.86,517.99,No
CUST-06045,Male,0,21,No,Fiber optic,Month-to-month,Electronic check,62.53,1244.2,Yes
CUST-06046,Female,0,14,Yes,No,One year,Credit card (automatic),58.29,773.96,No
CUST-06047,Male,1,23,Yes,Fiber optic,Two year,Bank transfer (automatic),57.57,1306.47,No
CUST-06048,Male,1,1,Yes,No,One year,Mailed check,66.92,58.68,No
CUST-06049,Male,0,25,Yes,No,Two year,Electronic check,114.3,2436.98,No
CUST-06050,Male,0,51,No,No,Two year,Credit card (automatic),36.38,1830.84,Yes
CUST-06051,Female,1,31,No,DSL,Month-to-month,Electronic check,60.15,1802.89,Yes
CUST-06052,Male,0,26,No,Fiber optic,One year,Bank transfer (automatic),76.99,1894.59,Yes
CUST-06053,Male,0,30,No,DSL,Two year,Mailed check,53.95,1426.74,No
CUST-06054,Female,0,34,Yes,No,Two year,Bank transfer (automatic),24.7,779.37,No
CUST-06055,Male,0,69,No,Fiber optic,One year,Mailed check,115.75,7447.12,No
CUST-06056,Male,1,12,No,No,Month-to-month,Electronic check,53.45,606.49,Yes
CUST-06057,Female,0,49,No,Fiber optic,Month-to-month,Bank transfer (automatic),37.24,1706.81,No
CUST-06058,Female,0,62,Yes,Fiber optic,One year,Mailed check,37.32,2047.14,No
CUST-06059,Male,0,48,Yes,Fiber optic,One year,Credit card (automatic),83.81,3435.79,No
CUST-06060,Male,0,67,Yes,Fiber optic,Two year,Mailed check,94.73,6343.77,No
CUST-06061,Female,0,43,Yes,DSL,Month-to-month,Mailed check,98.8,3967.53,No
CUST-06062,Male,0,63,Yes,No,Two year,Mailed check,96.99,5449.12,No
CUST-06063,Female,0,66,Yes,DSL,Month-to-month,Electronic check,88.49,5750.98,No
CUST-06064,Male,0,25,No,Fiber optic,Two year,Electronic check,34.09,842.34,No
CUST-06065,Female,1,72,Yes,No,Month-to-month,Credit card (automatic),81.73,5352.19,No
CUST-06066,Female,0,72,No,No,One year,Credit card (automatic),55.08,3520.31,No
CUST-06067,Male,0,66,Yes,No,Two year,Electronic check,35.7,2077.3,No
CUST-06068,Female,1,2,Yes,Fiber optic,Month-to-month,Electronic check,65.97,122.14,Yes
CUST-06069,Male,0,69,No,No,Two year,Electronic check,119.97,7304.73,No
CUST-06070,Male,0,36,No,Fiber optic,Two year,Credit card (automatic),28.37,954.73,No
CUST-06071,Male,0,57,No,No,Month-to-month,Credit card (automatic),52.6,2596.94,No
CUST-06072,Female,0,18,No,Fiber optic,One year,Bank transfer (automatic),31.35,493.0,No
CUST-06073,Female,0,56,Yes,No,Month-to-month,Electronic check,36.0,1740.12,No
CUST-06074,Female,0,4,No,Fiber optic,Month-to-month,Credit card (automatic),69.04,251.17,No
CUST-06075,Female,1,50,Yes,DSL,Month-to-month,Electronic check,44.54,2196.19,No
CUST-06076,Male,0,69,No,DSL,Two year,Credit card (automatic),96.42,6113.86,No
CUST-06077,Female,0,28,No,DSL,Two year,Mailed check,117.44,3146.85,No
CUST-06078,Female,0,26,Yes,Fiber optic,Two year,Bank transfer (automatic),36.09,858.72,No
CUST-06079,Male,0,1,No,No,Month-to-month,Electronic check,27.49,25.94,Yes
CUST-06080,Female,0,7,No,DSL,Two year,Electronic check,87.97,561.65,No
CUST-06081,Female,0,21,Yes,No,One year,Electronic check,63.55,1213.57,No
CUST-06082,Female,1,12,No,Fiber optic,Month-to-month,Mailed check,86.48,924.55,No
CUST-06083,Male,0,28,No,DSL,One year,Electronic check,29.3,796.56,No
CUST-06084,Female,0,20,No,Fiber optic,One year,Electronic check,50.39,947.38,No
CUST-06085,Male,0,59,No,Fiber optic,Two year,Bank transfer (automatic),115.54,6040.43,No
CUST-06086,Female,1,3,No,Fiber optic,One year,Bank transfer (automatic),74.1,209.67,Yes
CUST-06087,Male,0,49,No,No,Two year,Bank transfer (automatic),95.48,4509.72,No
CUST-06088,Male,0,48,No,Fiber optic,Month-to-month,Electronic check,77.47,3520.32,No
CUST-06089,Female,0,9,Yes,DSL,One year,Bank transfer (automatic),81.58,722.79,Yes
CUST-06090,Male,0,25,Yes,Fiber optic,Two year,Electronic check,86.98,1861.22,No
CUST-06091,Female,0,7,Yes,DSL,One year,Credit card (automatic),36.89,234.18,No
CUST-06092,Male,0,17,No,No,One year,Credit card (automatic),42.67,645.73,No
CUST-06093,Male,0,72,Yes,No,Month-to-month,Electronic check,27.33,1849.86,No
CUST-06094,Female,0,70,No,Fiber optic,One year,Credit card (automatic),62.33,3922.51,No
CUST-06095,Female,0,35,No,DSL,One year,Bank transfer (automatic),110.22,3735.46,No
CUST-06096,Female,0,52,Yes,No,Two year,Electronic check,99.63,4771.5,No
CUST-06097,Female,0,29,Yes,DSL,Two year,Electronic check,96.46,2759.22,No
CUST-06098,Male,0,58,Yes,Fiber optic,Month-to-month,Electronic check,114.02,6355.89,No
CUST-06099,Female,0,19,Yes,DSL,Two year,Bank transfer (automatic),62.92,1061.32,No
CUST-06100,Male,0,72,Yes,Fiber optic,One year,Bank transfer (automatic),110.69,7643.23,No
CUST-06101,Male,0,9,No,Fiber optic,Two year,Electronic check,110.15,965.06,No
CUST-06102,Male,0,8,Yes,No,Month-to-month,Bank transfer (automatic),72.29,526.92,No
CUST-06103,Male,0,56,No,Fiber optic,Month-to-month,Credit card (automatic),97.21,4853.8,No
CUST-06104,Male,0,72,No,Fiber optic,Month-to-month,Credit card (automatic),46.21,3235.28,No
CUST-06105,Male,0,62,Yes,DSL,Two year,Electronic check,110.95,5930.38,No
CUST-06106,Female,1,65,Yes,No,Month-to-month,Mailed check,93.62,5366.33,Yes
CUST-06107,Male,0,17,No,DSL,Month-to-month,Electronic check,64.61,990.26,Yes
CUST-06108,Female,0,30,No,Fiber optic,One year,Electronic check,62.59,1766.28,No
CUST-06109,Male,1,55,No,Fiber optic,Two year,Bank transfer (automatic),49.14,2374.38,No
CUST-06110,Male,0,21,No,No,One year,Bank transfer (automatic),69.66,1362.16,No
CUST-06111,Male,1,38,Yes,DSL,Month-to-month,Mailed check,106.82,3942.36,Yes
CUST-06112,Female,0,25,Yes,Fiber optic,One year,Electronic check,106.32,2392.31,No
CUST-06113,Male,1,43,No,No,Two year,Electronic check,111.43,4548.41,No
CUST-06114,Male,0,69,No,No,Two year,Electronic check,90.38,5984.99,No
CUST-06115,Male,1,29,Yes,No,Month-to-month,Bank transfer (automatic),49.47,1292.41,No
CUST-06116,Female,0,57,Yes,Fiber optic,One year,Credit card (automatic),91.84,4893.82,No
CUST-06117,Female,0,20,Yes,DSL,One year,Credit card (automatic),66.16,1153.52,No
CUST-06118,Male,0,40,Yes,DSL,Month-to-month,Mailed check,81.84,2852.0,Yes
CUST-06119,Male,0,14,No,Fiber optic,One year,Electronic check,115.75,1543.48,No
CUST-06120,Female,1,44,No,Fiber optic,Month-to-month,Credit card (automatic),58.26,2241.91,Yes
CUST-06121,Male,0,55,Yes,Fiber optic,One year,Bank transfer (automatic),54.29,2963.18,No
CUST-06122,Male,0,72,Yes,DSL,Two year,Bank transfer (automatic),94.08,6493.53,No
CUST-06123,Male,1,36,No,Fiber optic,Month-to-month,Bank transfer (automatic),111.46,3827.0,Yes
CUST-06124,Male,0,66,Yes,No,Two year,Electronic check,31.02,2025.11,No
CUST-06125,Male,0,57,Yes,No,Month-to-month,Credit card (automatic),37.06,1810.01,No
CUST-06126,Female,1,56,Yes,DSL,Two year,Mailed check,52.25,2528.94,No
CUST-06127,Male,1,7,Yes,DSL,Two year,Credit card (automatic),88.85,590.99,Yes
CUST-06128,Female,0,40,Yes,DSL,Two year,Bank transfer (automatic),64.85,2263.64,No
CUST-06129,Male,0,6,No,DSL,Two year,Bank transfer (automatic),109.65,583.67,No
CUST-06130,Male,0,22,Yes,DSL,One year,Mailed check,76.16,1571.57,No
CUST-06131,Female,0,21,Yes,DSL,One year,Credit card (automatic),56.56,1040.43,Yes
CUST-06132,Male,0,51,Yes,No,Two year,Mailed check,51.7,2392.5,No
CUST-06133,Male,0,43,Yes,Fiber optic,Month-to-month,Electronic check,93.01,3431.74,No
CUST-06134,Male,0,70,No,DSL,Month-to-month,Credit card (automatic),48.38,3170.86,No
CUST-06135,Male,1,23,Yes,Fiber optic,Month-to-month,Bank transfer (automatic),111.57,2337.82,No
CUST-06136,Female,0,43,No,No,One year,Electronic check,85.43,3457.72,No
CUST-06137,Male,0,36,No,No,Month-to-month,Mailed check,71.69,2396.79,Yes
CUST-06138,Female,0,64,No,DSL,One year,Electronic check,106.38,5935.15,No
CUST-06139,Female,0,9,No,No,Month-to-month,Mailed check,63.43,486.07,Yes
CUST-06140,Female,0,1,Yes,DSL,Two year,Bank transfer (automatic),94.44,85.71,No
CUST-06141,Female,0,29,Yes,DSL,Two year,Electronic check,45.41,1310.52,No
CUST-06142,Female,1,24,Yes,DSL,Month-to-month,Credit card (automatic),119.76,2732.19,No
CUST-06143,Male,0,4,Yes,No,One year,Bank transfer (automatic),105.06,389.83,Yes
CUST-06144,Female,0,38,Yes,DSL,Two year,Mailed check,90.71,3271.45,No
CUST-06145,Female,0,26,Yes,No,Month-to-month,Bank transfer (automatic),58.51,1352.94,No
CUST-06146,Male,1,24,No,DSL,Month-to-month,Mailed check,52.52,1214.05,No
CUST-06147,Female,0,55,Yes,DSL,One year,Electronic check,48.87,2442.94,No
CUST-06148,Female,1,13,No,DSL,One year,Bank transfer (automatic),66.73,800.24,No
CUST-06149,Male,0,15,Yes,No,Two year,Bank transfer (automatic),53.01,720.25,No
CUST-06150,Male,0,2,Yes,DSL,Two year,Electronic check,68.47,120.33,No
CUST-06151,Male,0,39,Yes,DSL,Month-to-month,Mailed check,58.23,1983.74,Yes
CUST-06152,Female,0,13,Yes,No,Two year,Credit card (automatic),88.77,1082.81,No
CUST-06153,Female,1,3,No,No,One year,Credit card (automatic),33.25,92.65,No
CUST-06154,Female,0,61,Yes,No,One year,Credit card (automatic),56.28,2943.61,No
CUST-06155,Male,0,17,Yes,DSL,Two year,Bank transfer (automatic),68.97,1056.25,No
CUST-06156,Female,0,72,No,No,One year,Mailed check,46.14,3051.96,No
CUST-06157,Male,0,45,Yes,DSL,Month-to-month,Mailed check,45.11,1983.89,Yes
CUST-06158,Female,0,2,Yes,No,One year,Credit card (automatic),115.31,201.6,Yes
CUST-06159,Male,0,39,No,DSL,One year,Electronic check,58.27,1982.08,No
CUST-06160,Male,1,51,No,No,Two year,Electronic check,93.74,4756.05,No
CUST-06161,Female,0,3,Yes,No,Month-to-month,Credit card (automatic),99.65,284.67,No
CUST-06162,Female,1,55,Yes,No,Two year,Electronic check,74.15,3760.29,No
CUST-06163,Male,0,46,Yes,No,Month-to-month,Mailed check,110.39,5075.32,Yes
CUST-06164,Female,0,6,No,No,One year,Electronic check,59.33,314.29,No
CUST-06165,Male,1,67,Yes,Fiber optic,Month-to-month,Electronic check,23.05,1366.71,Yes
CUST-06166,Male,0,53,Yes,Fiber optic,Two year,Bank transfer (automatic),62.28,3016.88,No
CUST-06167,Male,0,49,No,Fiber optic,One year,Credit card (automatic),22.61,984.06,No
CUST-06168,Female,0,29,Yes,No,One year,Credit card (automatic),111.5,3023.44,Yes
CUST-06169,Female,0,24,Yes,DSL,One year,Bank transfer (automatic),27.49,645.68,No
CUST-06170,Female,0,6,No,DSL,One year,Electronic check,93.16,552.97,Yes
CUST-06171,Male,0,50,No,DSL,One year,Mailed check,34.69,1605.22,Yes
CUST-06172,Female,0,7,No,No,Two year,Electronic check,49.07,324.18,No
CUST-06173,Female,0,15,No,DSL,Two year,Credit card (automatic),64.72,954.66,No
CUST-06174,Female,1,28,No,Fiber optic,Two year,Electronic check,110.92,3018.05,No
CUST-06175,Female,0,60,No,No,Two year,Electronic check,77.95,4176.62,No
CUST-06176,Female,0,20,Yes,DSL,One year,Credit card (automatic),92.27,1630.38,No
CUST-06177,Female,1,72,Yes,No,One year,Credit card (automatic),75.82,5299.56,No
CUST-06178,Male,0,68,No,DSL,Month-to-month,Credit card (automatic),27.04,1642.09,No
CUST-06179,Male,1,7,No,No,Two year,Bank transfer (automatic),57.95,401.77,No
CUST-06180,Female,0,67,No,Fiber optic,Two year,Credit card (automatic),91.98,5639.73,No
CUST-06181,Male,0,3,Yes,DSL,One year,Credit card (automatic),113.81,306.3,No
CUST-06182,Male,1,54,Yes,No,Two year,Mailed check,65.56,3022.19,No
CUST-06183,Male,0,25,No,No,One year,Electronic check,60.32,1441.07,No
CUST-06184,Male,0,53,Yes,No,Two year,Electronic check,33.88,1587.31,No
CUST-06185,Male,0,63,No,DSL,Month-to-month,Credit card (automatic),26.39,1478.93,Yes
CUST-06186,Female,0,11,No,Fiber optic,Two year,Bank transfer (automatic),27.85,266.96,No
CUST-06187,Female,0,7,Yes,Fiber optic,Month-to-month,Credit card (automatic),106.35,711.51,Yes
CUST-06188,Male,1,31,No,No,Two year,Bank transfer (automatic),113.35,3494.4,No
CUST-06189,Female,0,56,Yes,Fiber optic,Month-to-month,Bank transfer (automatic),38.42,1867.58,No
CUST-06190,Male,0,67,Yes,No,Two year,Bank transfer (automatic),56.92,3616.44,No
CUST-06191,Female,0,53,Yes,Fiber optic,One year,Mailed check,45.75,2352.98,No
CUST-06192,Female,0,46,No,DSL,One year,Mailed check,69.01,3040.93,No
CUST-06193,Male,0,9,Yes,Fiber optic,One year,Bank transfer (automatic),113.94,897.2,No
CUST-06194,Female,0,47,No,Fiber optic,One year,Mailed check,75.5,3400.0,No
CUST-06195,Male,1,67,No,DSL,Month-to-month,Electronic check,76.17,4649.58,No
CUST-06196,Male,0,46,No,DSL,One year,Electronic check,112.55,4862.17,No
CUST-06197,Female,0,58,No,No,Month-to-month,Bank transfer (automatic),109.16,5820.83,No
CUST-06198,Male,0,64,No,Fiber optic,Two year,Mailed check,66.82,4205.82,No
CUST-06199,Male,1,70,Yes,Fiber optic,Two year,Mailed check,67.23,4215.74,No
CUST-06200,Male,0,14,Yes,Fiber optic,One year,Credit card (automatic),116.51,1422.26,No
CUST-06201,Female,0,23,No,DSL,Two year,Bank transfer (automatic),80.45,1649.44,No
CUST-06202,Male,0,67,Yes,Fiber optic,One year,Credit card (automatic),94.42,5478.75,No
CUST-06203,Female,0,21,Yes,DSL,Two year,Credit card (automatic),62.75,1187.83,No
CUST-06204,Male,0,64,No,Fiber optic,Month-to-month,Credit card (automatic),36.73,2053.89,No
CUST-06205,Female,0,68,Yes,No,One year,Bank transfer (automatic),66.72,4132.57,No
CUST-06206,Male,0,51,No,DSL,One year,Credit card (automatic),103.57,4715.62,No
CUST-06207,Female,0,39,No,DSL,Month-to-month,Bank transfer (automatic),66.57,2382.54,No
CUST-06208,Male,0,69,No,No,One year,Credit card (automatic),78.97,4961.29,No
CUST-06209,Male,0,33,Yes,Fiber optic,Month-to-month,Electronic check,40.62,1241.02,Yes
CUST-06210,Male,1,60,Yes,Fiber optic,One year,Mailed check,77.26,4342.95,No
CUST-06211,Male,0,23,No,Fiber optic,Two year,Credit card (automatic),78.65,1762.11,No
CUST-06212,Female,0,32,Yes,DSL,One year,Credit card (automatic),68.34,1952.03,No
CUST-06213,Male,1,2,Yes,DSL,Month-to-month,Electronic check,104.9,181.85,Yes
CUST-06214,Female,1,15,No,DSL,Month-to-month,Electronic check,39.72,594.36,No
CUST-06215,Male,1,29,Yes,DSL,Month-to-month,Mailed check,118.75,2995.76,Yes
CUST-06216,Male,0,49,No,DSL,Two year,Credit card (automatic),116.94,5071.39,No
CUST-06217,Female,0,20,Yes,Fiber optic,One year,Credit card (automatic),32.71,628.31,No
CUST-06218,Male,1,19,No,Fiber optic,Month-to-month,Credit card (automatic),71.19,1235.05,Yes
CUST-06219,Male,0,69,No,DSL,Month-to-month,Mailed check,55.11,3443.99,No
CUST-06220,Male,0,65,Yes,Fiber optic,One year,Mailed check,80.82,5123.07,No
CUST-06221,Female,1,14,No,DSL,Month-to-month,Bank transfer (automatic),50.64,654.46,No
CUST-06222,Male,0,59,Yes,No,One year,Mailed check,48.29,2844.19,No
CUST-06223,Male,1,2,Yes,DSL,One year,Credit card (automatic),71.16,127.25,No
CUST-06224,Male,0,27,No,DSL,One year,Credit card (automatic),99.17,2449.92,No
CUST-06225,Female,0,62,No,No,One year,Bank transfer (automatic),34.49,1902.65,No
CUST-06226,Female,1,3,Yes,DSL,Month-to-month,Electronic check,27.21,76.12,Yes
CUST-06227,Male,0,48,No,No,One year,Bank transfer (automatic),113.94,5274.94,No
CUST-06228,Female,0,27,No,No,Two year,Bank transfer (automatic),117.02,2768.57,No
CUST-06229,Female,1,46,Yes,DSL,Two year,Bank transfer (automatic),45.68,1821.61,No
CUST-06230,Male,0,68,No,DSL,Two year,Credit card (automatic),100.48,5914.91,No
CUST-06231,Female,1,8,Yes,No,Month-to-month,Credit card (automatic),110.3,871.54,No
CUST-06232,Male,0,13,No,Fiber optic,Two year,Mailed check,65.64,787.39,No
CUST-06233,Female,1,15,No,Fiber optic,One year,Electronic check,87.87,1236.35,No
CUST-06234,Female,0,46,Yes,DSL,One year,Electronic check,118.68,5288.21,Yes
CUST-06235,Female,1,69,No,Fiber optic,Month-to-month,Credit card (automatic),104.26,6668.94,No
CUST-06236,Female,0,11,No,No,One year,Credit card (automatic),108.8,1118.55,No
CUST-06237,Female,0,39,Yes,Fiber optic,One year,Credit card (automatic),72.07,2612.89,No
CUST-06238,Male,0,21,Yes,Fiber optic,Month-to-month,Credit card (automatic),27.77,538.69,No
CUST-06239,Female,0,41,No,Fiber optic,One year,Mailed check,118.14,4369.12,No
CUST-06240,Female,0,33,Yes,Fiber optic,Two year,Bank transfer (automatic),24.98,724.71,No
CUST-06241,Male,0,64,Yes,DSL,Month-to-month,Mailed check,59.53,3273.77,No
CUST-06242,Male,0,64,Yes,No,Two year,Electronic check,90.08,5641.55,No
CUST-06243,Male,0,71,Yes,DSL,Month-to-month,Bank transfer (automatic),22.26,1456.11,No
CUST-06244,Male,0,19,No,DSL,Two year,Credit card (automatic),35.55,664.43,No
CUST-06245,Female,0,58,Yes,DSL,Two year,Credit card (automatic),95.86,5062.7,No
CUST-06246,Male,0,69,Yes,Fiber optic,One year,Bank transfer (automatic),105.2,6669.17,No
CUST-06247,Female,0,71,Yes,No,One year,Credit card (automatic),101.65,7088.5,No
CUST-06248,Female,0,50,Yes,Fiber optic,Two year,Bank transfer (automatic),31.77,1365.46,No
CUST-06249,Female,0,22,No,Fiber optic,Two year,Credit card (automatic),87.73,1817.29,No
CUST-06250,Female,1,1,Yes,Fiber optic,One year,Credit card (automatic),44.87,44.14,No
CUST-06251,Male,0,57,Yes,Fiber optic,Two year,Mailed check,96.42,5474.13,No
CUST-06252,Male,0,12,No,Fiber optic,Two year,Credit card (automatic),64.69,692.61,Yes
CUST-06253,Female,0,64,No,Fiber optic,Two year,Electronic check,115.28,6434.9,No
CUST-06254,Male,0,24,Yes,No,One year,Mailed check,108.34,2234.49,No
CUST-06255,Male,0,47,Yes,DSL,Month-to-month,Credit card (automatic),97.59,4535.0,No
CUST-06256,Male,1,19,No,No,Month-to-month,Electronic check,58.3,1057.79,Yes
CUST-06257,Male,0,45,No,DSL,Two year,Mailed check,109.78,4835.78,No
CUST-06258,Female,1,47,No,No,Month-to-month,Mailed check,34.74,1508.84,No
CUST-06259,Female,1,65,Yes,Fiber optic,Two year,Electronic check,60.6,3659.72,No
CUST-06260,Male,0,31,Yes,No,Two year,Credit card (automatic),73.88,1953.92,No
CUST-06261,Male,0,45,No,Fiber optic,Two year,Credit card (automatic),59.53,2429.34,No
CUST-06262,Female,1,22,Yes,No,Month-to-month,Mailed check,110.61,2257.44,No
CUST-06263,Female,0,51,Yes,Fiber optic,Two year,Electronic check,71.9,3153.35,No
CUST-06264,Female,0,47,No,No,Month-to-month,Electronic check,77.68,3222.56,No
CUST-06265,Male,0,4,Yes,Fiber optic,Month-to-month,Bank transfer (automatic),66.95,265.19,No
CUST-06266,Male,0,19,Yes,DSL,One year,Mailed check,113.88,2158.57,No
CUST-06267,Male,1,21,Yes,No,Month-to-month,Electronic check,54.48,1062.02,Yes
CUST-06268,Female,0,56,Yes,No,One year,Bank transfer (automatic),66.04,3294.22,No
CUST-06269,Male,0,44,Yes,No,One year,Mailed check,105.21,4574.77,No
CUST-06270,Male,0,41,Yes,DSL,Two year,Electronic check,101.76,3923.29,No
CUST-06271,Female,0,30,No,Fiber optic,Two year,Mailed check,105.3,2904.31,No
CUST-06272,Male,0,44,No,No,Month-to-month,Electronic check,109.0,4253.35,Yes
CUST-06273,Male,0,59,No,No,Month-to-month,Bank transfer (automatic),22.83,1177.15,No
CUST-06274,Male,0,47,Yes,No,Two year,Credit card (automatic),51.58,2190.27,No
CUST-06275,Male,0,6,Yes,Fiber optic,One year,Mailed check,102.25,554.74,Yes
CUST-06276,Male,1,65,No,No,Month-to-month,Credit card (automatic),114.27,6409.92,No
CUST-06277,Male,0,27,Yes,No,Two year,Electronic check,27.89,701.54,No
CUST-06278,Male,0,37,No,Fiber optic,Month-to-month,Electronic check,117.64,4294.79,Yes
CUST-06279,Male,0,19,No,Fiber optic,Two year,Bank transfer (automatic),53.38,1000.81,No
CUST-06280,Female,0,34,No,Fiber optic,One year,Credit card (automatic),82.87,2472.11,No
CUST-06281,Female,0,27,Yes,Fiber optic,Month-to-month,Electronic check,99.96,2611.02,Yes
CUST-06282,Male,0,15,No,DSL,Month-to-month,Credit card (automatic),74.82,994.88,No
CUST-06283,Male,1,59,No,No,Month-to-month,Electronic check,66.91,3428.48,No
CUST-06284,Female,1,64,Yes,Fiber optic,One year,Mailed check,37.69,2307.71,No
CUST-06285,Male,1,2,No,Fiber optic,Two year,Bank transfer (automatic),70.69,135.19,No
CUST-06286,Female,1,5,No,DSL,One year,Credit card (automatic),31.43,144.88,No
CUST-06287,Female,0,35,No,DSL,Month-to-month,Mailed check,114.59,3485.16,No
CUST-06288,Female,1,25,No,No,Two year,Bank transfer (automatic),22.63,543.51,No
CUST-06289,Female,0,27,Yes,Fiber optic,Month-to-month,Electronic check,80.8,2059.78,Yes
CUST-06290,Male,0,46,Yes,No,Two year,Bank transfer (automatic),50.4,1999.39,No
CUST-06291,Male,0,34,No,Fiber optic,Two year,Electronic check,34.06,1001.39,No
CUST-06292,Male,0,68,Yes,DSL,Two year,Mailed check,115.15,7793.87,No
CUST-06293,Male,0,67,No,No,One year,Bank transfer (automatic),118.91,7363.76,No
CUST-06294,Female,1,40,No,DSL,Month-to-month,Credit card (automatic),65.85,2316.03,No
CUST-06295,Female,0,8,No,No,One year,Bank transfer (automatic),98.07,677.09,Yes
CUST-06296,Male,0,25,No,Fiber optic,Two year,Mailed check,71.97,1784.01,No
CUST-06297,Female,1,71,No,No,Month-to-month,Credit card (automatic),25.71,1628.7,No
CUST-06298,Female,0,11,No,Fiber optic,One year,Mailed check,66.38,685.01,No
CUST-06299,Female,0,13,No,DSL,One year,Mailed check,37.08,450.04,No
CUST-06300,Male,1,8,Yes,Fiber optic,One year,Credit card (automatic),28.8,217.98,No
CUST-06301,Male,0,7,No,No,Month-to-month,Mailed check,47.68,290.03,No
CUST-06302,Female,0,69,No,No,Two year,Electronic check,77.4,5044.02,No
CUST-06303,Male,0,1,Yes,DSL,Month-to-month,Credit card (automatic),98.21,94.16,Yes
CUST-06304,Male,0,49,No,Fiber optic,One year,Bank transfer (automatic),46.46,2259.21,No
CUST-06305,Female,0,70,No,No,Month-to-month,Mailed check,88.66,6012.97,Yes
CUST-06306,Female,1,34,No,No,Two year,Electronic check,111.32,3531.19,No
CUST-06307,Male,1,65,Yes,Fiber optic,One year,Electronic check,48.5,2934.59,No
CUST-06308,Female,0,71,No,DSL,One year,Mailed check,23.39,1459.76,No
CUST-06309,Male,0,38,Yes,DSL,Two year,Mailed check,21.98,711.03,No
CUST-06310,Male,0,70,No,Fiber optic,One year,Electronic check,100.8,6789.6,No
CUST-06311,Male,0,42,Yes,No,One year,Bank transfer (automatic),40.22,1593.14,No
CUST-06312,Male,0,38,No,DSL,One year,Bank transfer (automatic),76.25,2624.81,No
CUST-06313,Male,0,45,Yes,DSL,One year,Bank transfer (automatic),118.91,4607.55,No
CUST-06314,Male,0,36,Yes,DSL,Month-to-month,Bank transfer (automatic),85.51,2641.74,No
CUST-06315,Male,0,17,Yes,No,One year,Credit card (automatic),55.81,817.22,No
CUST-06316,Female,0,43,Yes,Fiber optic,Month-to-month,Credit card (automatic),37.65,1546.1,No
CUST-06317,Female,0,19,Yes,Fiber optic,One year,Mailed check,96.94,1778.92,No
CUST-06318,Male,1,16,No,No,Two year,Bank transfer (automatic),112.08,1722.55,No
CUST-06319,Female,0,13,No,DSL,Two year,Bank transfer (automatic),62.33,713.95,No
CUST-06320,Female,1,6,Yes,DSL,One year,Electronic check,80.92,417.58,Yes
CUST-06321,Female,0,69,Yes,DSL,One year,Bank transfer (automatic),41.38,2713.43,No
CUST-06322,Female,1,62,No,No,Month-to-month,Bank transfer (automatic),118.97,6370.45,No
CUST-06323,Male,0,67,No,DSL,One year,Electronic check,104.26,6693.53,No
CUST-06324,Female,1,7,Yes,Fiber optic,One year,Credit card (automatic),79.0,483.55,No
CUST-06325,Female,0,68,Yes,No,One year,Bank transfer (automatic),79.98,5262.78,No
CUST-06326,Male,1,66,No,No,One year,Electronic check,42.26,2457.22,No
CUST-06327,Male,1,34,No,DSL,Month-to-month,Credit card (automatic),80.1,2711.12,No
CUST-06328,Male,0,14,Yes,DSL,One year,Credit card (automatic),35.39,481.12,No
CUST-06329,Male,0,12,No,Fiber optic,Two year,Mailed check,25.61,292.11,No
CUST-06330,Male,1,41,No,DSL,Two year,Bank transfer (automatic),86.6,3281.59,No
CUST-06331,Male,1,5,No,No,Month-to-month,Bank transfer (automatic),30.67,140.35,Yes
CUST-06332,Male,0,35,Yes,Fiber optic,Month-to-month,Mailed check,91.0,2838.69,Yes
CUST-06333,Male,0,34,No,Fiber optic,Two year,Mailed check,112.74,3748.65,No
CUST-06334,Female,0,21,Yes,Fiber optic,Month-to-month,Electronic check,58.56,1049.79,Yes
CUST-06335,Female,0,14,Yes,No,Two year,Mailed check,32.88,401.82,No
CUST-06336,Female,0,54,Yes,Fiber optic,One year,Mailed check,41.46,2050.77,No
CUST-06337,Female,0,16,No,DSL,One year,Bank transfer (automatic),111.35,1681.12,No
CUST-06338,Female,1,7,Yes,Fiber optic,One year,Mailed check,35.91,217.22,No
CUST-06339,Male,0,15,No,DSL,Month-to-month,Mailed check,93.23,1281.88,No
CUST-06340,Male,0,64,No,Fiber optic,Two year,Mailed check,90.31,5595.67,No
CUST-06341,Female,0,25,Yes,DSL,One year,Mailed check,94.6,2171.68,No
CUST-06342,Male,0,53,No,DSL,Month-to-month,Credit card (automatic),56.64,2902.97,No
CUST-06343,Female,0,2,Yes,Fiber optic,One year,Electronic check,110.99,190.14,No
CUST-06344,Female,0,67,Yes,No,Two year,Bank transfer (automatic),96.33,5998.84,No
CUST-06345,Male,0,52,No,No,Month-to-month,Electronic check,73.65,3632.28,No
CUST-06346,Female,0,61,No,No,Month-to-month,Electronic check,70.95,3828.89,Yes
CUST-06347,Female,0,36,No,No,One year,Credit card (automatic),50.37,1738.44,Yes
CUST-06348,Male,0,65,Yes,No,Two year,Bank transfer (automatic),97.87,5944.14,No
CUST-06349,Male,0,34,No,DSL,One year,Electronic check,118.8,3958.28,No
CUST-06350,Female,0,67,No,No,Two year,Credit card (automatic),64.18,4092.18,No
CUST-06351,Male,0,53,No,Fiber optic,Month-to-month,Mailed check,105.29,5032.67,Yes
CUST-06352,Male,0,44,Yes,No,Month-to-month,Electronic check,91.67,4000.21,No
CUST-06353,Female,1,7,No,Fiber optic,Two year,Electronic check,46.82,314.1,No
CUST-06354,Female,0,2,No,Fiber optic,One year,Bank transfer (automatic),41.67,79.06,No
CUST-06355,Female,0,58,Yes,No,One year,Mailed check,113.92,6588.2,No
CUST-06356,Male,0,54,Yes,Fiber optic,Two year,Electronic check,119.93,6065.83,No
CUST-06357,Male,0,60,Yes,No,Two year,Credit card (automatic),40.8,2194.95,No
CUST-06358,Female,1,1,No,No,Month-to-month,Electronic check,78.33,67.98,Yes
CUST-06359,Male,0,34,No,Fiber optic,Two year,Credit card (automatic),93.29,2974.58,No
CUST-06360,Female,0,72,No,Fiber optic,Month-to-month,Credit card (automatic),89.51,5890.32,No
CUST-06361,Male,0,9,No,No,One year,Mailed check,95.15,774.46,No
CUST-06362,Female,0,29,No,No,One year,Credit card (automatic),92.59,2424.34,No
CUST-06363,Male,0,65,No,Fiber optic,One year,Electronic check,71.61,4529.75,No
CUST-06364,Male,0,5,No,DSL,Two year,Credit card (automatic),25.11,116.83,No
CUST-06365,Male,0,9,No,No,Month-to-month,Mailed check,90.89,736.33,No
CUST-06366,Female,0,52,Yes,Fiber optic,Month-to-month,Credit card (automatic),112.95,5616.56,No
CUST-06367,Female,1,7,No,DSL,Month-to-month,Credit card (automatic),79.93,554.39,No
CUST-06368,Male,0,31,Yes,No,One year,Mailed check,59.19,1669.39,No
CUST-06369,Female,0,19,Yes,No,One year,Electronic check,61.59,1160.01,Yes
CUST-06370,Male,0,55,No,No,Two year,Credit card (automatic),118.19,6036.31,No
CUST-06371,Male,0,25,No,Fiber optic,One year,Mailed check,98.73,2391.81,No
CUST-06372,Female,0,56,Yes,No,Two year,Electronic check,84.69,4251.98,No
CUST-06373,Male,1,20,Yes,No,Two year,Mailed check,35.08,628.16,No
CUST-06374,Male,0,33,Yes,No,Two year,Mailed check,87.82,2674.94,No
CUST-06375,Male,0,6,Yes,DSL,Two year,Credit card (automatic),38.24,223.83,No
CUST-06376,Male,0,6,Yes,DSL,Two year,Mailed check,52.22,284.36,No
CUST-06377,Male,1,5,Yes,No,Month-to-month,Electronic check,99.67,441.16,No
CUST-06378,Female,0,37,Yes,No,Month-to-month,Credit card (automatic),78.49,2567.88,No
CUST-06379,Male,0,8,Yes,No,Month-to-month,Mailed check,70.65,509.29,No
CUST-06380,Male,1,23,No,No,Month-to-month,Credit card (automatic),92.48,2065.89,No
CUST-06381,Female,0,52,No,DSL,One year,Mailed check,33.8,1633.68,No
CUST-06382,Male,1,38,No,DSL,Month-to-month,Credit card (automatic),78.36,2570.87,No
CUST-06383,Male,0,34,Yes,Fiber optic,One year,Bank transfer (automatic),37.31,1223.96,No
CUST-06384,Male,0,12,No,DSL,One year,Electronic check,78.32,880.01,No
CUST-06385,Female,0,16,Yes,DSL,Two year,Mailed check,52.68,720.96,No
CUST-06386,Male,0,21,No,Fiber optic,Two year,Electronic check,25.13,472.44,No
CUST-06387,Female,0,48,Yes,No,One year,Mailed check,117.64,5321.58,No
CUST-06388,Female,0,63,Yes,Fiber optic,One year,Electronic check,83.44,4701.74,No
CUST-06389,Male,0,36,No,No,Month-to-month,Bank transfer (automatic),21.92,699.24,No
CUST-06390,Female,1,14,No,Fiber optic,Two year,Bank transfer (automatic),60.38,842.55,No
CUST-06391,Male,0,59,Yes,Fiber optic,One year,Bank transfer (automatic),110.53,6128.9,No
CUST-06392,Male,0,4,Yes,DSL,One year,Mailed check,82.47,305.59,No
CUST-06393,Male,1,64,Yes,No,Month-to-month,Electronic check,117.96,6568.1,No
CUST-06394,Female,0,50,No,DSL,Two year,Bank transfer (automatic),108.31,4786.13,No
CUST-06395,Male,1,38,No,Fiber optic,Two year,Mailed check,40.48,1378.55,No
CUST-06396,Male,0,51,No,Fiber optic,Two year,Electronic check,38.63,1694.12,No
CUST-06397,Male,0,39,Yes,No,One year,Electronic check,102.93,3412.88,Yes
CUST-06398,Male,0,16,Yes,No,Month-to-month,Electronic check,78.44,1196.29,Yes
CUST-06399,Female,0,45,No,Fiber optic,Month-to-month,Credit card (automatic),96.04,4134.28,Yes
CUST-06400,Female,1,16,Yes,Fiber optic,One year,Credit card (automatic),38.1,599.07,No
CUST-06401,Female,1,55,Yes,Fiber optic,Month-to-month,Electronic check,64.97,3566.42,No
CUST-06402,Male,0,68,No,No,Month-to-month,Credit card (automatic),70.52,4746.44,No
CUST-06403,Male,0,61,No,DSL,One year,Mailed check,66.33,3632.98,No
CUST-06404,Female,1,41,Yes,DSL,Month-to-month,Credit card (automatic),70.15,2640.1,Yes
CUST-06405,Male,0,70,Yes,DSL,One year,Electronic check,83.12,5083.35,No
CUST-06406,Male,0,56,No,No,Month-to-month,Mailed check,106.98,5835.18,No
CUST-06407,Male,0,72,Yes,No,Two year,Mailed check,103.86,6398.82,No
CUST-06408,Female,0,8,Yes,Fiber optic,One year,Mailed check,50.94,392.28,No
CUST-06409,Female,1,52,Yes,Fiber optic,Month-to-month,Credit card (automatic),24.58,1263.71,No
CUST-06410,Female,0,27,No,Fiber optic,Two year,Electronic check,89.9,2243.14,No
CUST-06411,Male,0,28,Yes,DSL,One year,Bank transfer (automatic),76.51,2042.43,No
CUST-06412,Male,0,9,Yes,Fiber optic,One year,Bank transfer (automatic),107.81,878.28,No
CUST-06413,Female,0,67,Yes,No,One year,Credit card (automatic),64.33,4220.17,No
CUST-06414,Female,0,19,Yes,Fiber optic,Two year,Bank transfer (automatic),104.49,1935.94,No
CUST-06415,Female,0,25,No,Fiber optic,Two year,Credit card (automatic),26.72,567.98,No
CUST-06416,Female,1,45,No,Fiber optic,Month-to-month,Bank transfer (automatic),54.57,2143.18,No
CUST-06417,Male,0,29,No,No,Two year,Mailed check,98.48,2641.61,No
CUST-06418,Female,0,44,No,Fiber optic,Month-to-month,Mailed check,75.78,2877.08,Yes
CUST-06419,Female,0,10,No,Fiber optic,Month-to-month,Credit card (automatic),24.71,229.18,Yes
CUST-06420,Female,0,69,No,DSL,Month-to-month,Bank transfer (automatic),62.49,4061.45,No
CUST-06421,Male,0,58,No,Fiber optic,One year,Mailed check,89.46,4553.95,No
CUST-06422,Female,0,12,Yes,No,Month-to-month,Mailed check,29.21,331.52,Yes
CUST-06423,Female,1,4,Yes,No,Month-to-month,Credit card (automatic),70.43,247.03,Yes
CUST-06424,Male,1,5,Yes,DSL,Month-to-month,Electronic check,75.24,373.59,Yes
CUST-06425,Male,0,39,Yes,No,One year,Mailed check,83.14,3034.75,No
CUST-06426,Female,0,65,No,DSL,Month-to-month,Mailed check,37.04,2367.23,No
CUST-06427,Female,0,30,No,No,Month-to-month,Electronic check,36.78,1084.87,No
CUST-06428,Male,1,61,Yes,Fiber optic,Month-to-month,Mailed check,80.1,4185.01,No
CUST-06429,Male,0,23,Yes,No,One year,Mailed check,40.87,865.3,No
CUST-06430,Male,0,63,No,Fiber optic,Two year,Electronic check,101.61,5540.62,No
CUST-06431,Male,1,71,Yes,DSL,Two year,Electronic check,96.67,6170.02,No
CUST-06432,Female,1,2,Yes,Fiber optic,Two year,Bank transfer (automatic),71.91,125.25,No
CUST-06433,Female,0,31,Yes,DSL,One year,Electronic check,108.08,3307.04,No
CUST-06434,Female,0,8,Yes,Fiber optic,One year,Bank transfer (automatic),101.08,805.31,No
CUST-06435,Female,0,9,Yes,Fiber optic,Two year,Credit card (automatic),77.21,675.68,No
CUST-06436,Male,0,5,No,No,Month-to-month,Mailed check,63.58,280.52,No
CUST-06437,Female,0,33,No,No,Month-to-month,Electronic check,46.52,1391.43,Yes
CUST-06438,Male,0,59,Yes,No,Month-to-month,Mailed check,69.93,3605.53,No
CUST-06439,Female,1,55,Yes,No,Two year,Credit card (automatic),30.45,1553.12,No
CUST-06440,Female,0,43,Yes,Fiber optic,Month-to-month,Credit card (automatic),20.71,760.63,No
CUST-06441,Female,0,25,Yes,DSL,Month-to-month,Mailed check,24.13,519.73,No
CUST-06442,Male,0,59,Yes,Fiber optic,Month-to-month,Electronic check,88.47,4794.57,Yes
CUST-06443,Female,0,20,Yes,No,One year,Bank transfer (automatic),54.28,951.25,No
CUST-06444,Female,1,28,Yes,Fiber optic,One year,Electronic check,116.99,2842.17,Yes
CUST-06445,Male,0,55,No,No,One year,Credit card (automatic),67.59,3614.72,No
CUST-06446,Male,0,11,Yes,Fiber optic,One year,Credit card (automatic),110.63,1095.92,No
CUST-06447,Female,0,20,Yes,No,Month-to-month,Mailed check,66.13,1322.08,Yes
CUST-06448,Male,0,69,No,No,Two year,Bank transfer (automatic),108.58,7118.5,No
CUST-06449,Male,0,61,No,No,Month-to-month,Credit card (automatic),70.37,3904.47,No
CUST-06450,Female,0,47,No,DSL,Month-to-month,Mailed check,60.53,2653.68,No
CUST-06451,Male,1,29,No,No,One year,Credit card (automatic),24.72,616.35,No
CUST-06452,Male,0,39,No,DSL,Month-to-month,Bank transfer (automatic),54.91,2031.36,No
CUST-06453,Male,1,4,Yes,Fiber optic,Month-to-month,Electronic check,30.25,108.93,Yes
CUST-06454,Male,0,45,No,Fiber optic,Month-to-month,Bank transfer (automatic),53.03,2074.34,No
CUST-06455,Male,0,16,Yes,Fiber optic,Month-to-month,Mailed check,62.15,855.43,No
CUST-06456,Female,0,47,Yes,No,One year,Electronic check,20.39,949.56,No
CUST-06457,Male,0,65,Yes,No,One year,Bank transfer (automatic),34.04,2125.23,No
CUST-06458,Male,0,11,No,Fiber optic,Month-to-month,Credit card (automatic),21.21,202.56,Yes
CUST-06459,Female,0,30,Yes,No,Month-to-month,Electronic check,79.6,2146.02,No
CUST-06460,Female,0,45,Yes,No,One year,Bank transfer (automatic),69.01,2657.37,No
CUST-06461,Female,1,56,Yes,Fiber optic,One year,Electronic check,66.2,3161.61,No
CUST-06462,Male,0,72,Yes,No,One year,Bank transfer (automatic),66.03,4528.12,No
CUST-06463,Male,0,46,No,DSL,Month-to-month,Mailed check,21.37,838.4,Yes
CUST-06464,Female,1,11,Yes,DSL,One year,Credit card (automatic),88.71,878.95,No
CUST-06465,Male,1,59,Yes,Fiber optic,Month-to-month,Credit card (automatic),67.89,3621.76,No
CUST-06466,Male,0,22,No,DSL,Two year,Mailed check,36.13,713.65,No
CUST-06467,Male,0,61,Yes,DSL,Month-to-month,Credit card (automatic),90.47,5263.77,No
CUST-06468,Female,0,49,No,Fiber optic,One year,Mailed check,36.55,1664.42,No
CUST-06469,Male,0,53,Yes,DSL,One year,Bank transfer (automatic),80.81,3899.49,No
CUST-06470,Female,0,41,Yes,Fiber optic,One year,Electronic check,85.53,3021.09,No
CUST-06471,Female,1,26,No,No,Month-to-month,Bank transfer (automatic),32.56,734.98,Yes
CUST-06472,Male,0,65,Yes,Fiber optic,Month-to-month,Mailed check,90.95,5442.14,No
CUST-06473,Female,0,13,No,No,Two year,Bank transfer (automatic),90.36,1082.24,No
CUST-06474,Male,0,31,Yes,No,Month-to-month,Mailed check,28.34,767.51,Yes
CUST-06475,Male,0,44,Yes,No,Month-to-month,Mailed check,97.45,4083.73,Yes
CUST-06476,Male,0,44,No,DSL,One year,Credit card (automatic),22.28,945.86,No
CUST-06477,Male,0,36,Yes,No,One year,Mailed check,84.02,2863.55,No
CUST-06478,Female,0,5,Yes,Fiber optic,Two year,Bank transfer (automatic),111.55,493.1,No
CUST-06479,Male,0,19,No,DSL,One year,Bank transfer (automatic),39.98,696.31,No
CUST-06480,Female,0,13,No,Fiber optic,Month-to-month,Bank transfer (automatic),101.2,1273.54,No
CUST-06481,Female,0,10,Yes,No,Month-to-month,Electronic check,85.37,849.61,No
CUST-06482,Male,0,50,No,DSL,Two year,Bank transfer (automatic),83.65,3932.44,Yes
CUST-06483,Male,0,61,No,No,One year,Mailed check,100.51,6075.23,No
CUST-06484,Male,1,19,No,DSL,Two year,Bank transfer (automatic),105.46,1890.99,No
CUST-06485,Male,0,40,No,Fiber optic,One year,Credit card (automatic),111.42,4289.59,No
CUST-06486,Female,0,46,No,No,Two year,Electronic check,93.42,3741.04,Yes
CUST-06487,Female,0,29,No,Fiber optic,Month-to-month,Electronic check,99.03,2705.11,Yes
CUST-06488,Female,1,56,Yes,No,Two year,Bank transfer (automatic),117.74,6569.86,No
CUST-06489,Female,0,1,Yes,Fiber optic,One year,Credit card (automatic),35.43,31.43,No
CUST-06490,Female,1,70,No,No,Two year,Bank transfer (automatic),40.73,2731.01,No
CUST-06491,Male,1,10,No,No,One year,Mailed check,87.86,796.16,No
CUST-06492,Female,0,59,Yes,No,Month-to-month,Electronic check,51.01,2808.14,Yes
CUST-06493,Male,0,51,Yes,No,Two year,Electronic check,66.45,3331.8,No
CUST-06494,Male,0,69,Yes,DSL,One year,Credit card (automatic),50.57,3046.1,No
CUST-06495,Female,1,52,Yes,Fiber optic,Month-to-month,Bank transfer (automatic),41.41,1848.66,No
CUST-06496,Male,0,52,Yes,DSL,Month-to-month,Electronic check,94.84,4521.75,Yes
CUST-06497,Male,0,67,Yes,No,Month-to-month,Bank transfer (automatic),91.34,5797.47,No
CUST-06498,Male,0,68,No,Fiber optic,Two year,Mailed check,44.51,2636.66,No
CUST-06499,Male,0,33,Yes,Fiber optic,One year,Bank transfer (automatic),73.16,2247.04,No
CUST-06500,Male,0,16,No,Fiber optic,Two year,Credit card (automatic),90.92,1417.11,No
CUST-06501,Male,0,34,No,Fiber optic,Month-to-month,Mailed check,88.63,3012.02,No
CUST-06502,Male,1,25,Yes,Fiber optic,Month-to-month,Electronic check,61.49,1311.47,No
CUST-06503,Female,0,61,No,No,Month-to-month,Bank transfer (automatic),36.58,1924.83,No
CUST-06504,Male,0,33,No,No,Month-to-month,Electronic check,108.04,3494.02,No
CUST-06505,Female,0,42,No,DSL,Month-to-month,Credit card (automatic),61.96,2279.85,Yes
CUST-06506,Female,0,36,Yes,No,Month-to-month,Electronic check,69.17,2406.5,No
CUST-06507,Female,0,21,Yes,DSL,Month-to-month,Mailed check,94.42,1821.96,Yes
CUST-06508,Female,0,32,No,DSL,Month-to-month,Mailed check,56.89,1773.99,No
CUST-06509,Female,0,28,Yes,DSL,Month-to-month,Bank transfer (automatic),39.06,1051.09,Yes
CUST-06510,Male,0,5,Yes,No,Month-to-month,Bank transfer (automatic),78.69,342.34,No
CUST-06511,Female,0,59,Yes,No,One year,Credit card (automatic),73.54,3719.96,No
CUST-06512,Male,1,27,No,DSL,One year,Credit card (automatic),46.45,1220.4,No
CUST-06513,Female,1,46,No,Fiber optic,Month-to-month,Mailed check,28.88,1299.79,No
CUST-06514,Male,0,64,No,No,Two year,Bank transfer (automatic),66.48,3815.55,No
CUST-06515,Male,0,18,No,Fiber optic,One year,Mailed check,110.56,1766.12,No
CUST-06516,Male,0,6,No,No,Month-to-month,Credit card (automatic),68.29,358.61,No
CUST-06517,Female,0,40,No,No,Month-to-month,Bank transfer (automatic),103.05,3915.64,No
CUST-06518,Female,0,57,Yes,No,Month-to-month,Mailed check,102.24,5329.08,No
CUST-06519,Female,1,16,No,DSL,Two year,Credit card (automatic),34.13,530.0,No
CUST-06520,Male,0,34,Yes,DSL,One year,Bank transfer (automatic),105.96,3377.17,No
CUST-06521,Male,0,2,No,DSL,Two year,Credit card (automatic),70.15,131.47,No
CUST-06522,Female,0,38,No,Fiber optic,One year,Mailed check,50.6,1896.68,No
CUST-06523,Male,0,41,No,Fiber optic,Month-to-month,Bank transfer (automatic),73.3,2743.69,No
CUST-06524,Male,0,52,No,No,Month-to-month,Mailed check,22.84,1160.79,No
CUST-06525,Female,0,25,Yes,Fiber optic,Month-to-month,Electronic check,40.4,930.38,Yes
CUST-06526,Female,0,66,Yes,Fiber optic,Two year,Electronic check,75.47,4424.92,No
CUST-06527,Female,0,15,No,Fiber optic,Two year,Credit card (automatic),84.13,1118.6,No
CUST-06528,Female,0,40,No,DSL,Month-to-month,Mailed check,36.89,1274.01,Yes
CUST-06529,Female,1,53,No,No,One year,Electronic check,109.05,5686.44,No
CUST-06530,Female,1,29,Yes,No,One year,Electronic check,74.15,1851.31,No
CUST-06531,Male,0,34,No,DSL,Month-to-month,Mailed check,116.24,3538.95,No
CUST-06532,Female,0,4,No,DSL,One year,Bank transfer (automatic),33.46,125.82,No
CUST-06533,Male,1,59,Yes,No,Month-to-month,Electronic check,26.05,1330.7,No
CUST-06534,Female,0,21,Yes,DSL,Two year,Credit card (automatic),71.32,1280.81,No
CUST-06535,Female,0,28,No,DSL,Month-to-month,Credit card (automatic),25.05,642.06,Yes
CUST-06536,Male,0,25,No,Fiber optic,Two year,Electronic check,94.12,2104.18,No
CUST-06537,Female,0,60,Yes,DSL,One year,Electronic check,32.93,1692.25,No
CUST-06538,Female,0,37,Yes,DSL,Month-to-month,Bank transfer (automatic),99.44,3440.41,No
CUST-06539,Female,0,6,Yes,Fiber optic,Month-to-month,Electronic check,102.0,540.75,No
CUST-06540,Male,1,4,Yes,DSL,Month-to-month,Credit card (automatic),119.4,460.01,No
CUST-06541,Male,1,32,No,DSL,Month-to-month,Bank transfer (automatic),63.33,1976.15,Yes
CUST-06542,Male,0,17,Yes,Fiber optic,Two year,Electronic check,100.63,1678.65,No
CUST-06543,Male,1,55,Yes,Fiber optic,One year,Bank transfer (automatic),103.75,5101.41,No
CUST-06544,Female,0,23,No,Fiber optic,Two year,Electronic check,97.87,2178.75,No
CUST-06545,Male,0,20,Yes,DSL,One year,Mailed check,110.44,1989.94,No
CUST-06546,Female,0,50,Yes,No,One year,Mailed check,67.7,3021.78,No
CUST-06547,Female,0,62,No,DSL,Month-to-month,Bank transfer (automatic),64.1,3389.4,No
CUST-06548,Male,1,47,Yes,No,Month-to-month,Bank transfer (automatic),88.1,4057.78,No
CUST-06549,Female,0,37,Yes,DSL,Month-to-month,Bank transfer (automatic),40.06,1451.59,No
CUST-06550,Female,0,50,Yes,No,One year,Bank transfer (automatic),33.3,1568.12,No
CUST-06551,Female,0,12,No,DSL,Month-to-month,Mailed check,42.88,441.67,Yes
CUST-06552,Male,0,64,Yes,No,Month-to-month,Mailed check,83.2,5024.8,No
CUST-06553,Female,1,60,Yes,No,Month-to-month,Bank transfer (automatic),112.22,5946.09,No
CUST-06554,Female,0,15,No,DSL,Month-to-month,Credit card (automatic),117.04,1600.51,No
CUST-06555,Female,1,71,Yes,DSL,One year,Bank transfer (automatic),58.02,3551.41,No
CUST-06556,Male,0,58,No,DSL,Two year,Electronic check,27.08,1435.02,No
CUST-06557,Male,0,70,Yes,Fiber optic,One year,Mailed check,80.13,4869.02,No
CUST-06558,Female,0,64,No,No,Two year,Bank transfer (automatic),57.1,3154.97,No
CUST-06559,Female,0,59,No,No,Two year,Electronic check,59.81,3339.37,No
CUST-06560,Male,0,61,No,DSL,Month-to-month,Mailed check,30.13,1660.77,No
CUST-06561,Male,1,10,Yes,Fiber optic,Month-to-month,Bank transfer (automatic),46.93,461.95,Yes
CUST-06562,Male,0,4,No,No,One year,Bank transfer (automatic),42.15,166.58,No
CUST-06563,Female,0,5,Yes,DSL,Two year,Credit card (automatic),65.89,295.32,No
CUST-06564,Male,0,61,Yes,No,One year,Bank transfer (automatic),98.04,5976.65,No
CUST-06565,Female,0,11,No,No,One year,Credit card (automatic),37.42,389.29,No
CUST-06566,Male,1,24,Yes,DSL,Two year,Mailed check,27.36,587.8,No
CUST-06567,Male,0,42,Yes,Fiber optic,One year,Mailed check,83.65,3303.44,No
CUST-06568,Female,0,21,No,No,Month-to-month,Mailed check,111.19,2054.84,Yes
CUST-06569,Female,0,8,Yes,DSL,One year,Electronic check,66.7,523.67,No
CUST-06570,Female,0,9,No,No,One year,Electronic check,118.78,951.78,No
CUST-06571,Female,0,59,No,DSL,Month-to-month,Bank transfer (automatic),73.13,4212.42,No
CUST-06572,Female,0,2,Yes,DSL,Two year,Electronic check,37.78,68.1,No
CUST-06573,Female,0,60,No,Fiber optic,One year,Bank transfer (automatic),98.3,5447.52,No
CUST-06574,Female,0,62,No,DSL,Two year,Electronic check,100.23,5828.97,No
CUST-06575,Female,1,56,No,No,Two year,Bank transfer (automatic),23.01,1152.55,No
CUST-06576,Male,0,70,Yes,Fiber optic,Month-to-month,Bank transfer (automatic),41.8,2497.24,Yes
CUST-06577,Male,0,38,Yes,Fiber optic,Two year,Bank transfer (automatic),118.53,4490.42,No
CUST-06578,Male,0,17,Yes,No,Month-to-month,Electronic check,95.89,1488.96,Yes
CUST-06579,Male,0,6,No,Fiber optic,One year,Electronic check,92.12,499.84,Yes
CUST-06580,Female,1,51,No,DSL,Month-to-month,Mailed check,90.59,4218.99,Yes
CUST-06581,Male,0,72,No,DSL,Month-to-month,Credit card (automatic),99.32,6756.3,No
CUST-06582,Male,0,16,Yes,No,Month-to-month,Credit card (automatic),64.98,920.03,No
CUST-06583,Female,0,25,No,Fiber optic,One year,Mailed check,37.12,859.86,No
CUST-06584,Male,1,51,Yes,No,Month-to-month,Electronic check,23.18,1039.27,No
CUST-06585,Male,1,40,No,DSL,One year,Electronic check,64.63,2542.92,No
CUST-06586,Female,0,2,No,No,Two year,Mailed check,79.35,136.2,No
CUST-06587,Male,0,8,No,No,Month-to-month,Credit card (automatic),83.61,646.24,No
CUST-06588,Female,1,33,No,Fiber optic,Two year,Mailed check,55.78,1636.53,No
CUST-06589,Female,0,2,Yes,DSL,Month-to-month,Electronic check,73.09,141.65,Yes
CUST-06590,Male,1,62,Yes,No,Month-to-month,Credit card (automatic),99.25,5986.54,Yes
CUST-06591,Male,0,50,Yes,DSL,Month-to-month,Mailed check,75.71,3466.23,No
CUST-06592,Male,1,4,Yes,No,Month-to-month,Credit card (automatic),92.81,339.68,Yes
CUST-06593,Male,0,53,Yes,No,Month-to-month,Mailed check,68.16,3511.35,No
CUST-06594,Male,0,38,No,Fiber optic,Two year,Credit card (automatic),83.81,3171.51,No
CUST-06595,Female,0,33,No,Fiber optic,Two year,Electronic check,59.59,1893.4,No
CUST-06596,Male,1,3,No,No,Month-to-month,Credit card (automatic),103.61,286.68,No
CUST-06597,Female,0,25,Yes,DSL,Two year,Mailed check,92.99,2063.28,No
CUST-06598,Female,0,70,Yes,Fiber optic,Month-to-month,Bank transfer (automatic),64.61,4387.92,No
CUST-06599,Male,0,38,Yes,Fiber optic,Two year,Electronic check,66.34,2468.8,No
CUST-06600,Male,0,32,Yes,Fiber optic,One year,Credit card (automatic),75.67,2302.79,No
CUST-06601,Male,1,67,No,Fiber optic,Two year,Electronic check,101.46,5781.64,No
CUST-06602,Female,0,14,No,Fiber optic,Two year,Bank transfer (automatic),101.2,1210.95,No
CUST-06603,Male,0,38,No,No,One year,Mailed check,96.94,3606.24,No
CUST-06604,Female,0,7,Yes,DSL,Month-to-month,Electronic check,29.15,182.02,No
CUST-06605,Female,0,21,Yes,DSL,Two year,Mailed check,61.02,1174.31,No
CUST-06606,Female,0,37,No,No,Month-to-month,Bank transfer (automatic),109.76,3624.7,No
CUST-06607,Male,1,1,No,Fiber optic,One year,Electronic check,84.94,79.71,Yes
CUST-06608,Female,0,64,No,No,One year,Mailed check,91.86,5284.32,No
CUST-06609,Female,1,42,Yes,Fiber optic,Month-to-month,Electronic check,46.95,1840.76,Yes
CUST-06610,Female,0,53,Yes,No,One year,Credit card (automatic),45.18,2169.32,Yes
CUST-06611,Male,0,25,Yes,Fiber optic,Two year,Mailed check,93.48,2123.1,No
CUST-06612,Male,0,39,No,Fiber optic,Month-to-month,Credit card (automatic),50.81,1714.16,Yes
CUST-06613,Female,0,30,No,Fiber optic,Two year,Bank transfer (automatic),102.9,2866.21,No
CUST-06614,Male,0,50,No,DSL,Two year,Electronic check,117.72,5686.23,No
CUST-06615,Female,0,34,No,Fiber optic,One year,Bank transfer (automatic),54.47,1728.69,No
CUST-06616,Male,0,61,Yes,No,Month-to-month,Mailed check,33.17,1721.98,No
CUST-06617,Male,0,25,Yes,No,Two year,Electronic check,56.05,1352.76,No
CUST-06618,Male,1,30,No,No,Month-to-month,Electronic check,37.08,1052.29,No
CUST-06619,Female,1,33,No,No,Two year,Bank transfer (automatic),106.08,3295.59,No
CUST-06620,Female,1,12,Yes,Fiber optic,Two year,Credit card (automatic),109.24,1172.57,No
CUST-06621,Female,0,57,Yes,Fiber optic,One year,Electronic check,54.96,3128.77,No
CUST-06622,Female,0,18,Yes,No,One year,Electronic check,24.66,381.38,Yes
CUST-06623,Female,1,19,Yes,No,One year,Electronic check,98.44,1718.43,No
CUST-06624,Male,0,68,No,DSL,One year,Credit card (automatic),101.76,5907.25,No
CUST-06625,Female,0,33,Yes,Fiber optic,Two year,Mailed check,102.69,2972.18,No
CUST-06626,Male,0,24,No,No,Two year,Mailed check,36.56,820.91,No
CUST-06627,Male,0,29,No,DSL,One year,Electronic check,98.5,2627.86,No
CUST-06628,Female,0,4,Yes,DSL,Two year,Bank transfer (automatic),112.46,410.54,No
CUST-06629,Female,0,28,No,Fiber optic,Two year,Bank transfer (automatic),77.87,2019.85,No
CUST-06630,Female,0,37,Yes,Fiber optic,Month-to-month,Mailed check,20.2,650.37,No
CUST-06631,Male,1,58,Yes,No,One year,Mailed check,22.99,1241.18,No
CUST-06632,Male,0,51,Yes,DSL,One year,Mailed check,113.58,5060.7,No
CUST-06633,Male,0,53,No,No,One year,Electronic check,79.49,3683.6,No
CUST-06634,Male,0,30,Yes,Fiber optic,Two year,Credit card (automatic),53.18,1389.05,No
CUST-06635,Female,1,47,No,Fiber optic,Two year,Credit card (automatic),49.66,2081.04,No
CUST-06636,Male,0,66,Yes,Fiber optic,Month-to-month,Mailed check,112.04,6777.37,No
CUST-06637,Female,0,7,No,Fiber optic,One year,Electronic check,65.47,392.1,Yes
CUST-06638,Female,0,13,No,No,Month-to-month,Mailed check,119.85,1356.52,Yes
CUST-06639,Female,0,57,No,No,One year,Mailed check,25.18,1308.26,No
CUST-06640,Female,0,30,Yes,No,Two year,Credit card (automatic),52.23,1522.18,No
CUST-06641,Female,0,5,Yes,No,One year,Mailed check,112.34,512.5,No
CUST-06642,Male,0,20,Yes,Fiber optic,Two year,Electronic check,79.38,1556.77,No
CUST-06643,Female,0,48,No,No,One year,Credit card (automatic),25.55,1066.27,No
CUST-06644,Female,0,34,Yes,DSL,Month-to-month,Credit card (automatic),118.8,3677.4,Yes
CUST-06645,Female,0,58,Yes,Fiber optic,One year,Credit card (automatic),43.63,2357.55,No
CUST-06646,Female,0,44,Yes,No,One year,Credit card (automatic),81.62,3358.59,No
CUST-06647,Male,1,19,Yes,No,Month-to-month,Bank transfer (automatic),93.99,1672.94,Yes
CUST-06648,Male,0,54,No,Fiber optic,Month-to-month,Credit card (automatic),72.11,3611.46,No
CUST-06649,Male,0,22,No,Fiber optic,One year,Bank transfer (automatic),84.07,1746.62,No
CUST-06650,Female,0,70,No,DSL,Two year,Mailed check,56.76,3494.54,No
CUST-06651,Female,0,43,Yes,Fiber optic,Two year,Credit card (automatic),55.8,2082.09,Yes
CUST-06652,Male,0,35,Yes,Fiber optic,Month-to-month,Bank transfer (automatic),77.82,2645.11,Yes
CUST-06653,Female,0,60,Yes,No,Two year,Mailed check,89.29,5267.42,No
CUST-06654,Female,0,21,No,DSL,Two year,Mailed check,68.33,1289.31,No
CUST-06655,Female,0,42,No,Fiber optic,Month-to-month,Electronic check,63.49,2285.48,No
CUST-06656,Female,0,18,No,Fiber optic,Two year,Credit card (automatic),107.39,1913.16,No
CUST-06657,Male,0,70,Yes,DSL,Month-to-month,Electronic check,50.52,3124.97,No
CUST-06658,Male,1,25,No,DSL,One year,Mailed check,43.66,1059.04,No
CUST-06659,Male,0,1,Yes,No,Month-to-month,Electronic check,43.45,38.66,Yes
CUST-06660,Female,0,42,No,DSL,Month-to-month,Bank transfer (automatic),67.09,2811.56,Yes
CUST-06661,Female,0,26,No,No,Two year,Credit card (automatic),71.22,1613.12,No
CUST-06662,Male,0,59,Yes,No,Two year,Credit card (automatic),112.3,5807.57,No
CUST-06663,Male,0,33,No,No,Month-to-month,Bank transfer (automatic),35.32,1091.94,Yes
CUST-06664,Female,0,70,No,No,One year,Credit card (automatic),115.08,7129.19,No
CUST-06665,Female,0,25,Yes,DSL,Month-to-month,Bank transfer (automatic),91.61,2106.32,Yes
CUST-06666,Female,0,7,Yes,Fiber optic,Two year,Bank transfer (automatic),57.21,381.28,No
CUST-06667,Female,0,7,Yes,Fiber optic,Month-to-month,Bank transfer (automatic),107.99,711.86,Yes
CUST-06668,Male,0,59,Yes,Fiber optic,Two year,Electronic check,67.68,3844.2,No
CUST-06669,Female,0,28,No,No,Month-to-month,Bank transfer (automatic),74.35,1845.36,No
CUST-06670,Female,0,3,Yes,Fiber optic,Month-to-month,Credit card (automatic),48.99,146.28,No
CUST-06671,Female,0,10,No,DSL,One year,Electronic check,69.99,620.39,No
CUST-06672,Male,0,41,Yes,No,Month-to-month,Bank transfer (automatic),105.26,4064.83,No
CUST-06673,Female,1,4,Yes,No,One year,Electronic check,101.42,400.32,No
CUST-06674,Male,1,7,Yes,DSL,Month-to-month,Bank transfer (automatic),112.48,763.68,No
CUST-06675,Female,0,5,No,DSL,Two year,Mailed check,90.62,410.66,No
CUST-06676,Female,0,19,Yes,No,Two year,Bank transfer (automatic),53.33,1013.2,No
CUST-06677,Male,0,37,No,Fiber optic,Two year,Mailed check,48.65,1788.53,No
CUST-06678,Female,1,54,No,Fiber optic,One year,Mailed check,87.6,4670.11,No
CUST-06679,Male,0,60,Yes,DSL,Month-to-month,Electronic check,108.73,5588.13,No
CUST-06680,Female,0,46,Yes,Fiber optic,Month-to-month,Bank transfer (automatic),80.22,3636.29,No
CUST-06681,Male,0,29,No,No,One year,Bank transfer (automatic),39.15,974.86,No
CUST-06682,Male,0,25,Yes,Fiber optic,One year,Mailed check,35.24,761.51,No
CUST-06683,Male,0,36,Yes,No,One year,Electronic check,77.31,2554.75,No
CUST-06684,Male,1,17,Yes,No,Two year,Mailed check,92.02,1416.67,No
CUST-06685,Male,1,25,No,DSL,Month-to-month,Electronic check,61.9,1444.84,Yes
CUST-06686,Female,0,9,Yes,Fiber optic,Two year,Electronic check,84.23,732.82,No
CUST-06687,Male,1,18,No,DSL,Month-to-month,Mailed check,106.92,1839.57,Yes
CUST-06688,Male,1,52,No,No,Two year,Electronic check,40.16,1920.74,No
CUST-06689,Female,1,51,No,Fiber optic,One year,Electronic check,97.46,4382.38,Yes
CUST-06690,Male,0,48,Yes,No,One year,Mailed check,63.5,2678.3,No
CUST-06691,Female,0,3,No,No,One year,Bank transfer (automatic),76.51,204.48,No
CUST-06692,Male,0,7,Yes,Fiber optic,Two year,Electronic check,104.12,627.17,No
CUST-06693,Male,1,10,Yes,No,Month-to-month,Bank transfer (automatic),96.3,926.54,No
CUST-06694,Male,1,8,No,No,One year,Mailed check,109.4,864.33,No
CUST-06695,Male,1,31,No,No,One year,Credit card (automatic),79.66,2449.23,Yes
CUST-06696,Male,0,36,No,DSL,Month-to-month,Credit card (automatic),42.52,1372.91,No
CUST-06697,Female,0,23,No,Fiber optic,Month-to-month,Mailed check,80.14,1577.19,Yes
CUST-06698,Male,0,58,No,DSL,Two year,Mailed check,67.09,3582.56,No
CUST-06699,Female,0,33,No,No,Month-to-month,Electronic check,68.23,2075.71,Yes
CUST-06700,Female,0,18,Yes,DSL,Month-to-month,Mailed check,97.5,1711.41,No
CUST-06701,Male,0,70,No,Fiber optic,One year,Credit card (automatic),39.35,2548.2,No
CUST-06702,Male,0,12,Yes,DSL,One year,Electronic check,56.32,656.47,No
CUST-06703,Female,1,39,No,No,Two year,Mailed check,71.06,2628.77,No
CUST-06704,Female,0,16,Yes,DSL,Month-to-month,Bank transfer (automatic),64.31,891.18,Yes
CUST-06705,Female,0,65,No,No,Two year,Credit card (automatic),65.01,3841.92,No
CUST-06706,Male,0,56,Yes,DSL,One year,Mailed check,85.66,4752.48,No
CUST-06707,Male,0,39,Yes,Fiber optic,One year,Electronic check,57.31,2140.73,No
CUST-06708,Male,0,37,Yes,No,Two year,Bank transfer (automatic),27.41,923.3,No
CUST-06709,Male,1,14,No,No,One year,Credit card (automatic),24.35,318.27,No
CUST-06710,Female,0,52,No,DSL,One year,Bank transfer (automatic),67.86,3459.37,No
CUST-06711,Female,1,39,No,DSL,Two year,Electronic check,51.97,1838.81,No
CUST-06712,Male,0,59,No,Fiber optic,Two year,Credit card (automatic),117.2,6559.17,No
CUST-06713,Female,0,56,Yes,DSL,Two year,Mailed check,98.07,4794.29,No
CUST-06714,Male,0,34,No,No,Two year,Electronic check,112.57,3798.84,No
CUST-06715,Female,0,1,No,Fiber optic,Month-to-month,Mailed check,29.14,24.85,Yes
CUST-06716,Female,1,20,Yes,No,One year,Bank transfer (automatic),81.42,1481.07,No
CUST-06717,Female,0,66,Yes,No,One year,Credit card (automatic),116.61,6924.04,No
CUST-06718,Female,0,59,Yes,Fiber optic,One year,Electronic check,41.97,2430.95,No
CUST-06719,Male,0,32,Yes,Fiber optic,Two year,Credit card (automatic),107.87,2940.03,No
CUST-06720,Male,0,5,No,No,Two year,Bank transfer (automatic),29.3,125.36,No
CUST-06721,Female,0,54,No,No,Two year,Bank transfer (automatic),115.19,6041.42,No
CUST-06722,Male,0,37,Yes,No,Month-to-month,Electronic check,65.45,2385.45,No
CUST-06723,Female,1,28,No,Fiber optic,Two year,Credit card (automatic),78.32,1871.41,No
CUST-06724,Female,1,66,No,No,One year,Credit card (automatic),36.92,2121.76,No
CUST-06725,Male,0,15,No,No,Month-to-month,Electronic check,68.46,879.31,No
CUST-06726,Male,0,56,Yes,DSL,One year,Bank transfer (automatic),51.78,2775.86,No
CUST-06727,Female,0,56,No,Fiber optic,Two year,Bank transfer (automatic),31.95,1579.65,No
CUST-06728,Female,0,36,No,No,Month-to-month,Electronic check,106.21,3776.14,No
CUST-06729,Female,1,18,No,DSL,Month-to-month,Mailed check,39.82,617.63,Yes
CUST-06730,Female,0,8,Yes,Fiber optic,One year,Bank transfer (automatic),51.47,398.91,No
CUST-06731,Male,0,39,Yes,No,One year,Electronic check,42.27,1518.69,No
CUST-06732,Female,1,44,No,Fiber optic,One year,Bank transfer (automatic),42.7,1779.58,Yes
CUST-06733,Male,1,39,No,No,One year,Electronic check,21.28,747.85,No
CUST-06734,Male,1,55,Yes,Fiber optic,Two year,Mailed check,54.42,2773.64,No
CUST-06735,Male,0,24,No,Fiber optic,Month-to-month,Electronic check,39.14,858.81,No
CUST-06736,Male,0,55,Yes,Fiber optic,Two year,Mailed check,45.98,2428.81,No
CUST-06737,Male,1,61,Yes,DSL,Month-to-month,Electronic check,107.37,6224.42,No
CUST-06738,Male,0,60,Yes,No,One year,Bank transfer (automatic),104.76,5484.23,No
CUST-06739,Female,0,37,Yes,DSL,Two year,Mailed check,77.04,2725.74,No
CUST-06740,Female,0,33,Yes,No,Two year,Electronic check,70.55,1995.8,No
CUST-06741,Female,0,24,Yes,DSL,Two year,Bank transfer (automatic),70.15,1527.05,No
CUST-06742,Female,0,30,No,No,Month-to-month,Bank transfer (automatic),42.81,1225.17,No
CUST-06743,Male,1,5,No,No,One year,Mailed check,83.79,366.79,No
CUST-06744,Female,0,70,Yes,DSL,Two year,Electronic check,98.66,6280.36,No
CUST-06745,Female,0,28,No,No,Month-to-month,Electronic check,71.74,1871.18,No
CUST-06746,Male,0,53,No,DSL,Two year,Credit card (automatic),95.3,4996.83,No
CUST-06747,Female,1,54,No,DSL,Month-to-month,Mailed check,48.62,2562.22,Yes
CUST-06748,Female,0,53,No,DSL,Two year,Bank transfer (automatic),97.46,5125.08,No
CUST-06749,Female,0,6,No,Fiber optic,Month-to-month,Credit card (automatic),63.58,368.51,No
CUST-06750,Female,0,33,Yes,Fiber optic,Month-to-month,Credit card (automatic),113.34,3665.49,No
CUST-06751,Female,0,8,Yes,Fiber optic,One year,Credit card (automatic),91.65,629.64,No
CUST-06752,Female,1,69,No,No,Two year,Mailed check,78.45,4889.0,No
CUST-06753,Female,0,4,No,No,One year,Electronic check,68.15,263.59,No
CUST-06754,Female,0,5,No,No,Month-to-month,Electronic check,54.23,248.96,Yes
CUST-06755,Male,1,15,No,Fiber optic,One year,Electronic check,95.02,1400.46,No
CUST-06756,Female,0,55,No,Fiber optic,One year,Electronic check,118.9,5995.58,No
CUST-06757,Male,0,61,No,DSL,Month-to-month,Mailed check,75.74,4562.78,No
CUST-06758,Female,1,67,No,DSL,Month-to-month,Mailed check,115.23,7157.22,No
CUST-06759,Male,0,5,No,DSL,Month-to-month,Bank transfer (automatic),49.46,212.31,Yes
CUST-06760,Female,0,12,No,Fiber optic,One year,Credit card (automatic),46.87,513.01,No
CUST-06761,Male,0,69,Yes,Fiber optic,Month-to-month,Credit card (automatic),91.03,6064.91,No
CUST-06762,Male,0,15,No,Fiber optic,Two year,Electronic check,46.15,662.71,No
CUST-06763,Female,0,43,Yes,Fiber optic,One year,Bank transfer (automatic),34.81,1493.24,No
CUST-06764,Male,1,17,No,Fiber optic,One year,Mailed check,89.62,1324.51,No
CUST-06765,Male,0,71,Yes,Fiber optic,One year,Bank transfer (automatic),92.43,6255.65,No
CUST-06766,Female,0,15,No,No,Two year,Bank transfer (automatic),102.25,1313.41,No
CUST-06767,Male,0,14,Yes,DSL,One year,Bank transfer (automatic),39.0,478.2,No
CUST-06768,Female,1,68,No,Fiber optic,One year,Mailed check,56.39,3367.61,Yes
CUST-06769,Female,1,36,No,No,Two year,Credit card (automatic),104.13,3254.79,No
CUST-06770,Male,0,42,Yes,No,One year,Electronic check,27.7,1076.91,No
CUST-06771,Female,0,44,No,Fiber optic,Two year,Electronic check,69.55,2628.81,No
CUST-06772,Female,0,27,No,No,One year,Electronic check,39.49,977.96,No
CUST-06773,Male,0,23,No,DSL,Two year,Credit card (automatic),96.89,2140.33,No
CUST-06774,Female,0,44,No,DSL,One year,Bank transfer (automatic),46.4,1782.58,No
CUST-06775,Male,0,69,No,DSL,Month-to-month,Credit card (automatic),110.89,6814.26,Yes
CUST-06776,Female,0,46,No,DSL,Two year,Bank transfer (automatic),114.09,5026.98,No
CUST-06777,Female,0,65,Yes,DSL,One year,Bank transfer (automatic),81.52,4965.46,No
CUST-06778,Female,0,19,Yes,Fiber optic,One year,Bank transfer (automatic),65.97,1193.29,No
CUST-06779,Male,0,63,Yes,No,One year,Mailed check,109.88,6118.36,No
CUST-06780,Female,1,17,No,No,One year,Electronic check,55.07,829.07,No
CUST-06781,Male,0,14,Yes,No,Two year,Credit card (automatic),81.98,993.11,No
CUST-06782,Male,0,41,Yes,Fiber optic,Month-to-month,Bank transfer (automatic),21.43,757.77,No
CUST-06783,Female,0,54,No,No,Month-to-month,Electronic check,26.19,1406.67,No
CUST-06784,Female,0,19,Yes,DSL,Two year,Mailed check,21.28,402.4,No
CUST-06785,Male,1,44,No,Fiber optic,Two year,Mailed check,72.39,2781.02,No
CUST-06786,Female,1,11,Yes,Fiber optic,Month-to-month,Mailed check,33.64,343.13,Yes
CUST-06787,Male,0,6,No,DSL,Month-to-month,Electronic check,42.26,219.12,No
CUST-06788,Female,0,14,No,Fiber optic,Month-to-month,Bank transfer (automatic),118.02,1496.91,No
CUST-06789,Male,0,9,No,No,Two year,Mailed check,92.99,796.59,No
CUST-06790,Female,0,11,No,Fiber optic,Two year,Credit card (automatic),118.15,1286.92,No
CUST-06791,Male,1,14,No,Fiber optic,One year,Credit card (automatic),112.21,1563.16,No
CUST-06792,Male,0,32,No,No,Two year,Bank transfer (automatic),70.21,2161.25,No
CUST-06793,Female,0,25,No,No,One year,Mailed check,26.13,644.08,No
CUST-06794,Male,1,1,Yes,DSL,Month-to-month,Credit card (automatic),29.62,26.45,No
CUST-06795,Female,0,56,Yes,DSL,Month-to-month,Electronic check,88.53,4562.37,No
CUST-06796,Female,0,33,No,DSL,Two year,Credit card (automatic),62.91,1875.77,No
CUST-06797,Female,1,40,Yes,No,Month-to-month,Electronic check,37.25,1396.39,Yes
CUST-06798,Male,0,35,No,DSL,Two year,Mailed check,32.44,1060.17,No
CUST-06799,Female,0,46,Yes,DSL,One year,Bank transfer (automatic),63.15,2510.08,No
CUST-06800,Female,0,48,Yes,Fiber optic,Two year,Electronic check,41.11,1877.93,No
CUST-06801,Female,0,71,Yes,DSL,Month-to-month,Electronic check,119.4,7783.78,No
CUST-06802,Female,0,12,Yes,No,Two year,Bank transfer (automatic),68.36,780.37,No
CUST-06803,Male,0,13,Yes,Fiber optic,Two year,Mailed check,84.81,943.51,No
CUST-06804,Female,0,2,No,DSL,Two year,Bank transfer (automatic),91.2,180.78,No
CUST-06805,Male,0,16,No,Fiber optic,Month-to-month,Bank transfer (automatic),61.82,907.94,Yes
CUST-06806,Male,0,17,No,DSL,One year,Electronic check,34.69,568.64,No
CUST-06807,Female,0,24,No,Fiber optic,One year,Credit card (automatic),105.04,2220.43,No
CUST-06808,Male,0,69,Yes,DSL,Month-to-month,Mailed check,52.27,3382.58,No
CUST-06809,Female,0,72,Yes,No,Month-to-month,Electronic check,33.06,2342.3,No
CUST-06810,Female,0,49,Yes,No,Two year,Credit card (automatic),79.48,3627.14,No
CUST-06811,Male,0,15,No,DSL,Month-to-month,Credit card (automatic),62.42,870.0,No
CUST-06812,Male,0,43,No,Fiber optic,Two year,Credit card (automatic),86.72,3476.23,No
CUST-06813,Male,0,7,No,No,Two year,Bank transfer (automatic),84.53,505.71,No
CUST-06814,Female,0,15,No,Fiber optic,One year,Mailed check,58.69,865.3,No
CUST-06815,Male,0,3,No,Fiber optic,Month-to-month,Bank transfer (automatic),21.69,64.38,Yes
CUST-06816,Female,0,57,Yes,DSL,Two year,Bank transfer (automatic),42.59,2270.12,No
CUST-06817,Male,1,56,No,No,Two year,Bank transfer (automatic),99.85,4907.62,No
CUST-06818,Male,0,29,No,No,One year,Credit card (automatic),84.74,2222.26,No
CUST-06819,Female,1,28,No,No,Two year,Electronic check,23.44,572.07,No
CUST-06820,Female,0,41,No,DSL,Two year,Bank transfer (automatic),61.86,2351.02,No
CUST-06821,Male,0,54,Yes,No,Two year,Credit card (automatic),103.21,5248.28,No
CUST-06822,Male,0,63,No,No,Two year,Bank transfer (automatic),33.6,1993.82,No
CUST-06823,Female,1,29,Yes,Fiber optic,Month-to-month,Bank transfer (automatic),59.65,1693.12,No
CUST-06824,Female,0,18,No,DSL,Month-to-month,Electronic check,109.66,1900.86,No
CUST-06825,Male,0,71,Yes,Fiber optic,One year,Electronic check,101.94,6270.7,No
CUST-06826,Male,1,6,No,DSL,Month-to-month,Electronic check,91.43,470.6,No
CUST-06827,Male,0,71,Yes,No,Two year,Electronic check,64.39,3940.4,No
CUST-06828,Male,0,36,No,Fiber optic,Month-to-month,Credit card (automatic),62.63,2111.8,No
CUST-06829,Female,0,22,Yes,No,One year,Mailed check,23.84,460.66,No
CUST-06830,Female,0,32,No,DSL,Month-to-month,Bank transfer (automatic),80.91,2424.09,Yes
CUST-06831,Female,0,13,Yes,Fiber optic,One year,Credit card (automatic),70.09,778.29,No
CUST-06832,Male,0,64,No,Fiber optic,Month-to-month,Credit card (automatic),47.73,2659.72,No
CUST-06833,Male,1,26,No,No,One year,Electronic check,117.78,2642.05,No
CUST-06834,Female,0,22,No,No,One year,Electronic check,73.96,1399.26,No
CUST-06835,Female,1,9,Yes,Fiber optic,One year,Electronic check,101.65,834.57,No
CUST-06836,Female,0,4,Yes,No,Month-to-month,Electronic check,57.94,229.68,Yes
CUST-06837,Male,0,56,Yes,No,Month-to-month,Credit card (automatic),101.04,4949.72,No
CUST-06838,Female,1,42,No,DSL,One year,Bank transfer (automatic),67.58,2683.63,Yes
CUST-06839,Female,0,49,Yes,Fiber optic,Two year,Electronic check,118.83,5126.99,No
CUST-06840,Male,0,9,Yes,DSL,Two year,Mailed check,70.87,635.53,No
CUST-06841,Female,1,46,No,DSL,Two year,Mailed check,96.82,3840.78,No
CUST-06842,Male,0,38,No,DSL,Two year,Bank transfer (automatic),64.63,2273.04,No
CUST-06843,Male,1,64,No,DSL,One year,Electronic check,34.44,1949.17,No
CUST-06844,Male,0,14,No,No,One year,Electronic check,107.47,1473.44,Yes
CUST-06845,Female,0,19,Yes,Fiber optic,Month-to-month,Bank transfer (automatic),97.79,1676.78,No
CUST-06846,Male,0,31,No,DSL,Month-to-month,Credit card (automatic),26.09,714.48,Yes
CUST-06847,Female,0,41,No,DSL,Month-to-month,Electronic check,69.99,2865.59,Yes
CUST-06848,Female,0,18,Yes,DSL,Two year,Electronic check,60.96,952.37,No
CUST-06849,Male,0,3,No,Fiber optic,Month-to-month,Credit card (automatic),30.55,88.36,Yes
CUST-06850,Male,0,49,Yes,Fiber optic,One year,Credit card (automatic),86.9,4179.21,No
CUST-06851,Male,0,9,No,Fiber optic,Two year,Electronic check,64.3,578.44,No
CUST-06852,Female,0,48,No,No,Month-to-month,Mailed check,46.59,2089.16,No
CUST-06853,Male,0,41,Yes,DSL,Month-to-month,Bank transfer (automatic),107.13,4191.93,No
CUST-06854,Male,0,28,No,No,Month-to-month,Electronic check,51.76,1359.06,No
CUST-06855,Male,0,45,No,No,Month-to-month,Bank transfer (automatic),68.8,2813.51,No
CUST-06856,Female,0,29,Yes,DSL,Two year,Electronic check,60.33,1564.87,No
CUST-06857,Male,0,12,Yes,No,Month-to-month,Credit card (automatic),119.92,1375.27,No
CUST-06858,Male,0,36,No,No,Month-to-month,Mailed check,55.19,1740.06,Yes
CUST-06859,Male,0,38,No,Fiber optic,Month-to-month,Bank transfer (automatic),54.06,1829.82,No
CUST-06860,Female,0,62,No,DSL,Month-to-month,Credit card (automatic),96.15,5676.14,No
CUST-06861,Female,0,66,No,DSL,Month-to-month,Mailed check,114.41,6737.74,No
CUST-06862,Male,0,53,Yes,Fiber optic,One year,Mailed check,31.44,1620.32,No
CUST-06863,Female,0,29,Yes,Fiber optic,One year,Electronic check,25.31,728.88,No
CUST-06864,Female,0,16,No,DSL,One year,Bank transfer (automatic),34.0,507.52,No
CUST-06865,Female,0,32,Yes,DSL,Month-to-month,Electronic check,48.49,1323.55,No
CUST-06866,Male,0,40,No,No,Two year,Mailed check,80.34,2966.55,No
CUST-06867,Male,0,66,No,DSL,One year,Credit card (automatic),92.68,6107.07,No
CUST-06868,Male,0,65,No,No,One year,Credit card (automatic),78.12,4794.11,No
CUST-06869,Female,1,1,Yes,Fiber optic,Month-to-month,Credit card (automatic),41.76,37.47,No
CUST-06870,Male,1,72,No,DSL,Two year,Electronic check,70.17,4368.22,No
CUST-06871,Male,0,31,Yes,No,Two year,Credit card (automatic),92.17,2820.71,No
CUST-06872,Female,0,40,Yes,DSL,Month-to-month,Electronic check,21.81,843.23,No
CUST-06873,Female,0,64,No,No,One year,Mailed check,40.08,2408.95,No
CUST-06874,Female,0,35,No,No,One year,Mailed check,48.28,1592.5,No
CUST-06875,Female,0,7,No,Fiber optic,Month-to-month,Electronic check,112.51,767.97,Yes
CUST-06876,Female,0,53,No,No,Month-to-month,Credit card (automatic),83.63,3964.61,No
CUST-06877,Female,0,7,Yes,No,One year,Electronic check,109.2,704.75,Yes
CUST-06878,Female,0,29,Yes,DSL,Month-to-month,Mailed check,46.67,1211.64,Yes
CUST-06879,Female,1,11,No,No,Two year,Credit card (automatic),79.09,763.92,No
CUST-06880,Female,0,20,Yes,No,One year,Electronic check,99.69,1728.33,No
CUST-06881,Female,0,29,Yes,Fiber optic,Two year,Mailed check,47.98,1294.26,No
CUST-06882,Male,0,53,Yes,Fiber optic,Two year,Bank transfer (automatic),47.14,2424.29,No
CUST-06883,Male,0,31,Yes,DSL,One year,Bank transfer (automatic),102.37,3037.34,Yes
CUST-06884,Male,0,7,Yes,Fiber optic,Month-to-month,Electronic check,58.65,407.09,Yes
CUST-06885,Male,0,53,Yes,Fiber optic,Two year,Bank transfer (automatic),110.92,5106.83,No
CUST-06886,Female,0,63,No,Fiber optic,Month-to-month,Credit card (automatic),111.5,6775.3,Yes
CUST-06887,Female,1,44,Yes,Fiber optic,One year,Electronic check,79.86,3157.77,No
CUST-06888,Female,1,54,Yes,No,Two year,Credit card (automatic),88.01,4177.59,No
CUST-06889,Male,0,30,No,Fiber optic,Two year,Electronic check,99.89,2962.67,No
CUST-06890,Female,0,65,No,No,Two year,Electronic check,54.27,3368.45,No
CUST-06891,Female,1,67,No,Fiber optic,Month-to-month,Electronic check,41.53,2425.9,No
CUST-06892,Male,0,30,No,DSL,Month-to-month,Electronic check,36.35,1020.23,No
CUST-06893,Male,0,8,No,Fiber optic,One year,Credit card (automatic),22.01,162.19,No
CUST-06894,Male,0,66,No,DSL,Two year,Bank transfer (automatic),22.66,1307.08,No
CUST-06895,Female,0,28,Yes,DSL,Two year,Electronic check,73.23,1868.12,No
CUST-06896,Male,0,12,Yes,DSL,Two year,Electronic check,69.12,754.68,No
CUST-06897,Male,0,3,No,DSL,Month-to-month,Electronic check,36.88,100.52,Yes
CUST-06898,Female,1,56,Yes,DSL,Month-to-month,Credit card (automatic),117.7,5808.67,No
CUST-06899,Female,0,8,Yes,No,Two year,Credit card (automatic),117.76,905.11,Yes
CUST-06900,Male,0,17,No,No,Month-to-month,Credit card (automatic),78.44,1151.98,No
CUST-06901,Female,0,45,Yes,Fiber optic,One year,Mailed check,46.64,1878.86,No
CUST-06902,Male,0,71,Yes,No,Two year,Bank transfer (automatic),22.26,1368.25,No
CUST-06903,Male,0,29,Yes,Fiber optic,One year,Electronic check,66.57,1727.01,Yes
CUST-06904,Male,0,44,No,No,One year,Bank transfer (automatic),83.59,3264.7,Yes
CUST-06905,Female,0,59,Yes,Fiber optic,One year,Credit card (automatic),57.63,3389.59,No
CUST-06906,Male,0,11,Yes,DSL,One year,Bank transfer (automatic),85.17,862.07,No
CUST-06907,Male,0,15,No,No,One year,Mailed check,28.5,370.07,No
CUST-06908,Female,0,51,Yes,Fiber optic,Month-to-month,Mailed check,82.63,4123.17,No
CUST-06909,Male,0,55,Yes,No,Month-to-month,Electronic check,39.21,2091.29,No
CUST-06910,Female,0,20,Yes,No,Month-to-month,Mailed check,73.53,1443.64,Yes
CUST-06911,Male,1,40,No,Fiber optic,Month-to-month,Credit card (automatic),36.1,1370.24,Yes
CUST-06912,Female,0,60,Yes,DSL,One year,Credit card (automatic),49.92,2719.54,No
CUST-06913,Male,0,46,Yes,DSL,Month-to-month,Electronic check,74.31,3095.67,No
CUST-06914,Female,0,62,No,No,Two year,Mailed check,58.51,3444.57,No
CUST-06915,Female,1,2,Yes,DSL,Two year,Electronic check,46.19,80.95,No
CUST-06916,Male,0,64,Yes,No,Two year,Credit card (automatic),66.72,3967.89,No
CUST-06917,Male,1,45,No,No,Month-to-month,Electronic check,117.98,4857.28,No
CUST-06918,Male,0,47,No,No,One year,Mailed check,51.56,2355.69,No
CUST-06919,Female,0,66,No,Fiber optic,One year,Credit card (automatic),24.28,1363.83,No
CUST-06920,Female,0,51,No,DSL,Two year,Electronic check,82.92,3805.77,No
CUST-06921,Male,0,9,Yes,Fiber optic,One year,Credit card (automatic),23.97,202.76,No
CUST-06922,Female,0,71,No,Fiber optic,Two year,Mailed check,28.83,1954.94,No
CUST-06923,Female,0,63,No,Fiber optic,Two year,Mailed check,112.01,6767.88,No
CUST-06924,Female,0,51,Yes,DSL,Month-to-month,Mailed check,93.81,4641.82,No
CUST-06925,Female,0,9,No,DSL,Month-to-month,Credit card (automatic),85.13,702.81,No
CUST-06926,Female,0,37,No,DSL,Two year,Bank transfer (automatic),63.39,2316.98,No
CUST-06927,Male,0,48,Yes,Fiber optic,Two year,Credit card (automatic),36.78,1530.03,No
CUST-06928,Female,1,59,Yes,Fiber optic,One year,Credit card (automatic),22.7,1171.03,No
CUST-06929,Male,0,21,Yes,Fiber optic,Two year,Electronic check,76.58,1483.45,No
CUST-06930,Female,0,56,Yes,No,Two year,Credit card (automatic),97.64,4793.92,No
CUST-06931,Male,0,12,No,No,Two year,Credit card (automatic),58.94,687.63,No
CUST-06932,Male,0,47,Yes,DSL,One year,Electronic check,109.56,4959.08,No
CUST-06933,Female,0,47,Yes,No,One year,Electronic check,55.29,2326.36,No
CUST-06934,Male,0,62,No,Fiber optic,One year,Bank transfer (automatic),108.09,6367.89,No
CUST-06935,Female,1,45,No,DSL,Month-to-month,Credit card (automatic),112.6,4524.87,No
CUST-06936,Male,0,17,No,No,One year,Mailed check,21.04,309.42,No
CUST-06937,Female,0,13,Yes,DSL,One year,Credit card (automatic),60.69,719.43,No
CUST-06938,Female,0,61,Yes,DSL,Two year,Electronic check,111.52,5811.51,No
CUST-06939,Male,0,66,Yes,DSL,Month-to-month,Mailed check,53.91,3090.55,No
CUST-06940,Female,1,12,No,DSL,Month-to-month,Credit card (automatic),108.68,1195.62,No
CUST-06941,Female,0,39,Yes,No,One year,Mailed check,33.88,1163.77,No
CUST-06942,Female,0,46,No,DSL,Two year,Bank transfer (automatic),46.0,1884.75,No
CUST-06943,Male,0,14,No,DSL,Month-to-month,Credit card (automatic),37.85,482.54,Yes
CUST-06944,Female,1,50,Yes,Fiber optic,One year,Mailed check,67.29,3093.85,No
CUST-06945,Male,0,7,No,DSL,Month-to-month,Credit card (automatic),57.46,346.05,Yes
CUST-06946,Male,0,12,No,DSL,Two year,Electronic check,78.08,885.55,No
CUST-06947,Male,0,67,Yes,DSL,One year,Electronic check,99.2,6066.14,No
CUST-06948,Female,0,69,No,DSL,Month-to-month,Mailed check,99.08,6322.49,No
CUST-06949,Male,0,38,No,DSL,Month-to-month,Mailed check,105.85,4017.2,Yes
CUST-06950,Female,1,9,Yes,Fiber optic,Two year,Mailed check,61.65,509.81,No
CUST-06951,Male,0,60,No,No,Two year,Credit card (automatic),117.92,6664.77,No
CUST-06952,Female,0,50,Yes,DSL,Two year,Electronic check,65.3,3122.93,No
CUST-06953,Female,0,47,No,No,Month-to-month,Credit card (automatic),63.92,2689.29,No
CUST-06954,Female,0,5,No,No,Two year,Bank transfer (automatic),91.93,451.56,No
CUST-06955,Male,0,18,Yes,Fiber optic,Month-to-month,Bank transfer (automatic),90.66,1448.15,No
CUST-06956,Male,0,63,Yes,Fiber optic,Two year,Electronic check,55.69,3007.93,No
CUST-06957,Female,0,64,Yes,No,Month-to-month,Bank transfer (automatic),45.33,2897.48,No
CUST-06958,Male,0,13,No,Fiber optic,Two year,Credit card (automatic),98.96,1208.83,No
CUST-06959,Male,0,59,No,Fiber optic,Month-to-month,Bank transfer (automatic),65.88,3776.23,No
CUST-06960,Male,1,5,Yes,Fiber optic,Two year,Credit card (automatic),100.97,453.16,No
CUST-06961,Female,0,34,No,No,Two year,Credit card (automatic),97.29,2925.26,No
CUST-06962,Male,0,63,Yes,Fiber optic,One year,Bank transfer (automatic),54.62,3114.58,No
CUST-06963,Male,0,38,Yes,No,Month-to-month,Bank transfer (automatic),42.84,1576.98,Yes
CUST-06964,Female,0,9,No,DSL,One year,Credit card (automatic),89.5,801.82,No
CUST-06965,Female,0,27,Yes,Fiber optic,One year,Credit card (automatic),71.77,1904.05,No
CUST-06966,Female,1,45,Yes,No,One year,Bank transfer (automatic),107.27,4657.44,No
CUST-06967,Female,0,2,No,DSL,Month-to-month,Electronic check,20.62,36.21,Yes
CUST-06968,Female,0,45,No,DSL,Month-to-month,Mailed check,41.46,1823.56,Yes
CUST-06969,Male,1,3,Yes,No,One year,Mailed check,98.23,261.15,No
CUST-06970,Female,1,2,No,No,One year,Credit card (automatic),78.53,154.39,No
CUST-06971,Female,0,41,Yes,Fiber optic,Two year,Bank transfer (automatic),95.14,3721.94,No
CUST-06972,Male,1,60,Yes,DSL,Two year,Credit card (automatic),85.65,4980.57,No
CUST-06973,Female,0,23,No,Fiber optic,Two year,Electronic check,97.6,2078.86,No
CUST-06974,Female,0,69,Yes,DSL,One year,Bank transfer (automatic),29.72,2001.7,No
CUST-06975,Female,0,68,No,No,Month-to-month,Electronic check,115.23,7191.06,No
CUST-06976,Male,0,58,Yes,DSL,Month-to-month,Bank transfer (automatic),37.35,2114.55,No
CUST-06977,Male,0,10,Yes,DSL,One year,Bank transfer (automatic),116.61,1126.24,No
CUST-06978,Female,0,50,Yes,DSL,Month-to-month,Electronic check,39.38,1732.03,No
CUST-06979,Female,0,11,No,Fiber optic,One year,Electronic check,95.01,921.52,Yes
CUST-06980,Female,0,45,No,DSL,Month-to-month,Electronic check,88.83,3644.51,Yes
CUST-06981,Male,0,38,No,Fiber optic,Two year,Bank transfer (automatic),69.95,2413.42,No
CUST-06982,Male,0,9,Yes,DSL,Month-to-month,Credit card (automatic),25.75,201.77,No
CUST-06983,Male,0,37,Yes,DSL,Two year,Credit card (automatic),65.99,2315.06,No
CUST-06984,Male,1,67,No,No,One year,Mailed check,108.91,6881.91,No
CUST-06985,Male,0,22,Yes,No,One year,Mailed check,103.48,2179.67,No
CUST-06986,Male,0,60,No,DSL,One year,Bank transfer (automatic),114.56,5852.09,No
CUST-06987,Male,0,36,Yes,DSL,One year,Electronic check,69.5,2436.58,No
CUST-06988,Female,0,31,No,Fiber optic,One year,Bank transfer (automatic),42.03,1198.12,No
CUST-06989,Male,0,22,Yes,No,Two year,Mailed check,67.05,1339.92,No
CUST-06990,Male,0,31,No,DSL,One year,Electronic check,84.41,2478.46,No
CUST-06991,Female,0,67,No,Fiber optic,Two year,Credit card (automatic),118.42,7714.27,No
CUST-06992,Female,1,38,Yes,No,Two year,Mailed check,98.15,3453.21,No
CUST-06993,Female,0,32,Yes,DSL,One year,Electronic check,71.68,2204.79,No
CUST-06994,Female,1,68,No,Fiber optic,Month-to-month,Credit card (automatic),80.65,5319.04,Yes
CUST-06995,Male,0,43,No,DSL,Two year,Electronic check,109.92,4321.14,No
CUST-06996,Male,0,61,No,No,One year,Credit card (automatic),45.21,2562.76,No
CUST-06997,Female,0,44,No,No,One year,Mailed check,116.24,4418.5,No
CUST-06998,Male,0,54,Yes,DSL,Two year,Mailed check,111.93,6016.4,No
CUST-06999,Female,1,28,Yes,No,Two year,Electronic check,100.96,2532.01,No
CUST-07000,Female,0,20,Yes,No,Month-to-month,Bank transfer (automatic),47.87,876.53,No
CUST-07001,Female,1,53,Yes,No,Month-to-month,Bank transfer (automatic),30.1,1381.66,No
CUST-07002,Female,0,60,Yes,DSL,One year,Electronic check,74.76,4197.86,No
CUST-07003,Male,0,24,Yes,Fiber optic,Month-to-month,Credit card (automatic),83.34,1779.16,No
CUST-07004,Female,0,27,Yes,No,One year,Mailed check,73.67,1844.85,No
CUST-07005,Male,0,9,No,No,One year,Mailed check,23.08,201.97,No
CUST-07006,Female,0,62,No,No,Month-to-month,Bank transfer (automatic),38.1,2281.86,No
CUST-07007,Male,0,1,Yes,Fiber optic,Two year,Electronic check,99.22,88.25,No
CUST-07008,Male,0,52,Yes,Fiber optic,Two year,Credit card (automatic),33.77,1669.12,No
CUST-07009,Female,0,16,No,No,Month-to-month,Credit card (automatic),100.81,1415.72,No
CUST-07010,Female,0,18,No,DSL,Month-to-month,Credit card (automatic),95.47,1503.87,Yes
CUST-07011,Female,1,67,No,No,Two year,Mailed check,92.11,5432.58,No
CUST-07012,Male,1,37,No,No,Two year,Bank transfer (automatic),43.51,1576.47,No
CUST-07013,Female,1,13,Yes,Fiber optic,One year,Bank transfer (automatic),38.38,474.44,No
CUST-07014,Female,0,6,No,DSL,Two year,Mailed check,40.62,224.79,No
CUST-07015,Male,0,11,Yes,DSL,Two year,Bank transfer (automatic),34.64,334.9,No
CUST-07016,Male,0,23,No,Fiber optic,One year,Mailed check,78.9,1732.91,No
CUST-07017,Male,0,45,Yes,No,Two year,Credit card (automatic),82.92,3647.79,No
CUST-07018,Female,0,50,Yes,No,Month-to-month,Mailed check,70.39,3111.65,No
CUST-07019,Female,0,48,No,DSL,One year,Credit card (automatic),49.2,2235.94,No
CUST-07020,Male,0,22,Yes,Fiber optic,One year,Electronic check,103.25,2179.39,No
CUST-07021,Male,0,52,No,No,One year,Bank transfer (automatic),59.95,2722.78,No
CUST-07022,Female,0,51,No,DSL,Two year,Bank transfer (automatic),101.22,4759.07,No
CUST-07023,Male,0,27,No,DSL,One year,Electronic check,99.48,2329.71,No
CUST-07024,Male,0,50,Yes,No,One year,Bank transfer (automatic),66.28,2873.32,Yes
CUST-07025,Male,0,14,No,DSL,Two year,Mailed check,66.25,897.7,Yes
CUST-07026,Male,0,40,Yes,No,One year,Bank transfer (automatic),68.67,2508.36,No
CUST-07027,Female,0,4,No,DSL,Two year,Electronic check,33.83,127.15,No
CUST-07028,Male,0,69,No,DSL,Two year,Mailed check,96.7,5685.32,No
CUST-07029,Male,0,17,No,DSL,Month-to-month,Mailed check,24.22,404.81,No
CUST-07030,Male,1,51,Yes,Fiber optic,Two year,Mailed check,43.91,2004.99,No
CUST-07031,Male,0,18,No,DSL,Month-to-month,Bank transfer (automatic),84.29,1377.21,Yes
CUST-07032,Female,0,57,No,Fiber optic,One year,Credit card (automatic),100.67,4901.73,No
CUST-07033,Female,0,27,Yes,DSL,Month-to-month,Mailed check,67.85,1740.82,No
CUST-07034,Female,0,13,No,DSL,Two year,Electronic check,80.49,929.85,No
CUST-07035,Male,0,48,No,No,Two year,Electronic check,102.11,4267.16,No
CUST-07036,Female,0,62,No,Fiber optic,Two year,Credit card (automatic),59.48,3411.3,No
CUST-07037,Female,1,15,No,DSL,Two year,Bank transfer (automatic),25.95,367.22,No
CUST-07038,Female,0,14,Yes,Fiber optic,Two year,Electronic check,76.98,1072.25,Yes
CUST-07039,Male,0,51,Yes,DSL,Two year,Electronic check,21.47,1009.31,No
CUST-07040,Male,0,2,No,No,One year,Credit card (automatic),105.05,194.73,No
CUST-07041,Male,0,13,No,DSL,One year,Mailed check,45.6,513.38,No
CUST-07042,Male,0,3,No,Fiber optic,One year,Mailed check,53.47,156.06,No
CUST-07043,Male,0,52,Yes,No,Two year,Credit card (automatic),119.23,5724.26,No
